{
  "block_id": 15,
  "processed_at": "2025-12-24T15:17:45.028221",
  "execution_time_seconds": 0.014258,
  "total_coins": 1,
  "successful_coins": 1,
  "failed_coins": 0,
  "signals_generated": 0,
  "results": [
    {
      "coin_id": 1253,
      "symbol": "PYTHUSDT",
      "status": "completed",
      "analysis": {
        "current_price": 0.0571,
        "rsi": null,
        "macd": null,
        "ma_7": null,
        "ma_25": null,
        "volume": 0.0,
        "price_change": 0.0,
        "signal": "HOLD",
        "confidence": 0.5,
        "price_change_percent": 0.0
      },
      "saved": false,
      "candles_analyzed": 50
    }
  ]
}