{
  "block_id": 4,
  "processed_at": "2025-12-24T15:02:43.708256",
  "execution_time_seconds": 0.462461,
  "total_coins": 49,
  "successful_coins": 46,
  "failed_coins": 3,
  "signals_generated": 13,
  "results": [
    {
      "coin_id": 1559,
      "symbol": "ENJUSDT",
      "status": "completed",
      "analysis": {
        "current_price": 0.02665,
        "rsi": 55.0,
        "macd": null,
        "ma_7": 0.026675714285714285,
        "ma_25": 0.0266724,
        "volume": 10588.4,
        "price_change": 0.0,
        "signal": "HOLD",
        "confidence": 0.5,
        "price_change_percent": 0.0
      },
      "saved": false,
      "candles_analyzed": 50
    },
    {
      "coin_id": 2013,
      "symbol": "NKNUSDT",
      "status": "completed",
      "analysis": {
        "current_price": 0.0114,
        "rsi": 55.0,
        "macd": null,
        "ma_7": 0.011428571428571427,
        "ma_25": 0.011456000000000004,
        "volume": 17251.0,
        "price_change": 0.0,
        "signal": "SELL",
        "confidence": 0.7,
        "price_change_percent": 0.0,
        "reason": "روند نزولی قوی"
      },
      "saved": false,
      "candles_analyzed": 50
    },
    {
      "coin_id": 1170,
      "symbol": "ASTERUSDT",
      "status": "completed",
      "analysis": {
        "current_price": 0.675,
        "rsi": null,
        "macd": null,
        "ma_7": null,
        "ma_25": null,
        "volume": 104669.58,
        "price_change": 0.0010000000000000009,
        "signal": "HOLD",
        "confidence": 0.5,
        "price_change_percent": 0.14836795252225532
      },
      "saved": false,
      "candles_analyzed": 50
    },
    {
      "coin_id": 1603,
      "symbol": "LSKUSDT",
      "status": "completed",
      "analysis": {
        "current_price": 0.194,
        "rsi": 55.0,
        "macd": null,
        "ma_7": 0.19371428571428573,
        "ma_25": 0.19403999999999993,
        "volume": 3092.6,
        "price_change": 0.0010000000000000009,
        "signal": "HOLD",
        "confidence": 0.5,
        "price_change_percent": 0.5181347150259072
      },
      "saved": false,
      "candles_analyzed": 50
    },
    {
      "coin_id": 2004,
      "symbol": "LAZIOUSDT",
      "status": "completed",
      "analysis": {
        "current_price": 0.957,
        "rsi": 55.0,
        "macd": null,
        "ma_7": 0.9554285714285714,
        "ma_25": 0.9571200000000001,
        "volume": 301.17,
        "price_change": 0.0020000000000000018,
        "signal": "HOLD",
        "confidence": 0.5,
        "price_change_percent": 0.2094240837696337
      },
      "saved": false,
      "candles_analyzed": 50
    },
    {
      "coin_id": 2011,
      "symbol": "TKOUSDT",
      "status": "completed",
      "analysis": {
        "current_price": 0.079,
        "rsi": 55.0,
        "macd": null,
        "ma_7": 0.07915714285714286,
        "ma_25": 0.07925199999999996,
        "volume": 4910.6,
        "price_change": 0.0,
        "signal": "SELL",
        "confidence": 0.7,
        "price_change_percent": 0.0,
        "reason": "روند نزولی قوی"
      },
      "saved": false,
      "candles_analyzed": 50
    },
    {
      "coin_id": 1981,
      "symbol": "STGUSDT",
      "status": "completed",
      "analysis": {
        "current_price": 0.1089,
        "rsi": 55.0,
        "macd": null,
        "ma_7": 0.10907142857142858,
        "ma_25": 0.10922000000000001,
        "volume": 870.5,
        "price_change": -0.00010000000000000286,
        "signal": "SELL",
        "confidence": 0.7,
        "price_change_percent": -0.09174311926605767,
        "reason": "روند نزولی قوی"
      },
      "saved": false,
      "candles_analyzed": 50
    },
    {
      "coin_id": 1950,
      "symbol": "JUVUSDT",
      "status": "completed",
      "analysis": {
        "current_price": 0.725,
        "rsi": 55.0,
        "macd": null,
        "ma_7": 0.7234285714285713,
        "ma_25": 0.7251200000000001,
        "volume": 1907.99,
        "price_change": 0.0020000000000000018,
        "signal": "HOLD",
        "confidence": 0.5,
        "price_change_percent": 0.27662517289073335
      },
      "saved": false,
      "candles_analyzed": 50
    },
    {
      "coin_id": 2040,
      "symbol": "SYNUSDT",
      "status": "completed",
      "analysis": {
        "current_price": 0.0482,
        "rsi": 55.0,
        "macd": null,
        "ma_7": 0.04817142857142857,
        "ma_25": 0.048316000000000005,
        "volume": 2827.2,
        "price_change": 0.0,
        "signal": "HOLD",
        "confidence": 0.5,
        "price_change_percent": 0.0
      },
      "saved": false,
      "candles_analyzed": 50
    },
    {
      "coin_id": 1680,
      "symbol": "CHRUSDT",
      "status": "completed",
      "analysis": {
        "current_price": 0.0396,
        "rsi": 55.0,
        "macd": null,
        "ma_7": 0.03961428571428572,
        "ma_25": 0.039575999999999986,
        "volume": 5437.0,
        "price_change": 0.0,
        "signal": "HOLD",
        "confidence": 0.5,
        "price_change_percent": 0.0
      },
      "saved": false,
      "candles_analyzed": 50
    },
    {
      "coin_id": 1624,
      "symbol": "POWRUSDT",
      "status": "completed",
      "analysis": {
        "current_price": 0.0767,
        "rsi": 55.0,
        "macd": null,
        "ma_7": 0.07662857142857142,
        "ma_25": 0.07667199999999999,
        "volume": 0.0,
        "price_change": 0.0,
        "signal": "HOLD",
        "confidence": 0.5,
        "price_change_percent": 0.0
      },
      "saved": false,
      "candles_analyzed": 50
    },
    {
      "coin_id": 1581,
      "symbol": "UXPLUSDT",
      "status": "failed",
      "reason": "no_data"
    },
    {
      "coin_id": 1162,
      "symbol": "OKBUSDT",
      "status": "failed",
      "reason": "no_data"
    },
    {
      "coin_id": 1660,
      "symbol": "AVICIUSDT",
      "status": "failed",
      "reason": "no_data"
    },
    {
      "coin_id": 1652,
      "symbol": "LQTYUSDT",
      "status": "completed",
      "analysis": {
        "current_price": 0.385,
        "rsi": 55.0,
        "macd": null,
        "ma_7": 0.38485714285714284,
        "ma_25": 0.38632,
        "volume": 0.0,
        "price_change": 0.0,
        "signal": "HOLD",
        "confidence": 0.5,
        "price_change_percent": 0.0
      },
      "saved": false,
      "candles_analyzed": 50
    },
    {
      "coin_id": 1325,
      "symbol": "KITEUSDT",
      "status": "completed",
      "analysis": {
        "current_price": 0.0845,
        "rsi": null,
        "macd": null,
        "ma_7": null,
        "ma_25": null,
        "volume": 0.0,
        "price_change": 0.0,
        "signal": "HOLD",
        "confidence": 0.5,
        "price_change_percent": 0.0
      },
      "saved": false,
      "candles_analyzed": 50
    },
    {
      "coin_id": 1126,
      "symbol": "ETHUSDT",
      "status": "completed",
      "analysis": {
        "current_price": 2921.76,
        "rsi": null,
        "macd": null,
        "ma_7": null,
        "ma_25": null,
        "volume": 2.1069,
        "price_change": -0.009999999999763531,
        "signal": "HOLD",
        "confidence": 0.5,
        "price_change_percent": -0.0003422582886320118
      },
      "saved": false,
      "candles_analyzed": 50
    },
    {
      "coin_id": 1676,
      "symbol": "AUCTIONUSDT",
      "status": "completed",
      "analysis": {
        "current_price": 4.88,
        "rsi": 55.0,
        "macd": null,
        "ma_7": 4.8757142857142854,
        "ma_25": 4.8732,
        "volume": 0.0,
        "price_change": 0.0,
        "signal": "BUY",
        "confidence": 0.7,
        "price_change_percent": 0.0,
        "reason": "روند صعودی قوی"
      },
      "saved": false,
      "candles_analyzed": 50
    },
    {
      "coin_id": 2033,
      "symbol": "ANKRUSDT",
      "status": "completed",
      "analysis": {
        "current_price": 0.00618,
        "rsi": 55.0,
        "macd": null,
        "ma_7": 0.006181428571428571,
        "ma_25": 0.006183999999999999,
        "volume": 0.0,
        "price_change": 0.0,
        "signal": "SELL",
        "confidence": 0.7,
        "price_change_percent": 0.0,
        "reason": "روند نزولی قوی"
      },
      "saved": false,
      "candles_analyzed": 50
    },
    {
      "coin_id": 1224,
      "symbol": "FETUSDT",
      "status": "completed",
      "analysis": {
        "current_price": 0.2035,
        "rsi": null,
        "macd": null,
        "ma_7": null,
        "ma_25": null,
        "volume": 5491.0,
        "price_change": 0.0,
        "signal": "HOLD",
        "confidence": 0.5,
        "price_change_percent": 0.0
      },
      "saved": false,
      "candles_analyzed": 50
    },
    {
      "coin_id": 1479,
      "symbol": "NMRUSDT",
      "status": "completed",
      "analysis": {
        "current_price": 9.02,
        "rsi": 55.0,
        "macd": null,
        "ma_7": 9.024285714285712,
        "ma_25": 9.0324,
        "volume": 0.0,
        "price_change": 0.0,
        "signal": "SELL",
        "confidence": 0.7,
        "price_change_percent": 0.0,
        "reason": "روند نزولی قوی"
      },
      "saved": false,
      "candles_analyzed": 50
    },
    {
      "coin_id": 1191,
      "symbol": "ARBUSDT",
      "status": "completed",
      "analysis": {
        "current_price": 0.1839,
        "rsi": null,
        "macd": null,
        "ma_7": null,
        "ma_25": null,
        "volume": 1771.8,
        "price_change": 0.00010000000000001674,
        "signal": "HOLD",
        "confidence": 0.5,
        "price_change_percent": 0.05440696409141281
      },
      "saved": false,
      "candles_analyzed": 50
    },
    {
      "coin_id": 1501,
      "symbol": "SAHARAUSDT",
      "status": "completed",
      "analysis": {
        "current_price": 0.02641,
        "rsi": 55.0,
        "macd": null,
        "ma_7": 0.026417142857142854,
        "ma_25": 0.0263488,
        "volume": 0.0,
        "price_change": 0.0,
        "signal": "HOLD",
        "confidence": 0.5,
        "price_change_percent": 0.0
      },
      "saved": false,
      "candles_analyzed": 50
    },
    {
      "coin_id": 1721,
      "symbol": "MTLUSDT",
      "status": "completed",
      "analysis": {
        "current_price": 0.338,
        "rsi": 55.0,
        "macd": null,
        "ma_7": 0.338,
        "ma_25": 0.33840000000000003,
        "volume": 0.0,
        "price_change": 0.0,
        "signal": "HOLD",
        "confidence": 0.5,
        "price_change_percent": 0.0
      },
      "saved": false,
      "candles_analyzed": 50
    },
    {
      "coin_id": 2010,
      "symbol": "DATAUSDT",
      "status": "completed",
      "analysis": {
        "current_price": 0.00536,
        "rsi": 55.0,
        "macd": null,
        "ma_7": 0.005372857142857144,
        "ma_25": 0.0053864,
        "volume": 56689.3,
        "price_change": 0.0,
        "signal": "SELL",
        "confidence": 0.7,
        "price_change_percent": 0.0,
        "reason": "روند نزولی قوی"
      },
      "saved": false,
      "candles_analyzed": 50
    },
    {
      "coin_id": 2022,
      "symbol": "RDNTUSDT",
      "status": "completed",
      "analysis": {
        "current_price": 0.00918,
        "rsi": 55.0,
        "macd": null,
        "ma_7": 0.009174285714285715,
        "ma_25": 0.009165999999999999,
        "volume": 0.0,
        "price_change": 0.0,
        "signal": "BUY",
        "confidence": 0.7,
        "price_change_percent": 0.0,
        "reason": "روند صعودی قوی"
      },
      "saved": false,
      "candles_analyzed": 50
    },
    {
      "coin_id": 1133,
      "symbol": "ADAUSDT",
      "status": "completed",
      "analysis": {
        "current_price": 0.3556,
        "rsi": null,
        "macd": null,
        "ma_7": null,
        "ma_25": null,
        "volume": 5880.9,
        "price_change": 0.0,
        "signal": "HOLD",
        "confidence": 0.5,
        "price_change_percent": 0.0
      },
      "saved": false,
      "candles_analyzed": 50
    },
    {
      "coin_id": 1827,
      "symbol": "AGLDUSDT",
      "status": "completed",
      "analysis": {
        "current_price": 0.255,
        "rsi": 55.0,
        "macd": null,
        "ma_7": 0.2555714285714285,
        "ma_25": 0.2562400000000001,
        "volume": 1060.0,
        "price_change": 0.0,
        "signal": "SELL",
        "confidence": 0.7,
        "price_change_percent": 0.0,
        "reason": "روند نزولی قوی"
      },
      "saved": false,
      "candles_analyzed": 50
    },
    {
      "coin_id": 1137,
      "symbol": "LINKUSDT",
      "status": "completed",
      "analysis": {
        "current_price": 12.18,
        "rsi": null,
        "macd": null,
        "ma_7": null,
        "ma_25": null,
        "volume": 1198.87,
        "price_change": 0.009999999999999787,
        "signal": "HOLD",
        "confidence": 0.5,
        "price_change_percent": 0.08216926869350688
      },
      "saved": false,
      "candles_analyzed": 50
    },
    {
      "coin_id": 1144,
      "symbol": "SUIUSDT",
      "status": "completed",
      "analysis": {
        "current_price": 1.4028,
        "rsi": null,
        "macd": null,
        "ma_7": null,
        "ma_25": null,
        "volume": 2165.0,
        "price_change": 0.0,
        "signal": "HOLD",
        "confidence": 0.5,
        "price_change_percent": 0.0
      },
      "saved": false,
      "candles_analyzed": 50
    },
    {
      "coin_id": 1510,
      "symbol": "UMAUSDT",
      "status": "completed",
      "analysis": {
        "current_price": 0.692,
        "rsi": 55.0,
        "macd": null,
        "ma_7": 0.6938571428571427,
        "ma_25": 0.6941999999999999,
        "volume": 378.5,
        "price_change": -0.0010000000000000009,
        "signal": "SELL",
        "confidence": 0.7,
        "price_change_percent": -0.14430014430014443,
        "reason": "روند نزولی قوی"
      },
      "saved": false,
      "candles_analyzed": 50
    },
    {
      "coin_id": 1529,
      "symbol": "BICOUSDT",
      "status": "completed",
      "analysis": {
        "current_price": 0.0407,
        "rsi": 55.0,
        "macd": null,
        "ma_7": 0.04082857142857143,
        "ma_25": 0.04079600000000001,
        "volume": 6400.96,
        "price_change": 0.0,
        "signal": "HOLD",
        "confidence": 0.5,
        "price_change_percent": 0.0
      },
      "saved": false,
      "candles_analyzed": 50
    },
    {
      "coin_id": 1285,
      "symbol": "ZKUSDT",
      "status": "completed",
      "analysis": {
        "current_price": 0.02774,
        "rsi": null,
        "macd": null,
        "ma_7": null,
        "ma_25": null,
        "volume": 130004.9,
        "price_change": 9.999999999999593e-06,
        "signal": "HOLD",
        "confidence": 0.5,
        "price_change_percent": 0.03606202668589827
      },
      "saved": false,
      "candles_analyzed": 50
    },
    {
      "coin_id": 1467,
      "symbol": "ROSEUSDT",
      "status": "completed",
      "analysis": {
        "current_price": 0.01006,
        "rsi": 55.0,
        "macd": null,
        "ma_7": 0.010057142857142857,
        "ma_25": 0.010044400000000002,
        "volume": 26016.9,
        "price_change": 0.0,
        "signal": "BUY",
        "confidence": 0.7,
        "price_change_percent": 0.0,
        "reason": "روند صعودی قوی"
      },
      "saved": false,
      "candles_analyzed": 50
    },
    {
      "coin_id": 1979,
      "symbol": "TUTUSDT",
      "status": "completed",
      "analysis": {
        "current_price": 0.01281,
        "rsi": 55.0,
        "macd": null,
        "ma_7": 0.012802857142857144,
        "ma_25": 0.012827999999999999,
        "volume": 20978.0,
        "price_change": 0.0,
        "signal": "HOLD",
        "confidence": 0.5,
        "price_change_percent": 0.0
      },
      "saved": false,
      "candles_analyzed": 50
    },
    {
      "coin_id": 2034,
      "symbol": "DFUSDT",
      "status": "completed",
      "analysis": {
        "current_price": 0.01047,
        "rsi": 55.0,
        "macd": null,
        "ma_7": 0.010468571428571426,
        "ma_25": 0.010482799999999999,
        "volume": 96.0,
        "price_change": 2.000000000000092e-05,
        "signal": "HOLD",
        "confidence": 0.5,
        "price_change_percent": 0.19138755980862124
      },
      "saved": false,
      "candles_analyzed": 50
    },
    {
      "coin_id": 1304,
      "symbol": "RUNEUSDT",
      "status": "completed",
      "analysis": {
        "current_price": 0.547,
        "rsi": null,
        "macd": null,
        "ma_7": null,
        "ma_25": null,
        "volume": 29.7,
        "price_change": 0.0,
        "signal": "HOLD",
        "confidence": 0.5,
        "price_change_percent": 0.0
      },
      "saved": false,
      "candles_analyzed": 50
    },
    {
      "coin_id": 1259,
      "symbol": "GNOUSDT",
      "status": "completed",
      "analysis": {
        "current_price": 121.03,
        "rsi": null,
        "macd": null,
        "ma_7": null,
        "ma_25": null,
        "volume": 0.88,
        "price_change": 0.010000000000005116,
        "signal": "HOLD",
        "confidence": 0.5,
        "price_change_percent": 0.00826309700876311
      },
      "saved": false,
      "candles_analyzed": 50
    },
    {
      "coin_id": 1197,
      "symbol": "NEXOUSDT",
      "status": "completed",
      "analysis": {
        "current_price": 0.918,
        "rsi": null,
        "macd": null,
        "ma_7": null,
        "ma_25": null,
        "volume": 96.12,
        "price_change": 0.0,
        "signal": "HOLD",
        "confidence": 0.5,
        "price_change_percent": 0.0
      },
      "saved": false,
      "candles_analyzed": 50
    },
    {
      "coin_id": 1586,
      "symbol": "IOSTUSDT",
      "status": "completed",
      "analysis": {
        "current_price": 0.001611,
        "rsi": 55.0,
        "macd": null,
        "ma_7": 0.001610142857142857,
        "ma_25": 0.0016170400000000004,
        "volume": 0.0,
        "price_change": 0.0,
        "signal": "HOLD",
        "confidence": 0.5,
        "price_change_percent": 0.0
      },
      "saved": false,
      "candles_analyzed": 50
    },
    {
      "coin_id": 1262,
      "symbol": "SANDUSDT",
      "status": "completed",
      "analysis": {
        "current_price": 0.111,
        "rsi": null,
        "macd": null,
        "ma_7": null,
        "ma_25": null,
        "volume": 3082.0,
        "price_change": 0.0,
        "signal": "HOLD",
        "confidence": 0.5,
        "price_change_percent": 0.0
      },
      "saved": false,
      "candles_analyzed": 50
    },
    {
      "coin_id": 1815,
      "symbol": "ZKCUSDT",
      "status": "completed",
      "analysis": {
        "current_price": 0.118,
        "rsi": 55.0,
        "macd": null,
        "ma_7": 0.11765714285714286,
        "ma_25": 0.12401999999999999,
        "volume": 62084.6,
        "price_change": -0.0005000000000000004,
        "signal": "HOLD",
        "confidence": 0.5,
        "price_change_percent": -0.4219409282700426
      },
      "saved": false,
      "candles_analyzed": 50
    },
    {
      "coin_id": 1995,
      "symbol": "DUSDT",
      "status": "completed",
      "analysis": {
        "current_price": 0.0153,
        "rsi": 55.0,
        "macd": null,
        "ma_7": 0.01533142857142857,
        "ma_25": 0.015488000000000002,
        "volume": 36942.0,
        "price_change": 2.9999999999998778e-05,
        "signal": "SELL",
        "confidence": 0.7,
        "price_change_percent": 0.19646365422396056,
        "reason": "روند نزولی قوی"
      },
      "saved": false,
      "candles_analyzed": 50
    },
    {
      "coin_id": 1930,
      "symbol": "BANKUSDT",
      "status": "completed",
      "analysis": {
        "current_price": 0.0444,
        "rsi": null,
        "macd": null,
        "ma_7": null,
        "ma_25": null,
        "volume": 97482.6,
        "price_change": -9.999999999999593e-05,
        "signal": "HOLD",
        "confidence": 0.5,
        "price_change_percent": -0.22471910112358637
      },
      "saved": false,
      "candles_analyzed": 50
    },
    {
      "coin_id": 1656,
      "symbol": "USTCUSDT",
      "status": "completed",
      "analysis": {
        "current_price": 0.00656,
        "rsi": 55.0,
        "macd": null,
        "ma_7": 0.006561428571428571,
        "ma_25": 0.006568000000000002,
        "volume": 46676.0,
        "price_change": 0.0,
        "signal": "SELL",
        "confidence": 0.7,
        "price_change_percent": 0.0,
        "reason": "روند نزولی قوی"
      },
      "saved": false,
      "candles_analyzed": 50
    },
    {
      "coin_id": 1397,
      "symbol": "ARKMUSDT",
      "status": "completed",
      "analysis": {
        "current_price": 0.181,
        "rsi": 55.0,
        "macd": null,
        "ma_7": 0.18157142857142855,
        "ma_25": 0.18140000000000003,
        "volume": 1483.6,
        "price_change": -0.0010000000000000009,
        "signal": "HOLD",
        "confidence": 0.5,
        "price_change_percent": -0.5494505494505499
      },
      "saved": false,
      "candles_analyzed": 50
    },
    {
      "coin_id": 1554,
      "symbol": "COTIUSDT",
      "status": "completed",
      "analysis": {
        "current_price": 0.02073,
        "rsi": 55.0,
        "macd": null,
        "ma_7": 0.02073,
        "ma_25": 0.020744000000000002,
        "volume": 15019.0,
        "price_change": 2.9999999999998778e-05,
        "signal": "HOLD",
        "confidence": 0.5,
        "price_change_percent": 0.14492753623187815
      },
      "saved": false,
      "candles_analyzed": 50
    },
    {
      "coin_id": 1188,
      "symbol": "POLUSDT",
      "status": "completed",
      "analysis": {
        "current_price": 0.105,
        "rsi": null,
        "macd": null,
        "ma_7": null,
        "ma_25": null,
        "volume": 5197.2,
        "price_change": 0.0,
        "signal": "HOLD",
        "confidence": 0.5,
        "price_change_percent": 0.0
      },
      "saved": false,
      "candles_analyzed": 50
    },
    {
      "coin_id": 2008,
      "symbol": "HIGHUSDT",
      "status": "completed",
      "analysis": {
        "current_price": 0.199,
        "rsi": 55.0,
        "macd": null,
        "ma_7": 0.19985714285714287,
        "ma_25": 0.1998400000000001,
        "volume": 1311.881,
        "price_change": -0.0010000000000000009,
        "signal": "HOLD",
        "confidence": 0.5,
        "price_change_percent": -0.5000000000000004
      },
      "saved": false,
      "candles_analyzed": 50
    }
  ]
}