{
  "block_id": 10,
  "processed_at": "2025-12-24T15:11:32.854807",
  "execution_time_seconds": 0.442147,
  "total_coins": 40,
  "successful_coins": 37,
  "failed_coins": 3,
  "signals_generated": 15,
  "results": [
    {
      "coin_id": 1966,
      "symbol": "BEAMXUSDT",
      "status": "completed",
      "analysis": {
        "current_price": 0.002686,
        "rsi": 55.0,
        "macd": null,
        "ma_7": 0.0026851428571428573,
        "ma_25": 0.0026786799999999993,
        "volume": 2317.0,
        "price_change": -2.9999999999999645e-06,
        "signal": "BUY",
        "confidence": 0.7,
        "price_change_percent": -0.11156563778356135,
        "reason": "روند صعودی قوی"
      },
      "saved": false,
      "candles_analyzed": 50
    },
    {
      "coin_id": 1131,
      "symbol": "TRXUSDT",
      "status": "completed",
      "analysis": {
        "current_price": 0.2833,
        "rsi": null,
        "macd": null,
        "ma_7": null,
        "ma_25": null,
        "volume": 148633.1,
        "price_change": 9.999999999998899e-05,
        "signal": "HOLD",
        "confidence": 0.5,
        "price_change_percent": 0.035310734463272944
      },
      "saved": false,
      "candles_analyzed": 50
    },
    {
      "coin_id": 2023,
      "symbol": "SYSUSDT",
      "status": "completed",
      "analysis": {
        "current_price": 0.01697,
        "rsi": 55.0,
        "macd": null,
        "ma_7": 0.01695,
        "ma_25": 0.016998799999999998,
        "volume": 54258.0,
        "price_change": 0.0,
        "signal": "HOLD",
        "confidence": 0.5,
        "price_change_percent": 0.0
      },
      "saved": false,
      "candles_analyzed": 50
    },
    {
      "coin_id": 1394,
      "symbol": "COWUSDT",
      "status": "completed",
      "analysis": {
        "current_price": 0.2157,
        "rsi": null,
        "macd": null,
        "ma_7": null,
        "ma_25": null,
        "volume": 4649.9,
        "price_change": 0.0,
        "signal": "HOLD",
        "confidence": 0.5,
        "price_change_percent": 0.0
      },
      "saved": false,
      "candles_analyzed": 50
    },
    {
      "coin_id": 1673,
      "symbol": "SGBUSDT",
      "status": "failed",
      "reason": "no_data"
    },
    {
      "coin_id": 1874,
      "symbol": "MBXUSDT",
      "status": "failed",
      "reason": "no_data"
    },
    {
      "coin_id": 1251,
      "symbol": "KAIAUSDT",
      "status": "completed",
      "analysis": {
        "current_price": 0.0568,
        "rsi": null,
        "macd": null,
        "ma_7": null,
        "ma_25": null,
        "volume": 122.5,
        "price_change": -9.999999999999593e-05,
        "signal": "HOLD",
        "confidence": 0.5,
        "price_change_percent": -0.17574692442881534
      },
      "saved": false,
      "candles_analyzed": 50
    },
    {
      "coin_id": 1764,
      "symbol": "IDUSDT",
      "status": "completed",
      "analysis": {
        "current_price": 0.0565,
        "rsi": 55.0,
        "macd": null,
        "ma_7": 0.05644285714285714,
        "ma_25": 0.056364,
        "volume": 0.0,
        "price_change": 0.0,
        "signal": "BUY",
        "confidence": 0.7,
        "price_change_percent": 0.0,
        "reason": "روند صعودی قوی"
      },
      "saved": false,
      "candles_analyzed": 50
    },
    {
      "coin_id": 1818,
      "symbol": "SOLVUSDT",
      "status": "completed",
      "analysis": {
        "current_price": 0.01446,
        "rsi": 55.0,
        "macd": null,
        "ma_7": 0.014451428571428572,
        "ma_25": 0.014442400000000006,
        "volume": 120403.0,
        "price_change": 1.0000000000001327e-05,
        "signal": "BUY",
        "confidence": 0.7,
        "price_change_percent": 0.06920415224914414,
        "reason": "روند صعودی قوی"
      },
      "saved": false,
      "candles_analyzed": 50
    },
    {
      "coin_id": 1382,
      "symbol": "CKBUSDT",
      "status": "completed",
      "analysis": {
        "current_price": 0.002351,
        "rsi": null,
        "macd": null,
        "ma_7": null,
        "ma_25": null,
        "volume": 150523.0,
        "price_change": 3.9999999999996635e-06,
        "signal": "HOLD",
        "confidence": 0.5,
        "price_change_percent": 0.17043033659990045
      },
      "saved": false,
      "candles_analyzed": 50
    },
    {
      "coin_id": 1897,
      "symbol": "HFTUSDT",
      "status": "completed",
      "analysis": {
        "current_price": 0.0273,
        "rsi": 55.0,
        "macd": null,
        "ma_7": 0.02722857142857143,
        "ma_25": 0.027112000000000004,
        "volume": 5890.7,
        "price_change": 0.0,
        "signal": "BUY",
        "confidence": 0.7,
        "price_change_percent": 0.0,
        "reason": "روند صعودی قوی"
      },
      "saved": false,
      "candles_analyzed": 50
    },
    {
      "coin_id": 1742,
      "symbol": "PHAUSDT",
      "status": "completed",
      "analysis": {
        "current_price": 0.0342,
        "rsi": 55.0,
        "macd": null,
        "ma_7": 0.03414285714285715,
        "ma_25": 0.03410400000000001,
        "volume": 17159.0,
        "price_change": 0.0,
        "signal": "BUY",
        "confidence": 0.7,
        "price_change_percent": 0.0,
        "reason": "روند صعودی قوی"
      },
      "saved": false,
      "candles_analyzed": 50
    },
    {
      "coin_id": 1985,
      "symbol": "ACAUSDT",
      "status": "completed",
      "analysis": {
        "current_price": 0.0093,
        "rsi": 55.0,
        "macd": null,
        "ma_7": 0.009314285714285714,
        "ma_25": 0.009292,
        "volume": 92800.05,
        "price_change": 0.0,
        "signal": "HOLD",
        "confidence": 0.5,
        "price_change_percent": 0.0
      },
      "saved": false,
      "candles_analyzed": 50
    },
    {
      "coin_id": 1190,
      "symbol": "QNTUSDT",
      "status": "completed",
      "analysis": {
        "current_price": 74.13,
        "rsi": null,
        "macd": null,
        "ma_7": null,
        "ma_25": null,
        "volume": 15.489,
        "price_change": 0.060000000000002274,
        "signal": "HOLD",
        "confidence": 0.5,
        "price_change_percent": 0.08100445524504155
      },
      "saved": false,
      "candles_analyzed": 50
    },
    {
      "coin_id": 1665,
      "symbol": "SCRTUSDT",
      "status": "completed",
      "analysis": {
        "current_price": 0.1002,
        "rsi": 55.0,
        "macd": null,
        "ma_7": 0.10018571428571428,
        "ma_25": 0.10060400000000001,
        "volume": 99.6,
        "price_change": 0.00019999999999999185,
        "signal": "HOLD",
        "confidence": 0.5,
        "price_change_percent": 0.19999999999999185
      },
      "saved": false,
      "candles_analyzed": 50
    },
    {
      "coin_id": 2035,
      "symbol": "GUSDT",
      "status": "completed",
      "analysis": {
        "current_price": 0.00428,
        "rsi": 55.0,
        "macd": null,
        "ma_7": 0.004284285714285714,
        "ma_25": 0.004288000000000002,
        "volume": 484277.0,
        "price_change": 0.0,
        "signal": "SELL",
        "confidence": 0.7,
        "price_change_percent": 0.0,
        "reason": "روند نزولی قوی"
      },
      "saved": false,
      "candles_analyzed": 50
    },
    {
      "coin_id": 1626,
      "symbol": "AUDIOUSDT",
      "status": "completed",
      "analysis": {
        "current_price": 0.0285,
        "rsi": 55.0,
        "macd": null,
        "ma_7": 0.028514285714285718,
        "ma_25": 0.028475999999999994,
        "volume": 3079.4,
        "price_change": -9.99999999999994e-05,
        "signal": "HOLD",
        "confidence": 0.5,
        "price_change_percent": -0.3496503496503475
      },
      "saved": false,
      "candles_analyzed": 50
    },
    {
      "coin_id": 1165,
      "symbol": "NEARUSDT",
      "status": "completed",
      "analysis": {
        "current_price": 1.446,
        "rsi": null,
        "macd": null,
        "ma_7": null,
        "ma_25": null,
        "volume": 18269.3,
        "price_change": -0.001000000000000112,
        "signal": "HOLD",
        "confidence": 0.5,
        "price_change_percent": -0.06910850034555023
      },
      "saved": false,
      "candles_analyzed": 50
    },
    {
      "coin_id": 1854,
      "symbol": "CETUSUSDT",
      "status": "completed",
      "analysis": {
        "current_price": 0.0231,
        "rsi": 55.0,
        "macd": null,
        "ma_7": 0.023100000000000002,
        "ma_25": 0.023056000000000007,
        "volume": 0.0,
        "price_change": 0.0,
        "signal": "HOLD",
        "confidence": 0.5,
        "price_change_percent": 0.0
      },
      "saved": false,
      "candles_analyzed": 50
    },
    {
      "coin_id": 1616,
      "symbol": "FLUXUSDT",
      "status": "completed",
      "analysis": {
        "current_price": 0.0985,
        "rsi": 55.0,
        "macd": null,
        "ma_7": 0.09848571428571429,
        "ma_25": 0.098208,
        "volume": 8919.95,
        "price_change": -0.00019999999999999185,
        "signal": "BUY",
        "confidence": 0.7,
        "price_change_percent": -0.2026342451874284,
        "reason": "روند صعودی قوی"
      },
      "saved": false,
      "candles_analyzed": 50
    },
    {
      "coin_id": 1227,
      "symbol": "VIRTUALUSDT",
      "status": "completed",
      "analysis": {
        "current_price": 0.6707,
        "rsi": null,
        "macd": null,
        "ma_7": null,
        "ma_25": null,
        "volume": 4862.7,
        "price_change": -0.000300000000000078,
        "signal": "HOLD",
        "confidence": 0.5,
        "price_change_percent": -0.04470938897169567
      },
      "saved": false,
      "candles_analyzed": 50
    },
    {
      "coin_id": 1451,
      "symbol": "SUSHIUSDT",
      "status": "completed",
      "analysis": {
        "current_price": 0.2852,
        "rsi": 55.0,
        "macd": null,
        "ma_7": 0.28514285714285714,
        "ma_25": 0.28434,
        "volume": 850.1,
        "price_change": -0.00019999999999997797,
        "signal": "BUY",
        "confidence": 0.7,
        "price_change_percent": -0.07007708479326488,
        "reason": "روند صعودی قوی"
      },
      "saved": false,
      "candles_analyzed": 50
    },
    {
      "coin_id": 1491,
      "symbol": "XVSUSDT",
      "status": "completed",
      "analysis": {
        "current_price": 3.95,
        "rsi": 55.0,
        "macd": null,
        "ma_7": 3.9585714285714286,
        "ma_25": 3.9739999999999984,
        "volume": 5.24,
        "price_change": -0.009999999999999787,
        "signal": "SELL",
        "confidence": 0.7,
        "price_change_percent": -0.2525252525252471,
        "reason": "روند نزولی قوی"
      },
      "saved": false,
      "candles_analyzed": 50
    },
    {
      "coin_id": 1773,
      "symbol": "MIRAUSDT",
      "status": "completed",
      "analysis": {
        "current_price": 0.1322,
        "rsi": null,
        "macd": null,
        "ma_7": null,
        "ma_25": null,
        "volume": 25813.9,
        "price_change": 0.00020000000000000573,
        "signal": "HOLD",
        "confidence": 0.5,
        "price_change_percent": 0.15151515151515585
      },
      "saved": false,
      "candles_analyzed": 50
    },
    {
      "coin_id": 1868,
      "symbol": "SAGAUSDT",
      "status": "completed",
      "analysis": {
        "current_price": 0.0578,
        "rsi": 55.0,
        "macd": null,
        "ma_7": 0.057571428571428565,
        "ma_25": 0.05770800000000002,
        "volume": 122025.9,
        "price_change": 9.999999999999593e-05,
        "signal": "HOLD",
        "confidence": 0.5,
        "price_change_percent": 0.17331022530328583
      },
      "saved": false,
      "candles_analyzed": 50
    },
    {
      "coin_id": 1286,
      "symbol": "COMPUSDT",
      "status": "completed",
      "analysis": {
        "current_price": 24.39,
        "rsi": null,
        "macd": null,
        "ma_7": null,
        "ma_25": null,
        "volume": 817.153,
        "price_change": -0.05000000000000071,
        "signal": "HOLD",
        "confidence": 0.5,
        "price_change_percent": -0.2045826513911649
      },
      "saved": false,
      "candles_analyzed": 50
    },
    {
      "coin_id": 1994,
      "symbol": "HOOKUSDT",
      "status": "completed",
      "analysis": {
        "current_price": 0.0352,
        "rsi": 55.0,
        "macd": null,
        "ma_7": 0.035057142857142856,
        "ma_25": 0.03500800000000001,
        "volume": 8856.1,
        "price_change": 0.0001999999999999988,
        "signal": "BUY",
        "confidence": 0.7,
        "price_change_percent": 0.571428571428568,
        "reason": "روند صعودی قوی"
      },
      "saved": false,
      "candles_analyzed": 50
    },
    {
      "coin_id": 1412,
      "symbol": "SADUSDT",
      "status": "failed",
      "reason": "no_data"
    },
    {
      "coin_id": 1710,
      "symbol": "ACTUSDT",
      "status": "completed",
      "analysis": {
        "current_price": 0.0404,
        "rsi": 55.0,
        "macd": null,
        "ma_7": 0.03974285714285714,
        "ma_25": 0.03907600000000001,
        "volume": 2961824.5,
        "price_change": 9.999999999999593e-05,
        "signal": "BUY",
        "confidence": 0.7,
        "price_change_percent": 0.24813895781636708,
        "reason": "روند صعودی قوی"
      },
      "saved": false,
      "candles_analyzed": 50
    },
    {
      "coin_id": 1260,
      "symbol": "BATUSDT",
      "status": "completed",
      "analysis": {
        "current_price": 0.2022,
        "rsi": null,
        "macd": null,
        "ma_7": null,
        "ma_25": null,
        "volume": 10122.0,
        "price_change": 0.0002999999999999947,
        "signal": "HOLD",
        "confidence": 0.5,
        "price_change_percent": 0.14858841010400928
      },
      "saved": false,
      "candles_analyzed": 50
    },
    {
      "coin_id": 1462,
      "symbol": "REQUSDT",
      "status": "completed",
      "analysis": {
        "current_price": 0.1028,
        "rsi": 55.0,
        "macd": null,
        "ma_7": 0.10275714285714287,
        "ma_25": 0.10279200000000004,
        "volume": 222.0,
        "price_change": 0.0,
        "signal": "HOLD",
        "confidence": 0.5,
        "price_change_percent": 0.0
      },
      "saved": false,
      "candles_analyzed": 50
    },
    {
      "coin_id": 1187,
      "symbol": "APTUSDT",
      "status": "completed",
      "analysis": {
        "current_price": 1.577,
        "rsi": null,
        "macd": null,
        "ma_7": null,
        "ma_25": null,
        "volume": 9737.9,
        "price_change": 0.0,
        "signal": "HOLD",
        "confidence": 0.5,
        "price_change_percent": 0.0
      },
      "saved": false,
      "candles_analyzed": 50
    },
    {
      "coin_id": 1834,
      "symbol": "ATUSDT",
      "status": "completed",
      "analysis": {
        "current_price": 0.0918,
        "rsi": 55.0,
        "macd": null,
        "ma_7": 0.09141428571428571,
        "ma_25": 0.09010800000000002,
        "volume": 132354.1,
        "price_change": 0.0006000000000000033,
        "signal": "BUY",
        "confidence": 0.7,
        "price_change_percent": 0.6578947368421089,
        "reason": "روند صعودی قوی"
      },
      "saved": false,
      "candles_analyzed": 50
    },
    {
      "coin_id": 1442,
      "symbol": "GMXUSDT",
      "status": "completed",
      "analysis": {
        "current_price": 8.08,
        "rsi": 55.0,
        "macd": null,
        "ma_7": 8.072857142857142,
        "ma_25": 8.066400000000002,
        "volume": 0.0,
        "price_change": 0.0,
        "signal": "BUY",
        "confidence": 0.7,
        "price_change_percent": 0.0,
        "reason": "روند صعودی قوی"
      },
      "saved": false,
      "candles_analyzed": 50
    },
    {
      "coin_id": 1537,
      "symbol": "ALTUSDT",
      "status": "completed",
      "analysis": {
        "current_price": 0.01124,
        "rsi": 55.0,
        "macd": null,
        "ma_7": 0.011227142857142857,
        "ma_25": 0.011206,
        "volume": 15111.0,
        "price_change": 9.999999999999593e-06,
        "signal": "BUY",
        "confidence": 0.7,
        "price_change_percent": 0.08904719501335344,
        "reason": "روند صعودی قوی"
      },
      "saved": false,
      "candles_analyzed": 50
    },
    {
      "coin_id": 1277,
      "symbol": "XPLUSDT",
      "status": "completed",
      "analysis": {
        "current_price": 0.1338,
        "rsi": null,
        "macd": null,
        "ma_7": null,
        "ma_25": null,
        "volume": 1575130.9,
        "price_change": 0.0005999999999999894,
        "signal": "HOLD",
        "confidence": 0.5,
        "price_change_percent": 0.45045045045044246
      },
      "saved": false,
      "candles_analyzed": 50
    },
    {
      "coin_id": 1825,
      "symbol": "MBLUSDT",
      "status": "completed",
      "analysis": {
        "current_price": 0.001155,
        "rsi": 55.0,
        "macd": null,
        "ma_7": 0.0011524285714285714,
        "ma_25": 0.0011522000000000001,
        "volume": 2261117.0,
        "price_change": 0.0,
        "signal": "BUY",
        "confidence": 0.7,
        "price_change_percent": 0.0,
        "reason": "روند صعودی قوی"
      },
      "saved": false,
      "candles_analyzed": 50
    },
    {
      "coin_id": 1591,
      "symbol": "RLCUSDT",
      "status": "completed",
      "analysis": {
        "current_price": 0.63,
        "rsi": null,
        "macd": null,
        "ma_7": null,
        "ma_25": null,
        "volume": 1203.3,
        "price_change": 0.0020000000000000018,
        "signal": "HOLD",
        "confidence": 0.5,
        "price_change_percent": 0.3184713375796181
      },
      "saved": false,
      "candles_analyzed": 50
    },
    {
      "coin_id": 1984,
      "symbol": "ADXUSDT",
      "status": "completed",
      "analysis": {
        "current_price": 0.1027,
        "rsi": 55.0,
        "macd": null,
        "ma_7": 0.10274285714285715,
        "ma_25": 0.10259200000000002,
        "volume": 781.0,
        "price_change": 0.0,
        "signal": "HOLD",
        "confidence": 0.5,
        "price_change_percent": 0.0
      },
      "saved": false,
      "candles_analyzed": 50
    },
    {
      "coin_id": 1377,
      "symbol": "YFIUSDT",
      "status": "completed",
      "analysis": {
        "current_price": 3301.0,
        "rsi": null,
        "macd": null,
        "ma_7": null,
        "ma_25": null,
        "volume": 0.29885,
        "price_change": 1.0,
        "signal": "HOLD",
        "confidence": 0.5,
        "price_change_percent": 0.030303030303030304
      },
      "saved": false,
      "candles_analyzed": 50
    }
  ]
}