{
  "block_id": 9,
  "processed_at": "2025-12-25T14:58:24.562185",
  "execution_time_seconds": 0.409979,
  "total_coins": 46,
  "successful_coins": 44,
  "failed_coins": 2,
  "signals_generated": 21,
  "results": [
    {
      "coin_id": 2005,
      "symbol": "MBOXUSDT",
      "status": "completed",
      "analysis": {
        "current_price": 0.0293,
        "rsi": 33.33333333333333,
        "macd": -5.004622947353196e-05,
        "ma_7": 0.0293,
        "ma_25": 0.029415999999999998,
        "volume": 0.0,
        "price_change": 0.0,
        "signal": "HOLD",
        "confidence": 0.5,
        "price_change_percent": 0.0
      },
      "saved": false,
      "candles_analyzed": 50
    },
    {
      "coin_id": 1462,
      "symbol": "REQUSDT",
      "status": "completed",
      "analysis": {
        "current_price": 0.1028,
        "rsi": 57.142857142857146,
        "macd": -8.094177869899521e-06,
        "ma_7": 0.10275714285714287,
        "ma_25": 0.102792,
        "volume": 222.0,
        "price_change": 0.0,
        "signal": "HOLD",
        "confidence": 0.5,
        "price_change_percent": 0.0
      },
      "saved": false,
      "candles_analyzed": 50
    },
    {
      "coin_id": 1240,
      "symbol": "STRKUSDT",
      "status": "completed",
      "analysis": {
        "current_price": 0.078,
        "rsi": 57.142857142857146,
        "macd": 1.879845307564687e-05,
        "ma_7": 0.07807142857142857,
        "ma_25": 0.077964,
        "volume": 297868.42,
        "price_change": 0.0,
        "signal": "HOLD",
        "confidence": 0.5,
        "price_change_percent": 0.0
      },
      "saved": false,
      "candles_analyzed": 50
    },
    {
      "coin_id": 1951,
      "symbol": "MLNUSDT",
      "status": "completed",
      "analysis": {
        "current_price": 4.96,
        "rsi": 66.6666666666668,
        "macd": 0.02802583104420897,
        "ma_7": 4.951428571428572,
        "ma_25": 4.9075999999999995,
        "volume": 556.126,
        "price_change": -0.009999999999999787,
        "signal": "BUY",
        "confidence": 0.7,
        "price_change_percent": -0.2012072434607603,
        "reason": "روند صعودی قوی"
      },
      "saved": false,
      "candles_analyzed": 50
    },
    {
      "coin_id": 1549,
      "symbol": "BANDUSDT",
      "status": "completed",
      "analysis": {
        "current_price": 0.315,
        "rsi": 50.0,
        "macd": 7.961294975211697e-06,
        "ma_7": 0.316,
        "ma_25": 0.31548000000000004,
        "volume": 34.2,
        "price_change": -0.0010000000000000009,
        "signal": "HOLD",
        "confidence": 0.5,
        "price_change_percent": -0.31645569620253194
      },
      "saved": false,
      "candles_analyzed": 50
    },
    {
      "coin_id": 1525,
      "symbol": "API3USDT",
      "status": "completed",
      "analysis": {
        "current_price": 0.4377,
        "rsi": 69.84126984126995,
        "macd": 5.3356744482313534e-05,
        "ma_7": 0.43557142857142855,
        "ma_25": 0.43448,
        "volume": 18322.96,
        "price_change": 0.0012999999999999678,
        "signal": "BUY",
        "confidence": 0.7,
        "price_change_percent": 0.29789184234646376,
        "reason": "روند صعودی قوی"
      },
      "saved": false,
      "candles_analyzed": 50
    },
    {
      "coin_id": 1709,
      "symbol": "RIFUSDT",
      "status": "completed",
      "analysis": {
        "current_price": 0.0316,
        "rsi": 62.50000000000021,
        "macd": 1.7897752186912808e-05,
        "ma_7": 0.03157142857142857,
        "ma_25": 0.031548,
        "volume": 4246.0,
        "price_change": 0.0,
        "signal": "BUY",
        "confidence": 0.7,
        "price_change_percent": 0.0,
        "reason": "روند صعودی قوی"
      },
      "saved": false,
      "candles_analyzed": 50
    },
    {
      "coin_id": 1584,
      "symbol": "PEOPLEUSDT",
      "status": "completed",
      "analysis": {
        "current_price": 0.00898,
        "rsi": 50.0,
        "macd": -3.5743331527459538e-06,
        "ma_7": 0.008995714285714286,
        "ma_25": 0.0089932,
        "volume": 0.0,
        "price_change": 0.0,
        "signal": "HOLD",
        "confidence": 0.5,
        "price_change_percent": 0.0
      },
      "saved": false,
      "candles_analyzed": 50
    },
    {
      "coin_id": 1963,
      "symbol": "LUMIAUSDT",
      "status": "completed",
      "analysis": {
        "current_price": 0.111,
        "rsi": 57.14285714285714,
        "macd": 0.0006831201506973805,
        "ma_7": 0.11185714285714286,
        "ma_25": 0.11044000000000001,
        "volume": 11006.83,
        "price_change": 0.0,
        "signal": "HOLD",
        "confidence": 0.5,
        "price_change_percent": 0.0
      },
      "saved": false,
      "candles_analyzed": 50
    },
    {
      "coin_id": 1981,
      "symbol": "STGUSDT",
      "status": "completed",
      "analysis": {
        "current_price": 0.1089,
        "rsi": 46.666666666666664,
        "macd": -0.0002095918773166311,
        "ma_7": 0.10907142857142857,
        "ma_25": 0.10922000000000001,
        "volume": 870.5,
        "price_change": -0.00010000000000000286,
        "signal": "SELL",
        "confidence": 0.7,
        "price_change_percent": -0.09174311926605767,
        "reason": "روند نزولی قوی"
      },
      "saved": false,
      "candles_analyzed": 50
    },
    {
      "coin_id": 1868,
      "symbol": "SAGAUSDT",
      "status": "completed",
      "analysis": {
        "current_price": 0.0578,
        "rsi": 54.545454545454376,
        "macd": -0.00011833425800288067,
        "ma_7": 0.05757142857142857,
        "ma_25": 0.057707999999999995,
        "volume": 122025.9,
        "price_change": 9.999999999999593e-05,
        "signal": "HOLD",
        "confidence": 0.5,
        "price_change_percent": 0.17331022530328583
      },
      "saved": false,
      "candles_analyzed": 50
    },
    {
      "coin_id": 1560,
      "symbol": "TRBUSDT",
      "status": "completed",
      "analysis": {
        "current_price": 18.99,
        "rsi": 49.09090909090893,
        "macd": -0.028386464514071008,
        "ma_7": 18.948571428571427,
        "ma_25": 18.9928,
        "volume": 24.197,
        "price_change": 0.03999999999999915,
        "signal": "HOLD",
        "confidence": 0.5,
        "price_change_percent": 0.2110817941952462
      },
      "saved": false,
      "candles_analyzed": 50
    },
    {
      "coin_id": 1219,
      "symbol": "CRVUSDT",
      "status": "completed",
      "analysis": {
        "current_price": 0.3737,
        "rsi": 82.00000000000014,
        "macd": 0.0016799040490059758,
        "ma_7": 0.3722285714285714,
        "ma_25": 0.36870800000000004,
        "volume": 45774.3,
        "price_change": 0.00019999999999997797,
        "signal": "BUY",
        "confidence": 0.8,
        "price_change_percent": 0.0535475234270356,
        "reason": "روند صعودی قوی"
      },
      "saved": false,
      "candles_analyzed": 50
    },
    {
      "coin_id": 1488,
      "symbol": "LRCUSDT",
      "status": "completed",
      "analysis": {
        "current_price": 0.0556,
        "rsi": 66.66666666666629,
        "macd": 0.00013503287089849242,
        "ma_7": 0.05567142857142857,
        "ma_25": 0.05548,
        "volume": 11128.0,
        "price_change": 0.0,
        "signal": "HOLD",
        "confidence": 0.5,
        "price_change_percent": 0.0
      },
      "saved": false,
      "candles_analyzed": 50
    },
    {
      "coin_id": 1245,
      "symbol": "CHZUSDT",
      "status": "completed",
      "analysis": {
        "current_price": 0.03479,
        "rsi": 54.99999999999982,
        "macd": -1.1897271240277063e-05,
        "ma_7": 0.03475142857142857,
        "ma_25": 0.0347576,
        "volume": 241562.0,
        "price_change": -1.9999999999999185e-05,
        "signal": "HOLD",
        "confidence": 0.5,
        "price_change_percent": -0.057454754380922686
      },
      "saved": false,
      "candles_analyzed": 50
    },
    {
      "coin_id": 1409,
      "symbol": "MINAUSDT",
      "status": "completed",
      "analysis": {
        "current_price": 0.0747,
        "rsi": 50.0,
        "macd": -0.00011825563568558517,
        "ma_7": 0.07451428571428573,
        "ma_25": 0.07469200000000001,
        "volume": 81347.9,
        "price_change": 0.00010000000000000286,
        "signal": "HOLD",
        "confidence": 0.5,
        "price_change_percent": 0.134048257372658
      },
      "saved": false,
      "candles_analyzed": 50
    },
    {
      "coin_id": 1808,
      "symbol": "CATIUSDT",
      "status": "completed",
      "analysis": {
        "current_price": 0.0603,
        "rsi": 50.0,
        "macd": -9.367865384191099e-06,
        "ma_7": 0.06032857142857143,
        "ma_25": 0.060295999999999995,
        "volume": 5663.4,
        "price_change": 0.0,
        "signal": "HOLD",
        "confidence": 0.5,
        "price_change_percent": 0.0
      },
      "saved": false,
      "candles_analyzed": 50
    },
    {
      "coin_id": 1210,
      "symbol": "MORPHOUSDT",
      "status": "completed",
      "analysis": {
        "current_price": 1.146,
        "rsi": 33.33333333333333,
        "macd": -0.0017980077633270586,
        "ma_7": 1.1464285714285711,
        "ma_25": 1.1494799999999998,
        "volume": 2333.7,
        "price_change": -0.001000000000000112,
        "signal": "SELL",
        "confidence": 0.7,
        "price_change_percent": -0.08718395815170983,
        "reason": "روند نزولی قوی"
      },
      "saved": false,
      "candles_analyzed": 50
    },
    {
      "coin_id": 1344,
      "symbol": "BEAMUSDT",
      "status": "completed",
      "analysis": {
        "current_price": 0.0652,
        "rsi": 27.49999999999997,
        "macd": -0.00029918444902418684,
        "ma_7": 0.06548571428571429,
        "ma_25": 0.06624000000000001,
        "volume": 539416.0,
        "price_change": -0.0003000000000000086,
        "signal": "SELL",
        "confidence": 0.8,
        "price_change_percent": -0.4580152671755856,
        "reason": "روند نزولی قوی"
      },
      "saved": false,
      "candles_analyzed": 50
    },
    {
      "coin_id": 1561,
      "symbol": "WOOUSDT",
      "status": "completed",
      "analysis": {
        "current_price": 0.0264,
        "rsi": 75.0,
        "macd": 1.9307069792331294e-05,
        "ma_7": 0.026414285714285717,
        "ma_25": 0.026303999999999998,
        "volume": 0.0,
        "price_change": 0.0,
        "signal": "SELL",
        "confidence": 0.8,
        "price_change_percent": 0.0,
        "reason": "RSI اشباع خرید"
      },
      "saved": false,
      "candles_analyzed": 50
    },
    {
      "coin_id": 1126,
      "symbol": "ETHUSDT",
      "status": "completed",
      "analysis": {
        "current_price": 2921.76,
        "rsi": 48.83902948082457,
        "macd": -3.1149457210472065,
        "ma_7": 2920.7385714285715,
        "ma_25": 2926.3212000000003,
        "volume": 2.1069,
        "price_change": -0.009999999999763531,
        "signal": "HOLD",
        "confidence": 0.5,
        "price_change_percent": -0.0003422582886320118
      },
      "saved": false,
      "candles_analyzed": 50
    },
    {
      "coin_id": 1944,
      "symbol": "ZROUSDT",
      "status": "completed",
      "analysis": {
        "current_price": 1.264,
        "rsi": 52.6315789473686,
        "macd": -0.0010510084516055507,
        "ma_7": 1.2632857142857143,
        "ma_25": 1.2623199999999999,
        "volume": 955.64,
        "price_change": 0.001000000000000112,
        "signal": "BUY",
        "confidence": 0.7,
        "price_change_percent": 0.07917656373714267,
        "reason": "روند صعودی قوی"
      },
      "saved": false,
      "candles_analyzed": 50
    },
    {
      "coin_id": 1635,
      "symbol": "FIDAUSDT",
      "status": "completed",
      "analysis": {
        "current_price": 0.0396,
        "rsi": 50.0,
        "macd": -2.356464684768328e-05,
        "ma_7": 0.03954285714285715,
        "ma_25": 0.039552000000000004,
        "volume": 2223.8,
        "price_change": 0.0,
        "signal": "HOLD",
        "confidence": 0.5,
        "price_change_percent": 0.0
      },
      "saved": false,
      "candles_analyzed": 50
    },
    {
      "coin_id": 1656,
      "symbol": "USTCUSDT",
      "status": "completed",
      "analysis": {
        "current_price": 0.00656,
        "rsi": 50.0,
        "macd": -6.273194657670407e-06,
        "ma_7": 0.006561428571428571,
        "ma_25": 0.006567999999999999,
        "volume": 46676.0,
        "price_change": 0.0,
        "signal": "SELL",
        "confidence": 0.7,
        "price_change_percent": 0.0,
        "reason": "روند نزولی قوی"
      },
      "saved": false,
      "candles_analyzed": 50
    },
    {
      "coin_id": 1665,
      "symbol": "SCRTUSDT",
      "status": "completed",
      "analysis": {
        "current_price": 0.1002,
        "rsi": 36.363636363636246,
        "macd": -0.0002854622936036555,
        "ma_7": 0.1001857142857143,
        "ma_25": 0.100604,
        "volume": 99.6,
        "price_change": 0.00019999999999999185,
        "signal": "HOLD",
        "confidence": 0.5,
        "price_change_percent": 0.19999999999999185
      },
      "saved": false,
      "candles_analyzed": 50
    },
    {
      "coin_id": 1831,
      "symbol": "NOMUSDT",
      "status": "completed",
      "analysis": {
        "current_price": 0.0072,
        "rsi": 34.48275862068971,
        "macd": -3.3840176041183626e-05,
        "ma_7": 0.007164285714285714,
        "ma_25": 0.0072392,
        "volume": 31437.0,
        "price_change": 2.0000000000000052e-05,
        "signal": "HOLD",
        "confidence": 0.5,
        "price_change_percent": 0.2785515320334269
      },
      "saved": false,
      "candles_analyzed": 50
    },
    {
      "coin_id": 1270,
      "symbol": "FLOWUSDT",
      "status": "completed",
      "analysis": {
        "current_price": 0.168,
        "rsi": 50.0,
        "macd": 0.00031059241529587944,
        "ma_7": 0.16842857142857143,
        "ma_25": 0.16768,
        "volume": 414.12,
        "price_change": -0.0010000000000000009,
        "signal": "HOLD",
        "confidence": 0.5,
        "price_change_percent": -0.5917159763313614
      },
      "saved": false,
      "candles_analyzed": 50
    },
    {
      "coin_id": 1507,
      "symbol": "EARNAUSDUSDT",
      "status": "failed",
      "reason": "no_data"
    },
    {
      "coin_id": 1212,
      "symbol": "JUPUSDT",
      "status": "completed",
      "analysis": {
        "current_price": 0.1865,
        "rsi": 62.162162162162204,
        "macd": -6.723023552157592e-05,
        "ma_7": 0.18635714285714286,
        "ma_25": 0.18614,
        "volume": 4987.6,
        "price_change": -0.0002999999999999947,
        "signal": "BUY",
        "confidence": 0.7,
        "price_change_percent": -0.16059957173447256,
        "reason": "روند صعودی قوی"
      },
      "saved": false,
      "candles_analyzed": 50
    },
    {
      "coin_id": 1699,
      "symbol": "ACXUSDT",
      "status": "completed",
      "analysis": {
        "current_price": 0.0501,
        "rsi": 69.23076923076951,
        "macd": 0.00015936630751525738,
        "ma_7": 0.0501,
        "ma_25": 0.049704,
        "volume": 403.5,
        "price_change": 0.0,
        "signal": "HOLD",
        "confidence": 0.5,
        "price_change_percent": 0.0
      },
      "saved": false,
      "candles_analyzed": 50
    },
    {
      "coin_id": 2018,
      "symbol": "VELODROMEUSDT",
      "status": "completed",
      "analysis": {
        "current_price": 0.0194,
        "rsi": 50.0,
        "macd": -1.8092779278781196e-05,
        "ma_7": 0.01942857142857143,
        "ma_25": 0.019412,
        "volume": 995.7,
        "price_change": 0.0,
        "signal": "HOLD",
        "confidence": 0.5,
        "price_change_percent": 0.0
      },
      "saved": false,
      "candles_analyzed": 50
    },
    {
      "coin_id": 1192,
      "symbol": "TRUMPUSDT",
      "status": "completed",
      "analysis": {
        "current_price": 4.839,
        "rsi": 58.18181818181827,
        "macd": -0.0022414207523651086,
        "ma_7": 4.844571428571428,
        "ma_25": 4.833600000000001,
        "volume": 2982.896,
        "price_change": -0.0129999999999999,
        "signal": "HOLD",
        "confidence": 0.5,
        "price_change_percent": -0.26793075020609847
      },
      "saved": false,
      "candles_analyzed": 50
    },
    {
      "coin_id": 1739,
      "symbol": "CTSIUSDT",
      "status": "completed",
      "analysis": {
        "current_price": 0.0316,
        "rsi": 57.142857142857146,
        "macd": 3.946696941081046e-05,
        "ma_7": 0.031585714285714286,
        "ma_25": 0.031508,
        "volume": 0.0,
        "price_change": 0.0,
        "signal": "BUY",
        "confidence": 0.7,
        "price_change_percent": 0.0,
        "reason": "روند صعودی قوی"
      },
      "saved": false,
      "candles_analyzed": 50
    },
    {
      "coin_id": 1211,
      "symbol": "CAKEUSDT",
      "status": "completed",
      "analysis": {
        "current_price": 1.803,
        "rsi": 74.9999999999993,
        "macd": 0.0015326893550178244,
        "ma_7": 1.8021428571428568,
        "ma_25": 1.7983599999999997,
        "volume": 509.98,
        "price_change": 0.0,
        "signal": "BUY",
        "confidence": 0.8,
        "price_change_percent": 0.0,
        "reason": "روند صعودی قوی"
      },
      "saved": false,
      "candles_analyzed": 50
    },
    {
      "coin_id": 1477,
      "symbol": "BLURUSDT",
      "status": "completed",
      "analysis": {
        "current_price": 0.02746,
        "rsi": 56.14035087719283,
        "macd": -1.9513487728911594e-05,
        "ma_7": 0.027421428571428572,
        "ma_25": 0.027432400000000003,
        "volume": 958.6,
        "price_change": 1.9999999999999185e-05,
        "signal": "HOLD",
        "confidence": 0.5,
        "price_change_percent": 0.07288629737609033
      },
      "saved": false,
      "candles_analyzed": 50
    },
    {
      "coin_id": 1736,
      "symbol": "IAGUSDT",
      "status": "failed",
      "reason": "no_data"
    },
    {
      "coin_id": 1602,
      "symbol": "SXPUSDT",
      "status": "completed",
      "analysis": {
        "current_price": 0.0642,
        "rsi": 23.076923076923336,
        "macd": -0.00011381131873262895,
        "ma_7": 0.06444285714285715,
        "ma_25": 0.06505999999999999,
        "volume": 14620.1,
        "price_change": 0.0,
        "signal": "SELL",
        "confidence": 0.8,
        "price_change_percent": 0.0,
        "reason": "روند نزولی قوی"
      },
      "saved": false,
      "candles_analyzed": 50
    },
    {
      "coin_id": 1908,
      "symbol": "RAREUSDT",
      "status": "completed",
      "analysis": {
        "current_price": 0.0215,
        "rsi": 29.166666666666643,
        "macd": -0.0002038406957371175,
        "ma_7": 0.022042857142857145,
        "ma_25": 0.0223,
        "volume": 990566.9,
        "price_change": -0.00010000000000000286,
        "signal": "SELL",
        "confidence": 0.8,
        "price_change_percent": -0.46296296296297623,
        "reason": "روند نزولی قوی"
      },
      "saved": false,
      "candles_analyzed": 50
    },
    {
      "coin_id": 1686,
      "symbol": "GNSUSDT",
      "status": "completed",
      "analysis": {
        "current_price": 1.258,
        "rsi": 48.14814814814834,
        "macd": -0.0018021569792860959,
        "ma_7": 1.2585714285714287,
        "ma_25": 1.26036,
        "volume": 264.54,
        "price_change": 0.0,
        "signal": "SELL",
        "confidence": 0.7,
        "price_change_percent": 0.0,
        "reason": "روند نزولی قوی"
      },
      "saved": false,
      "candles_analyzed": 50
    },
    {
      "coin_id": 1510,
      "symbol": "UMAUSDT",
      "status": "completed",
      "analysis": {
        "current_price": 0.692,
        "rsi": 37.5,
        "macd": -0.000591236218938751,
        "ma_7": 0.6938571428571427,
        "ma_25": 0.6941999999999999,
        "volume": 378.5,
        "price_change": -0.0010000000000000009,
        "signal": "SELL",
        "confidence": 0.7,
        "price_change_percent": -0.14430014430014443,
        "reason": "روند نزولی قوی"
      },
      "saved": false,
      "candles_analyzed": 50
    },
    {
      "coin_id": 1794,
      "symbol": "CGPTUSDT",
      "status": "completed",
      "analysis": {
        "current_price": 0.02774,
        "rsi": 51.61290322580641,
        "macd": -1.6316289655860655e-05,
        "ma_7": 0.02773857142857143,
        "ma_25": 0.0277508,
        "volume": 0.0,
        "price_change": 0.0,
        "signal": "HOLD",
        "confidence": 0.5,
        "price_change_percent": 0.0
      },
      "saved": false,
      "candles_analyzed": 50
    },
    {
      "coin_id": 1926,
      "symbol": "AVAXUSDT",
      "status": "completed",
      "analysis": {
        "current_price": 12.08,
        "rsi": 70.58823529411752,
        "macd": 0.01815201184751558,
        "ma_7": 12.084285714285715,
        "ma_25": 12.0428,
        "volume": 688.53,
        "price_change": 0.0,
        "signal": "SELL",
        "confidence": 0.8,
        "price_change_percent": 0.0,
        "reason": "RSI اشباع خرید"
      },
      "saved": false,
      "candles_analyzed": 50
    },
    {
      "coin_id": 1132,
      "symbol": "DOGEUSDT",
      "status": "completed",
      "analysis": {
        "current_price": 0.12773,
        "rsi": 51.875000000000284,
        "macd": 0.00011013646959223689,
        "ma_7": 0.12772999999999998,
        "ma_25": 0.127544,
        "volume": 220462.0,
        "price_change": -5.999999999997674e-05,
        "signal": "BUY",
        "confidence": 0.7,
        "price_change_percent": -0.04695203067530851,
        "reason": "روند صعودی قوی"
      },
      "saved": false,
      "candles_analyzed": 50
    },
    {
      "coin_id": 2034,
      "symbol": "DFUSDT",
      "status": "completed",
      "analysis": {
        "current_price": 0.01047,
        "rsi": 51.612903225806384,
        "macd": -1.6167108752304996e-05,
        "ma_7": 0.010468571428571428,
        "ma_25": 0.010482799999999999,
        "volume": 96.0,
        "price_change": 2.000000000000092e-05,
        "signal": "HOLD",
        "confidence": 0.5,
        "price_change_percent": 0.19138755980862124
      },
      "saved": false,
      "candles_analyzed": 50
    },
    {
      "coin_id": 1496,
      "symbol": "GIGGLEUSDT",
      "status": "completed",
      "analysis": {
        "current_price": 64.85,
        "rsi": 73.03921568627503,
        "macd": 0.1457437139850981,
        "ma_7": 64.53142857142858,
        "ma_25": 64.1604,
        "volume": 471.375,
        "price_change": 0.2599999999999909,
        "signal": "BUY",
        "confidence": 0.8,
        "price_change_percent": 0.4025390927388,
        "reason": "روند صعودی قوی"
      },
      "saved": false,
      "candles_analyzed": 50
    },
    {
      "coin_id": 1928,
      "symbol": "ASRUSDT",
      "status": "completed",
      "analysis": {
        "current_price": 1.457,
        "rsi": 22.22222222222277,
        "macd": -0.006427488171308227,
        "ma_7": 1.457857142857143,
        "ma_25": 1.46836,
        "volume": 2384.1,
        "price_change": 0.001000000000000112,
        "signal": "SELL",
        "confidence": 0.8,
        "price_change_percent": 0.06868131868132638,
        "reason": "روند نزولی قوی"
      },
      "saved": false,
      "candles_analyzed": 50
    }
  ]
}