{
  "block_id": 7,
  "processed_at": "2025-12-25T14:58:19.639148",
  "execution_time_seconds": 0.4,
  "total_coins": 43,
  "successful_coins": 42,
  "failed_coins": 1,
  "signals_generated": 22,
  "results": [
    {
      "coin_id": 1481,
      "symbol": "CELOUSDT",
      "status": "completed",
      "analysis": {
        "current_price": 0.1149,
        "rsi": 73.07692307692328,
        "macd": 0.00037686667592108647,
        "ma_7": 0.11487142857142855,
        "ma_25": 0.11398,
        "volume": 6347.2,
        "price_change": -0.00010000000000000286,
        "signal": "BUY",
        "confidence": 0.8,
        "price_change_percent": -0.08695652173913292,
        "reason": "روند صعودی قوی"
      },
      "saved": false,
      "candles_analyzed": 50
    },
    {
      "coin_id": 1672,
      "symbol": "ONGUSDT",
      "status": "completed",
      "analysis": {
        "current_price": 0.0809,
        "rsi": 50.0,
        "macd": 3.081093915875688e-05,
        "ma_7": 0.08085714285714285,
        "ma_25": 0.080816,
        "volume": 0.0,
        "price_change": 0.0,
        "signal": "BUY",
        "confidence": 0.7,
        "price_change_percent": 0.0,
        "reason": "روند صعودی قوی"
      },
      "saved": false,
      "candles_analyzed": 50
    },
    {
      "coin_id": 1262,
      "symbol": "SANDUSDT",
      "status": "completed",
      "analysis": {
        "current_price": 0.111,
        "rsi": 55.00000000000015,
        "macd": 8.676703851109857e-05,
        "ma_7": 0.11104285714285712,
        "ma_25": 0.110916,
        "volume": 3082.0,
        "price_change": 0.0,
        "signal": "HOLD",
        "confidence": 0.5,
        "price_change_percent": 0.0
      },
      "saved": false,
      "candles_analyzed": 50
    },
    {
      "coin_id": 1156,
      "symbol": "DOTUSDT",
      "status": "completed",
      "analysis": {
        "current_price": 1.725,
        "rsi": 57.142857142857316,
        "macd": -0.0003986002038571801,
        "ma_7": 1.7254285714285715,
        "ma_25": 1.72472,
        "volume": 1935.72,
        "price_change": 0.0,
        "signal": "HOLD",
        "confidence": 0.5,
        "price_change_percent": 0.0
      },
      "saved": false,
      "candles_analyzed": 50
    },
    {
      "coin_id": 1642,
      "symbol": "KNCUSDT",
      "status": "completed",
      "analysis": {
        "current_price": 0.224,
        "rsi": 56.66666666666698,
        "macd": -3.7345631393154166e-05,
        "ma_7": 0.22357142857142856,
        "ma_25": 0.223472,
        "volume": 0.0,
        "price_change": 0.0,
        "signal": "BUY",
        "confidence": 0.7,
        "price_change_percent": 0.0,
        "reason": "روند صعودی قوی"
      },
      "saved": false,
      "candles_analyzed": 50
    },
    {
      "coin_id": 1547,
      "symbol": "EULUSDT",
      "status": "completed",
      "analysis": {
        "current_price": 2.843,
        "rsi": 50.98039215686264,
        "macd": -0.003754043859072187,
        "ma_7": 2.8447142857142858,
        "ma_25": 2.8443600000000004,
        "volume": 11.36,
        "price_change": 0.0019999999999997797,
        "signal": "HOLD",
        "confidence": 0.5,
        "price_change_percent": 0.07039774727207954
      },
      "saved": false,
      "candles_analyzed": 50
    },
    {
      "coin_id": 1743,
      "symbol": "MNGOUSDT",
      "status": "failed",
      "reason": "no_data"
    },
    {
      "coin_id": 1694,
      "symbol": "CVCUSDT",
      "status": "completed",
      "analysis": {
        "current_price": 0.04296,
        "rsi": 67.49999999999937,
        "macd": -2.4508161062433698e-05,
        "ma_7": 0.04295714285714286,
        "ma_25": 0.042828399999999996,
        "volume": 117427.0,
        "price_change": -6.0000000000004494e-05,
        "signal": "BUY",
        "confidence": 0.7,
        "price_change_percent": -0.13947001394701183,
        "reason": "روند صعودی قوی"
      },
      "saved": false,
      "candles_analyzed": 50
    },
    {
      "coin_id": 1936,
      "symbol": "TSTUSDT",
      "status": "completed",
      "analysis": {
        "current_price": 0.01903,
        "rsi": 78.85462555066084,
        "macd": 0.00027026574747020596,
        "ma_7": 0.01895428571428571,
        "ma_25": 0.018384400000000002,
        "volume": 415889.5,
        "price_change": 5.9999999999997555e-05,
        "signal": "BUY",
        "confidence": 0.8,
        "price_change_percent": 0.3162888771744731,
        "reason": "روند صعودی قوی"
      },
      "saved": false,
      "candles_analyzed": 50
    },
    {
      "coin_id": 1988,
      "symbol": "CITYUSDT",
      "status": "completed",
      "analysis": {
        "current_price": 0.647,
        "rsi": 75.0,
        "macd": 7.540227308944214e-05,
        "ma_7": 0.6461428571428572,
        "ma_25": 0.6455200000000001,
        "volume": 32.89,
        "price_change": 0.0,
        "signal": "BUY",
        "confidence": 0.8,
        "price_change_percent": 0.0,
        "reason": "روند صعودی قوی"
      },
      "saved": false,
      "candles_analyzed": 50
    },
    {
      "coin_id": 1511,
      "symbol": "SKLUSDT",
      "status": "completed",
      "analysis": {
        "current_price": 0.00997,
        "rsi": 51.99999999999989,
        "macd": -1.8459560438086747e-06,
        "ma_7": 0.009974285714285713,
        "ma_25": 0.0099644,
        "volume": 27178.0,
        "price_change": 9.999999999999593e-06,
        "signal": "HOLD",
        "confidence": 0.5,
        "price_change_percent": 0.10040160642569873
      },
      "saved": false,
      "candles_analyzed": 50
    },
    {
      "coin_id": 1729,
      "symbol": "AIXBTUSDT",
      "status": "completed",
      "analysis": {
        "current_price": 0.0276,
        "rsi": 50.0,
        "macd": -5.230247020909101e-05,
        "ma_7": 0.027585714285714286,
        "ma_25": 0.027632,
        "volume": 119949.0,
        "price_change": -9.99999999999994e-05,
        "signal": "HOLD",
        "confidence": 0.5,
        "price_change_percent": -0.3610108303249076
      },
      "saved": false,
      "candles_analyzed": 50
    },
    {
      "coin_id": 1813,
      "symbol": "BBUSDT",
      "status": "completed",
      "analysis": {
        "current_price": 0.056,
        "rsi": 53.84615384615389,
        "macd": 1.8597560215577458e-05,
        "ma_7": 0.055842857142857145,
        "ma_25": 0.055836000000000004,
        "volume": 0.0,
        "price_change": 0.0,
        "signal": "BUY",
        "confidence": 0.7,
        "price_change_percent": 0.0,
        "reason": "روند صعودی قوی"
      },
      "saved": false,
      "candles_analyzed": 50
    },
    {
      "coin_id": 1417,
      "symbol": "EDUUSDT",
      "status": "completed",
      "analysis": {
        "current_price": 0.1429,
        "rsi": 29.999999999999304,
        "macd": -0.00029797544253298835,
        "ma_7": 0.1429,
        "ma_25": 0.143484,
        "volume": 9492.0,
        "price_change": -9.999999999998899e-05,
        "signal": "BUY",
        "confidence": 0.8,
        "price_change_percent": -0.06993006993006223,
        "reason": "RSI اشباع فروش"
      },
      "saved": false,
      "candles_analyzed": 50
    },
    {
      "coin_id": 1995,
      "symbol": "DUSDT",
      "status": "completed",
      "analysis": {
        "current_price": 0.0153,
        "rsi": 30.27522935779821,
        "macd": -0.00010308849908274506,
        "ma_7": 0.01533142857142857,
        "ma_25": 0.015488,
        "volume": 36942.0,
        "price_change": 2.9999999999998778e-05,
        "signal": "SELL",
        "confidence": 0.7,
        "price_change_percent": 0.19646365422396056,
        "reason": "روند نزولی قوی"
      },
      "saved": false,
      "candles_analyzed": 50
    },
    {
      "coin_id": 1734,
      "symbol": "AERGOUSDT",
      "status": "completed",
      "analysis": {
        "current_price": 0.0635,
        "rsi": 34.28571428571418,
        "macd": -0.00020604475340678385,
        "ma_7": 0.06375714285714286,
        "ma_25": 0.064156,
        "volume": 376.0,
        "price_change": -0.00010000000000000286,
        "signal": "SELL",
        "confidence": 0.7,
        "price_change_percent": -0.1572327044025202,
        "reason": "روند نزولی قوی"
      },
      "saved": false,
      "candles_analyzed": 50
    },
    {
      "coin_id": 1895,
      "symbol": "DODOUSDT",
      "status": "completed",
      "analysis": {
        "current_price": 0.0177,
        "rsi": 33.33333333333333,
        "macd": -4.654349117402465e-05,
        "ma_7": 0.0177,
        "ma_25": 0.017784,
        "volume": 807.9,
        "price_change": 0.0,
        "signal": "HOLD",
        "confidence": 0.5,
        "price_change_percent": 0.0
      },
      "saved": false,
      "candles_analyzed": 50
    },
    {
      "coin_id": 1146,
      "symbol": "HBARUSDT",
      "status": "completed",
      "analysis": {
        "current_price": 0.10866,
        "rsi": 47.48603351955331,
        "macd": -0.00010196745396080786,
        "ma_7": 0.10864142857142857,
        "ma_25": 0.1087752,
        "volume": 135180.0,
        "price_change": 5.000000000000837e-05,
        "signal": "HOLD",
        "confidence": 0.5,
        "price_change_percent": 0.046036276585957436
      },
      "saved": false,
      "candles_analyzed": 50
    },
    {
      "coin_id": 1338,
      "symbol": "JTOUSDT",
      "status": "completed",
      "analysis": {
        "current_price": 0.351,
        "rsi": 60.0,
        "macd": 4.62441559905824e-05,
        "ma_7": 0.3504285714285714,
        "ma_25": 0.35008,
        "volume": 0.0,
        "price_change": 0.0,
        "signal": "BUY",
        "confidence": 0.7,
        "price_change_percent": 0.0,
        "reason": "روند صعودی قوی"
      },
      "saved": false,
      "candles_analyzed": 50
    },
    {
      "coin_id": 1377,
      "symbol": "YFIUSDT",
      "status": "completed",
      "analysis": {
        "current_price": 3301.0,
        "rsi": 71.875,
        "macd": 5.909147904585552,
        "ma_7": 3296.5714285714284,
        "ma_25": 3282.32,
        "volume": 0.29885,
        "price_change": 1.0,
        "signal": "BUY",
        "confidence": 0.8,
        "price_change_percent": 0.030303030303030304,
        "reason": "روند صعودی قوی"
      },
      "saved": false,
      "candles_analyzed": 50
    },
    {
      "coin_id": 1990,
      "symbol": "TLMUSDT",
      "status": "completed",
      "analysis": {
        "current_price": 0.002087,
        "rsi": 46.42857142857098,
        "macd": -5.215258879669692e-06,
        "ma_7": 0.002083142857142857,
        "ma_25": 0.002089,
        "volume": 13659.0,
        "price_change": 1.9999999999998318e-06,
        "signal": "HOLD",
        "confidence": 0.5,
        "price_change_percent": 0.09592326139087921
      },
      "saved": false,
      "candles_analyzed": 50
    },
    {
      "coin_id": 1183,
      "symbol": "WLDUSDT",
      "status": "completed",
      "analysis": {
        "current_price": 0.4824,
        "rsi": 52.30769230769252,
        "macd": -0.00010327303094936902,
        "ma_7": 0.4821857142857143,
        "ma_25": 0.48229999999999995,
        "volume": 5067.3,
        "price_change": -9.999999999998899e-05,
        "signal": "HOLD",
        "confidence": 0.5,
        "price_change_percent": -0.020725388601033987
      },
      "saved": false,
      "candles_analyzed": 50
    },
    {
      "coin_id": 1336,
      "symbol": "SFPUSDT",
      "status": "completed",
      "analysis": {
        "current_price": 0.3027,
        "rsi": 48.14814814814837,
        "macd": -0.00011778778933818623,
        "ma_7": 0.30234285714285714,
        "ma_25": 0.302448,
        "volume": 0.0,
        "price_change": 0.0,
        "signal": "HOLD",
        "confidence": 0.5,
        "price_change_percent": 0.0
      },
      "saved": false,
      "candles_analyzed": 50
    },
    {
      "coin_id": 1280,
      "symbol": "NEOUSDT",
      "status": "completed",
      "analysis": {
        "current_price": 3.525,
        "rsi": 49.48453608247428,
        "macd": -0.004604857475885904,
        "ma_7": 3.5130000000000003,
        "ma_25": 3.52296,
        "volume": 226.9,
        "price_change": 0.007000000000000117,
        "signal": "HOLD",
        "confidence": 0.5,
        "price_change_percent": 0.19897669130187942
      },
      "saved": false,
      "candles_analyzed": 50
    },
    {
      "coin_id": 1930,
      "symbol": "BANKUSDT",
      "status": "completed",
      "analysis": {
        "current_price": 0.0444,
        "rsi": 23.076923076922867,
        "macd": -0.00033906724202600186,
        "ma_7": 0.04454285714285714,
        "ma_25": 0.04494,
        "volume": 97482.6,
        "price_change": -9.999999999999593e-05,
        "signal": "SELL",
        "confidence": 0.8,
        "price_change_percent": -0.22471910112358637,
        "reason": "روند نزولی قوی"
      },
      "saved": false,
      "candles_analyzed": 50
    },
    {
      "coin_id": 1969,
      "symbol": "OXTUSDT",
      "status": "completed",
      "analysis": {
        "current_price": 0.0236,
        "rsi": 0.0,
        "macd": -2.539582806648094e-05,
        "ma_7": 0.023657142857142856,
        "ma_25": 0.023676000000000003,
        "volume": 0.0,
        "price_change": 0.0,
        "signal": "SELL",
        "confidence": 0.7,
        "price_change_percent": 0.0,
        "reason": "روند نزولی قوی"
      },
      "saved": false,
      "candles_analyzed": 50
    },
    {
      "coin_id": 1125,
      "symbol": "BTCUSDT",
      "status": "completed",
      "analysis": {
        "current_price": 87814.43,
        "rsi": 53.67099681428749,
        "macd": 78.81186152537703,
        "ma_7": 87841.82428571429,
        "ma_25": 87804.442,
        "volume": 34.22901,
        "price_change": 57.33999999999651,
        "signal": "HOLD",
        "confidence": 0.5,
        "price_change_percent": 0.06533945006608186
      },
      "saved": false,
      "candles_analyzed": 50
    },
    {
      "coin_id": 1897,
      "symbol": "HFTUSDT",
      "status": "completed",
      "analysis": {
        "current_price": 0.0273,
        "rsi": 75.00000000000021,
        "macd": 3.203537998053285e-05,
        "ma_7": 0.027228571428571432,
        "ma_25": 0.027111999999999997,
        "volume": 5890.7,
        "price_change": 0.0,
        "signal": "BUY",
        "confidence": 0.8,
        "price_change_percent": 0.0,
        "reason": "روند صعودی قوی"
      },
      "saved": false,
      "candles_analyzed": 50
    },
    {
      "coin_id": 1476,
      "symbol": "BIOUSDT",
      "status": "completed",
      "analysis": {
        "current_price": 0.0412,
        "rsi": 71.42857142857115,
        "macd": 5.285433580259208e-05,
        "ma_7": 0.041042857142857145,
        "ma_25": 0.040944,
        "volume": 200326.1,
        "price_change": 0.00010000000000000286,
        "signal": "BUY",
        "confidence": 0.8,
        "price_change_percent": 0.243309002433097,
        "reason": "روند صعودی قوی"
      },
      "saved": false,
      "candles_analyzed": 50
    },
    {
      "coin_id": 2027,
      "symbol": "TUSDT",
      "status": "completed",
      "analysis": {
        "current_price": 0.00872,
        "rsi": 57.14285714285714,
        "macd": -1.6719605090439668e-05,
        "ma_7": 0.008709999999999999,
        "ma_25": 0.0087144,
        "volume": 0.0,
        "price_change": 0.0,
        "signal": "HOLD",
        "confidence": 0.5,
        "price_change_percent": 0.0
      },
      "saved": false,
      "candles_analyzed": 50
    },
    {
      "coin_id": 1980,
      "symbol": "REZUSDT",
      "status": "completed",
      "analysis": {
        "current_price": 0.00443,
        "rsi": 50.0,
        "macd": 1.318040169405281e-06,
        "ma_7": 0.004435714285714286,
        "ma_25": 0.0044288,
        "volume": 0.0,
        "price_change": 0.0,
        "signal": "HOLD",
        "confidence": 0.5,
        "price_change_percent": 0.0
      },
      "saved": false,
      "candles_analyzed": 50
    },
    {
      "coin_id": 1676,
      "symbol": "AUCTIONUSDT",
      "status": "completed",
      "analysis": {
        "current_price": 4.88,
        "rsi": 66.66666666666666,
        "macd": -0.0001519979123676407,
        "ma_7": 4.875714285714286,
        "ma_25": 4.8732,
        "volume": 0.0,
        "price_change": 0.0,
        "signal": "BUY",
        "confidence": 0.7,
        "price_change_percent": 0.0,
        "reason": "روند صعودی قوی"
      },
      "saved": false,
      "candles_analyzed": 50
    },
    {
      "coin_id": 1978,
      "symbol": "BMTUSDT",
      "status": "completed",
      "analysis": {
        "current_price": 0.0228,
        "rsi": 60.0,
        "macd": -2.4511239544177527e-05,
        "ma_7": 0.022785714285714288,
        "ma_25": 0.022795999999999997,
        "volume": 0.0,
        "price_change": 0.0,
        "signal": "HOLD",
        "confidence": 0.5,
        "price_change_percent": 0.0
      },
      "saved": false,
      "candles_analyzed": 50
    },
    {
      "coin_id": 1671,
      "symbol": "BANANAS31USDT",
      "status": "completed",
      "analysis": {
        "current_price": 0.00341,
        "rsi": 62.49999999999991,
        "macd": -9.914554481417134e-06,
        "ma_7": 0.003402857142857143,
        "ma_25": 0.00340788,
        "volume": 343319.0,
        "price_change": 7.99999999999976e-06,
        "signal": "HOLD",
        "confidence": 0.5,
        "price_change_percent": 0.23515579071133924
      },
      "saved": false,
      "candles_analyzed": 50
    },
    {
      "coin_id": 1861,
      "symbol": "DUSKUSDT",
      "status": "completed",
      "analysis": {
        "current_price": 0.0405,
        "rsi": 66.66666666666666,
        "macd": 9.181089830164607e-05,
        "ma_7": 0.04042857142857143,
        "ma_25": 0.040256,
        "volume": 2743.0,
        "price_change": 0.0,
        "signal": "BUY",
        "confidence": 0.7,
        "price_change_percent": 0.0,
        "reason": "روند صعودی قوی"
      },
      "saved": false,
      "candles_analyzed": 50
    },
    {
      "coin_id": 1742,
      "symbol": "PHAUSDT",
      "status": "completed",
      "analysis": {
        "current_price": 0.0342,
        "rsi": 57.14285714285728,
        "macd": 5.843761640637879e-06,
        "ma_7": 0.03414285714285714,
        "ma_25": 0.034104,
        "volume": 17159.0,
        "price_change": 0.0,
        "signal": "BUY",
        "confidence": 0.7,
        "price_change_percent": 0.0,
        "reason": "روند صعودی قوی"
      },
      "saved": false,
      "candles_analyzed": 50
    },
    {
      "coin_id": 1979,
      "symbol": "TUTUSDT",
      "status": "completed",
      "analysis": {
        "current_price": 0.01281,
        "rsi": 44.11764705882354,
        "macd": 7.270873774884237e-06,
        "ma_7": 0.012802857142857144,
        "ma_25": 0.012828,
        "volume": 20978.0,
        "price_change": 0.0,
        "signal": "HOLD",
        "confidence": 0.5,
        "price_change_percent": 0.0
      },
      "saved": false,
      "candles_analyzed": 50
    },
    {
      "coin_id": 1130,
      "symbol": "SOLUSDT",
      "status": "completed",
      "analysis": {
        "current_price": 122.15,
        "rsi": 73.7931034482767,
        "macd": 0.164316308815188,
        "ma_7": 122.0257142857143,
        "ma_25": 121.6764,
        "volume": 241.573,
        "price_change": 0.010000000000005116,
        "signal": "BUY",
        "confidence": 0.8,
        "price_change_percent": 0.008187326019326278,
        "reason": "روند صعودی قوی"
      },
      "saved": false,
      "candles_analyzed": 50
    },
    {
      "coin_id": 1136,
      "symbol": "USDSUSDT",
      "status": "completed",
      "analysis": {
        "current_price": 0.9968,
        "rsi": null,
        "macd": -5.862883740714864e-05,
        "ma_7": 0.9968,
        "ma_25": 0.9967480000000001,
        "volume": 0.0,
        "price_change": 0.0,
        "signal": "HOLD",
        "confidence": 0.5,
        "price_change_percent": 0.0
      },
      "saved": false,
      "candles_analyzed": 50
    },
    {
      "coin_id": 1222,
      "symbol": "DASHUSDT",
      "status": "completed",
      "analysis": {
        "current_price": 36.64,
        "rsi": 66.3265306122452,
        "macd": 0.004069046953972588,
        "ma_7": 36.63285714285714,
        "ma_25": 36.528,
        "volume": 91.772,
        "price_change": 0.030000000000001137,
        "signal": "BUY",
        "confidence": 0.7,
        "price_change_percent": 0.0819448238186319,
        "reason": "روند صعودی قوی"
      },
      "saved": false,
      "candles_analyzed": 50
    },
    {
      "coin_id": 1626,
      "symbol": "AUDIOUSDT",
      "status": "completed",
      "analysis": {
        "current_price": 0.0285,
        "rsi": 50.0,
        "macd": 1.4220288282140031e-05,
        "ma_7": 0.028514285714285714,
        "ma_25": 0.028476000000000005,
        "volume": 3079.4,
        "price_change": -9.99999999999994e-05,
        "signal": "HOLD",
        "confidence": 0.5,
        "price_change_percent": -0.3496503496503475
      },
      "saved": false,
      "candles_analyzed": 50
    },
    {
      "coin_id": 1467,
      "symbol": "ROSEUSDT",
      "status": "completed",
      "analysis": {
        "current_price": 0.01006,
        "rsi": 69.2307692307681,
        "macd": 1.4847590858492465e-06,
        "ma_7": 0.010057142857142857,
        "ma_25": 0.0100444,
        "volume": 26016.9,
        "price_change": 0.0,
        "signal": "BUY",
        "confidence": 0.7,
        "price_change_percent": 0.0,
        "reason": "روند صعودی قوی"
      },
      "saved": false,
      "candles_analyzed": 50
    },
    {
      "coin_id": 1962,
      "symbol": "EURIUSDT",
      "status": "completed",
      "analysis": {
        "current_price": 1.1801,
        "rsi": 55.55555555555556,
        "macd": 7.046236169516717e-05,
        "ma_7": 1.1798428571428572,
        "ma_25": 1.179964,
        "volume": 8351.1,
        "price_change": 0.0004999999999999449,
        "signal": "HOLD",
        "confidence": 0.5,
        "price_change_percent": 0.04238724991522083
      },
      "saved": false,
      "candles_analyzed": 50
    }
  ]
}