{
  "block_id": 11,
  "processed_at": "2025-12-25T15:00:08.240064",
  "execution_time_seconds": 0.165995,
  "total_coins": 15,
  "successful_coins": 14,
  "failed_coins": 1,
  "signals_generated": 6,
  "results": [
    {
      "coin_id": 1346,
      "symbol": "SNXUSDT",
      "status": "completed",
      "analysis": {
        "current_price": 0.42,
        "rsi": 50.0,
        "macd": -3.322471220512657e-05,
        "ma_7": 0.42028571428571426,
        "ma_25": 0.41960000000000003,
        "volume": 36432.9,
        "price_change": 0.0,
        "signal": "HOLD",
        "confidence": 0.5,
        "price_change_percent": 0.0
      },
      "saved": false,
      "candles_analyzed": 50
    },
    {
      "coin_id": 1816,
      "symbol": "QIUSDT",
      "status": "completed",
      "analysis": {
        "current_price": 0.00302,
        "rsi": 66.66666666666666,
        "macd": 1.9954733326932143e-06,
        "ma_7": 0.00301,
        "ma_25": 0.0030047999999999997,
        "volume": 78911.0,
        "price_change": 0.0,
        "signal": "BUY",
        "confidence": 0.7,
        "price_change_percent": 0.0,
        "reason": "روند صعودی قوی"
      },
      "saved": false,
      "candles_analyzed": 50
    },
    {
      "coin_id": 2020,
      "symbol": "WANUSDT",
      "status": "completed",
      "analysis": {
        "current_price": 0.0704,
        "rsi": 47.0588235294121,
        "macd": -3.500918148663379e-05,
        "ma_7": 0.07058571428571428,
        "ma_25": 0.070496,
        "volume": 1556.0,
        "price_change": -0.00019999999999999185,
        "signal": "HOLD",
        "confidence": 0.5,
        "price_change_percent": -0.28328611898015843
      },
      "saved": false,
      "candles_analyzed": 50
    },
    {
      "coin_id": 1429,
      "symbol": "NIZAUSDT",
      "status": "failed",
      "reason": "no_data"
    },
    {
      "coin_id": 2015,
      "symbol": "PORTOUSDT",
      "status": "completed",
      "analysis": {
        "current_price": 1.007,
        "rsi": 31.57894736842087,
        "macd": -0.0037754771779316965,
        "ma_7": 1.0052857142857141,
        "ma_25": 1.0126799999999998,
        "volume": 0.0,
        "price_change": 0.0,
        "signal": "HOLD",
        "confidence": 0.5,
        "price_change_percent": 0.0
      },
      "saved": false,
      "candles_analyzed": 50
    },
    {
      "coin_id": 1331,
      "symbol": "RSRUSDT",
      "status": "completed",
      "analysis": {
        "current_price": 0.002428,
        "rsi": 54.838709677419395,
        "macd": 2.042949041344052e-06,
        "ma_7": 0.002429,
        "ma_25": 0.00242384,
        "volume": 0.0,
        "price_change": 0.0,
        "signal": "HOLD",
        "confidence": 0.5,
        "price_change_percent": 0.0
      },
      "saved": false,
      "candles_analyzed": 50
    },
    {
      "coin_id": 1972,
      "symbol": "KERNELUSDT",
      "status": "completed",
      "analysis": {
        "current_price": 0.0698,
        "rsi": 43.58974358974361,
        "macd": -5.994351143610854e-05,
        "ma_7": 0.0703,
        "ma_25": 0.070628,
        "volume": 177123.4,
        "price_change": 0.0,
        "signal": "SELL",
        "confidence": 0.7,
        "price_change_percent": 0.0,
        "reason": "روند نزولی قوی"
      },
      "saved": false,
      "candles_analyzed": 50
    },
    {
      "coin_id": 1431,
      "symbol": "KAVAUSDT",
      "status": "completed",
      "analysis": {
        "current_price": 0.0744,
        "rsi": 59.99999999999889,
        "macd": -1.8088066898999666e-05,
        "ma_7": 0.0744,
        "ma_25": 0.074368,
        "volume": 0.0,
        "price_change": 0.0,
        "signal": "HOLD",
        "confidence": 0.5,
        "price_change_percent": 0.0
      },
      "saved": false,
      "candles_analyzed": 50
    },
    {
      "coin_id": 1652,
      "symbol": "LQTYUSDT",
      "status": "completed",
      "analysis": {
        "current_price": 0.385,
        "rsi": 39.99999999999999,
        "macd": -0.000946380798623303,
        "ma_7": 0.38485714285714284,
        "ma_25": 0.38632,
        "volume": 0.0,
        "price_change": 0.0,
        "signal": "HOLD",
        "confidence": 0.5,
        "price_change_percent": 0.0
      },
      "saved": false,
      "candles_analyzed": 50
    },
    {
      "coin_id": 1976,
      "symbol": "PSGUSDT",
      "status": "completed",
      "analysis": {
        "current_price": 0.815,
        "rsi": 46.666666666666615,
        "macd": -0.0012769577768727558,
        "ma_7": 0.8144285714285714,
        "ma_25": 0.8157599999999999,
        "volume": 37.69,
        "price_change": 0.0020000000000000018,
        "signal": "HOLD",
        "confidence": 0.5,
        "price_change_percent": 0.24600246002460047
      },
      "saved": false,
      "candles_analyzed": 50
    },
    {
      "coin_id": 1537,
      "symbol": "ALTUSDT",
      "status": "completed",
      "analysis": {
        "current_price": 0.01124,
        "rsi": 64.99999999999952,
        "macd": 4.263799596738657e-06,
        "ma_7": 0.011227142857142856,
        "ma_25": 0.011206,
        "volume": 15111.0,
        "price_change": 9.999999999999593e-06,
        "signal": "BUY",
        "confidence": 0.7,
        "price_change_percent": 0.08904719501335344,
        "reason": "روند صعودی قوی"
      },
      "saved": false,
      "candles_analyzed": 50
    },
    {
      "coin_id": 1392,
      "symbol": "METUSDT",
      "status": "completed",
      "analysis": {
        "current_price": 0.2371,
        "rsi": 51.72413793103453,
        "macd": 6.249542758524074e-05,
        "ma_7": 0.2366714285714286,
        "ma_25": 0.236904,
        "volume": 3933.7,
        "price_change": 0.0,
        "signal": "HOLD",
        "confidence": 0.5,
        "price_change_percent": 0.0
      },
      "saved": false,
      "candles_analyzed": 50
    },
    {
      "coin_id": 1164,
      "symbol": "TAOUSDT",
      "status": "completed",
      "analysis": {
        "current_price": 208.1,
        "rsi": 60.52631578947319,
        "macd": 0.09011249604458271,
        "ma_7": 207.78571428571428,
        "ma_25": 207.372,
        "volume": 53.1367,
        "price_change": 0.0,
        "signal": "BUY",
        "confidence": 0.7,
        "price_change_percent": 0.0,
        "reason": "روند صعودی قوی"
      },
      "saved": false,
      "candles_analyzed": 50
    },
    {
      "coin_id": 1634,
      "symbol": "ANIMEUSDT",
      "status": "completed",
      "analysis": {
        "current_price": 0.00959,
        "rsi": 38.271604938271544,
        "macd": -1.9932712654494728e-05,
        "ma_7": 0.009624285714285714,
        "ma_25": 0.0096808,
        "volume": 4198007.3,
        "price_change": -7.000000000000062e-05,
        "signal": "SELL",
        "confidence": 0.7,
        "price_change_percent": -0.7246376811594266,
        "reason": "روند نزولی قوی"
      },
      "saved": false,
      "candles_analyzed": 50
    },
    {
      "coin_id": 1495,
      "symbol": "WAVESUSDT",
      "status": "completed",
      "analysis": {
        "current_price": 1.076,
        "rsi": 90.37037037037044,
        "macd": 0.009858101062247826,
        "ma_7": 1.0254285714285714,
        "ma_25": 0.9986799999999999,
        "volume": 98527.64,
        "price_change": 0.018000000000000016,
        "signal": "BUY",
        "confidence": 0.8,
        "price_change_percent": 1.7013232514177707,
        "reason": "روند صعودی قوی"
      },
      "saved": false,
      "candles_analyzed": 50
    }
  ]
}