{
  "block_id": 12,
  "processed_at": "2025-12-25T15:00:10.735463",
  "execution_time_seconds": 0.310018,
  "total_coins": 35,
  "successful_coins": 35,
  "failed_coins": 0,
  "signals_generated": 22,
  "results": [
    {
      "coin_id": 2022,
      "symbol": "RDNTUSDT",
      "status": "completed",
      "analysis": {
        "current_price": 0.00918,
        "rsi": 83.33333333333381,
        "macd": -9.541625623325778e-07,
        "ma_7": 0.009174285714285715,
        "ma_25": 0.009166,
        "volume": 0.0,
        "price_change": 0.0,
        "signal": "BUY",
        "confidence": 0.8,
        "price_change_percent": 0.0,
        "reason": "روند صعودی قوی"
      },
      "saved": false,
      "candles_analyzed": 50
    },
    {
      "coin_id": 1531,
      "symbol": "ICXUSDT",
      "status": "completed",
      "analysis": {
        "current_price": 0.053,
        "rsi": 50.0,
        "macd": -9.081976698983169e-05,
        "ma_7": 0.05287142857142857,
        "ma_25": 0.052992,
        "volume": 15510.5,
        "price_change": 9.999999999999593e-05,
        "signal": "HOLD",
        "confidence": 0.5,
        "price_change_percent": 0.18903591682418888
      },
      "saved": false,
      "candles_analyzed": 50
    },
    {
      "coin_id": 2000,
      "symbol": "1000CATUSDT",
      "status": "completed",
      "analysis": {
        "current_price": 0.0026,
        "rsi": 60.0,
        "macd": 5.892713836179366e-06,
        "ma_7": 0.0025957142857142854,
        "ma_25": 0.0025832,
        "volume": 3620724.6,
        "price_change": 0.0,
        "signal": "BUY",
        "confidence": 0.7,
        "price_change_percent": 0.0,
        "reason": "روند صعودی قوی"
      },
      "saved": false,
      "candles_analyzed": 50
    },
    {
      "coin_id": 1419,
      "symbol": "MOVEUSDT",
      "status": "completed",
      "analysis": {
        "current_price": 0.0391,
        "rsi": 52.23880597014925,
        "macd": 0.0005933378167169573,
        "ma_7": 0.03874285714285714,
        "ma_25": 0.038148,
        "volume": 1260111.1,
        "price_change": 0.0011000000000000038,
        "signal": "BUY",
        "confidence": 0.7,
        "price_change_percent": 2.894736842105273,
        "reason": "روند صعودی قوی"
      },
      "saved": false,
      "candles_analyzed": 50
    },
    {
      "coin_id": 1965,
      "symbol": "FXSUSDT",
      "status": "completed",
      "analysis": {
        "current_price": 0.68,
        "rsi": 39.99999999999999,
        "macd": -0.0008015050854903727,
        "ma_7": 0.6808571428571428,
        "ma_25": 0.68244,
        "volume": 2826.3,
        "price_change": -0.0010000000000000009,
        "signal": "SELL",
        "confidence": 0.7,
        "price_change_percent": -0.14684287812041127,
        "reason": "روند نزولی قوی"
      },
      "saved": false,
      "candles_analyzed": 50
    },
    {
      "coin_id": 1554,
      "symbol": "COTIUSDT",
      "status": "completed",
      "analysis": {
        "current_price": 0.02073,
        "rsi": 45.45454545454488,
        "macd": -1.8518342691047768e-05,
        "ma_7": 0.020730000000000002,
        "ma_25": 0.020744,
        "volume": 15019.0,
        "price_change": 2.9999999999998778e-05,
        "signal": "SELL",
        "confidence": 0.7,
        "price_change_percent": 0.14492753623187815,
        "reason": "روند نزولی قوی"
      },
      "saved": false,
      "candles_analyzed": 50
    },
    {
      "coin_id": 1912,
      "symbol": "FORTHUSDT",
      "status": "completed",
      "analysis": {
        "current_price": 1.533,
        "rsi": 27.7777777777775,
        "macd": -0.003801886372233998,
        "ma_7": 1.5369999999999997,
        "ma_25": 1.5441200000000002,
        "volume": 4.59,
        "price_change": -0.001000000000000112,
        "signal": "SELL",
        "confidence": 0.8,
        "price_change_percent": -0.06518904823990299,
        "reason": "روند نزولی قوی"
      },
      "saved": false,
      "candles_analyzed": 50
    },
    {
      "coin_id": 1646,
      "symbol": "CYBERUSDT",
      "status": "completed",
      "analysis": {
        "current_price": 0.67,
        "rsi": 58.33333333333333,
        "macd": -0.0007811268129215287,
        "ma_7": 0.6695714285714286,
        "ma_25": 0.6702000000000001,
        "volume": 174.2,
        "price_change": 0.0,
        "signal": "HOLD",
        "confidence": 0.5,
        "price_change_percent": 0.0
      },
      "saved": false,
      "candles_analyzed": 50
    },
    {
      "coin_id": 1833,
      "symbol": "NEWTUSDT",
      "status": "completed",
      "analysis": {
        "current_price": 0.0991,
        "rsi": 62.4999999999997,
        "macd": 0.00020518218400263077,
        "ma_7": 0.09877142857142858,
        "ma_25": 0.098576,
        "volume": 7129.3,
        "price_change": 9.999999999998899e-05,
        "signal": "BUY",
        "confidence": 0.7,
        "price_change_percent": 0.10101010101008989,
        "reason": "روند صعودی قوی"
      },
      "saved": false,
      "candles_analyzed": 50
    },
    {
      "coin_id": 1720,
      "symbol": "SOPHUSDT",
      "status": "completed",
      "analysis": {
        "current_price": 0.01359,
        "rsi": 54.99999999999973,
        "macd": 1.717617438436181e-05,
        "ma_7": 0.013572857142857142,
        "ma_25": 0.0135548,
        "volume": 0.0,
        "price_change": 0.0,
        "signal": "BUY",
        "confidence": 0.7,
        "price_change_percent": 0.0,
        "reason": "روند صعودی قوی"
      },
      "saved": false,
      "candles_analyzed": 50
    },
    {
      "coin_id": 1461,
      "symbol": "OMUSDT",
      "status": "completed",
      "analysis": {
        "current_price": 0.0702,
        "rsi": 58.333333333332845,
        "macd": 7.631010023707863e-05,
        "ma_7": 0.07021428571428572,
        "ma_25": 0.070024,
        "volume": 0.0,
        "price_change": 0.0,
        "signal": "HOLD",
        "confidence": 0.5,
        "price_change_percent": 0.0
      },
      "saved": false,
      "candles_analyzed": 50
    },
    {
      "coin_id": 1935,
      "symbol": "PORTALUSDT",
      "status": "completed",
      "analysis": {
        "current_price": 0.0226,
        "rsi": 100.0,
        "macd": -3.451333332588763e-06,
        "ma_7": 0.022528571428571426,
        "ma_25": 0.022468,
        "volume": 0.0,
        "price_change": 0.0,
        "signal": "BUY",
        "confidence": 0.8,
        "price_change_percent": 0.0,
        "reason": "روند صعودی قوی"
      },
      "saved": false,
      "candles_analyzed": 50
    },
    {
      "coin_id": 1187,
      "symbol": "APTUSDT",
      "status": "completed",
      "analysis": {
        "current_price": 1.577,
        "rsi": 58.33333333333333,
        "macd": -0.0006402695859870633,
        "ma_7": 1.5768571428571427,
        "ma_25": 1.5767600000000002,
        "volume": 9737.9,
        "price_change": 0.0,
        "signal": "BUY",
        "confidence": 0.7,
        "price_change_percent": 0.0,
        "reason": "روند صعودی قوی"
      },
      "saved": false,
      "candles_analyzed": 50
    },
    {
      "coin_id": 1165,
      "symbol": "NEARUSDT",
      "status": "completed",
      "analysis": {
        "current_price": 1.446,
        "rsi": 52.63157894736811,
        "macd": -0.0004396928983427806,
        "ma_7": 1.446,
        "ma_25": 1.44624,
        "volume": 18269.3,
        "price_change": -0.001000000000000112,
        "signal": "HOLD",
        "confidence": 0.5,
        "price_change_percent": -0.06910850034555023
      },
      "saved": false,
      "candles_analyzed": 50
    },
    {
      "coin_id": 1247,
      "symbol": "CFXUSDT",
      "status": "completed",
      "analysis": {
        "current_price": 0.0686,
        "rsi": 62.49999999999978,
        "macd": 4.319827721732672e-05,
        "ma_7": 0.06855714285714286,
        "ma_25": 0.06842000000000001,
        "volume": 39903.0,
        "price_change": 0.0,
        "signal": "BUY",
        "confidence": 0.7,
        "price_change_percent": 0.0,
        "reason": "روند صعودی قوی"
      },
      "saved": false,
      "candles_analyzed": 50
    },
    {
      "coin_id": 1927,
      "symbol": "EURUSDT",
      "status": "completed",
      "analysis": {
        "current_price": 1.1804,
        "rsi": 76.47058823529412,
        "macd": 0.00013095099459214943,
        "ma_7": 1.1802285714285714,
        "ma_25": 1.179808,
        "volume": 45825.2,
        "price_change": 0.0,
        "signal": "BUY",
        "confidence": 0.8,
        "price_change_percent": 0.0,
        "reason": "روند صعودی قوی"
      },
      "saved": false,
      "candles_analyzed": 50
    },
    {
      "coin_id": 1343,
      "symbol": "AXSUSDT",
      "status": "completed",
      "analysis": {
        "current_price": 0.834,
        "rsi": 66.66666666666666,
        "macd": 0.0008066888189192101,
        "ma_7": 0.8304285714285714,
        "ma_25": 0.82788,
        "volume": 3811.96,
        "price_change": 0.0,
        "signal": "BUY",
        "confidence": 0.7,
        "price_change_percent": 0.0,
        "reason": "روند صعودی قوی"
      },
      "saved": false,
      "candles_analyzed": 50
    },
    {
      "coin_id": 2021,
      "symbol": "PIVXUSDT",
      "status": "completed",
      "analysis": {
        "current_price": 0.1192,
        "rsi": 35.71428571428578,
        "macd": -0.00035411962000704567,
        "ma_7": 0.11928571428571429,
        "ma_25": 0.119724,
        "volume": 2984.0,
        "price_change": -0.00010000000000000286,
        "signal": "SELL",
        "confidence": 0.7,
        "price_change_percent": -0.08382229673093282,
        "reason": "روند نزولی قوی"
      },
      "saved": false,
      "candles_analyzed": 50
    },
    {
      "coin_id": 1385,
      "symbol": "LINEAUSDT",
      "status": "completed",
      "analysis": {
        "current_price": 0.00635,
        "rsi": 64.70588235294107,
        "macd": 2.1496219739857575e-05,
        "ma_7": 0.006367142857142857,
        "ma_25": 0.006317199999999999,
        "volume": 12259.0,
        "price_change": -2.0000000000000052e-05,
        "signal": "HOLD",
        "confidence": 0.5,
        "price_change_percent": -0.31397174254317195
      },
      "saved": false,
      "candles_analyzed": 50
    },
    {
      "coin_id": 1246,
      "symbol": "ENSUSDT",
      "status": "completed",
      "analysis": {
        "current_price": 9.3,
        "rsi": 55.55555555555643,
        "macd": 0.0066016564517195064,
        "ma_7": 9.311428571428573,
        "ma_25": 9.2884,
        "volume": 31.88,
        "price_change": -0.009999999999999787,
        "signal": "HOLD",
        "confidence": 0.5,
        "price_change_percent": -0.10741138560687202
      },
      "saved": false,
      "candles_analyzed": 50
    },
    {
      "coin_id": 1459,
      "symbol": "SCUSDT",
      "status": "completed",
      "analysis": {
        "current_price": 0.001438,
        "rsi": 26.82926829268341,
        "macd": -2.2089551730193092e-06,
        "ma_7": 0.0014421428571428571,
        "ma_25": 0.0014506,
        "volume": 195727.0,
        "price_change": -2.0000000000000486e-06,
        "signal": "SELL",
        "confidence": 0.8,
        "price_change_percent": -0.13888888888889225,
        "reason": "روند نزولی قوی"
      },
      "saved": false,
      "candles_analyzed": 50
    },
    {
      "coin_id": 2014,
      "symbol": "GLMRUSDT",
      "status": "completed",
      "analysis": {
        "current_price": 0.0228,
        "rsi": 50.0,
        "macd": -1.646643363964473e-05,
        "ma_7": 0.022757142857142858,
        "ma_25": 0.022788,
        "volume": 13816.0,
        "price_change": 0.0,
        "signal": "HOLD",
        "confidence": 0.5,
        "price_change_percent": 0.0
      },
      "saved": false,
      "candles_analyzed": 50
    },
    {
      "coin_id": 1781,
      "symbol": "FIROUSDT",
      "status": "completed",
      "analysis": {
        "current_price": 0.3,
        "rsi": 47.54716981132075,
        "macd": 0.00047139371849636014,
        "ma_7": 0.303,
        "ma_25": 0.30744,
        "volume": 13462.4,
        "price_change": -0.03300000000000003,
        "signal": "SELL",
        "confidence": 0.7,
        "price_change_percent": -9.909909909909919,
        "reason": "روند نزولی قوی"
      },
      "saved": false,
      "candles_analyzed": 50
    },
    {
      "coin_id": 1996,
      "symbol": "RADUSDT",
      "status": "completed",
      "analysis": {
        "current_price": 0.258,
        "rsi": 44.444444444444436,
        "macd": -0.00015318854573714846,
        "ma_7": 0.25857142857142856,
        "ma_25": 0.25852,
        "volume": 21.4,
        "price_change": 0.0,
        "signal": "HOLD",
        "confidence": 0.5,
        "price_change_percent": 0.0
      },
      "saved": false,
      "candles_analyzed": 50
    },
    {
      "coin_id": 1934,
      "symbol": "LDOUSDT",
      "status": "completed",
      "analysis": {
        "current_price": 0.5233,
        "rsi": 55.072463768116336,
        "macd": 6.346050915628787e-05,
        "ma_7": 0.5236285714285714,
        "ma_25": 0.522884,
        "volume": 2825.28,
        "price_change": 9.999999999998899e-05,
        "signal": "HOLD",
        "confidence": 0.5,
        "price_change_percent": 0.019113149847092694
      },
      "saved": false,
      "candles_analyzed": 50
    },
    {
      "coin_id": 1339,
      "symbol": "LPTUSDT",
      "status": "completed",
      "analysis": {
        "current_price": 2.882,
        "rsi": 56.818181818182275,
        "macd": 0.0010559192659789218,
        "ma_7": 2.882285714285714,
        "ma_25": 2.87952,
        "volume": 570.43,
        "price_change": -0.0029999999999996696,
        "signal": "HOLD",
        "confidence": 0.5,
        "price_change_percent": -0.10398613518196428
      },
      "saved": false,
      "candles_analyzed": 50
    },
    {
      "coin_id": 1355,
      "symbol": "DYDXUSDT",
      "status": "completed",
      "analysis": {
        "current_price": 0.161,
        "rsi": 60.0,
        "macd": 0.00017490145854159866,
        "ma_7": 0.1609285714285714,
        "ma_25": 0.160548,
        "volume": 451.77,
        "price_change": 0.00010000000000001674,
        "signal": "BUY",
        "confidence": 0.7,
        "price_change_percent": 0.06215040397763627,
        "reason": "روند صعودی قوی"
      },
      "saved": false,
      "candles_analyzed": 50
    },
    {
      "coin_id": 1943,
      "symbol": "TURTLEUSDT",
      "status": "completed",
      "analysis": {
        "current_price": 0.0572,
        "rsi": 50.0,
        "macd": -9.867974557710435e-05,
        "ma_7": 0.05702857142857143,
        "ma_25": 0.05707199999999999,
        "volume": 8958.8,
        "price_change": 0.00010000000000000286,
        "signal": "HOLD",
        "confidence": 0.5,
        "price_change_percent": 0.17513134851138856
      },
      "saved": false,
      "candles_analyzed": 50
    },
    {
      "coin_id": 1884,
      "symbol": "ZBTUSDT",
      "status": "completed",
      "analysis": {
        "current_price": 0.0851,
        "rsi": 35.877862595419785,
        "macd": -0.0014263573215919229,
        "ma_7": 0.08671428571428572,
        "ma_25": 0.08911200000000001,
        "volume": 55327.1,
        "price_change": 0.00019999999999999185,
        "signal": "SELL",
        "confidence": 0.7,
        "price_change_percent": 0.23557126030623304,
        "reason": "روند نزولی قوی"
      },
      "saved": false,
      "candles_analyzed": 50
    },
    {
      "coin_id": 2002,
      "symbol": "MDTUSDT",
      "status": "completed",
      "analysis": {
        "current_price": 0.01315,
        "rsi": 59.99999999999983,
        "macd": -5.9996530215461474e-06,
        "ma_7": 0.013132857142857142,
        "ma_25": 0.0131348,
        "volume": 264125.3,
        "price_change": 9.999999999999593e-06,
        "signal": "HOLD",
        "confidence": 0.5,
        "price_change_percent": 0.07610350076103191
      },
      "saved": false,
      "candles_analyzed": 50
    },
    {
      "coin_id": 1593,
      "symbol": "HIVEUSDT",
      "status": "completed",
      "analysis": {
        "current_price": 0.0919,
        "rsi": 68.74999999999979,
        "macd": 8.883068262267868e-05,
        "ma_7": 0.09188571428571428,
        "ma_25": 0.091556,
        "volume": 6070.0,
        "price_change": 0.0,
        "signal": "BUY",
        "confidence": 0.7,
        "price_change_percent": 0.0,
        "reason": "روند صعودی قوی"
      },
      "saved": false,
      "candles_analyzed": 50
    },
    {
      "coin_id": 1983,
      "symbol": "1INCHUSDT",
      "status": "completed",
      "analysis": {
        "current_price": 0.1487,
        "rsi": 66.66666666666744,
        "macd": -2.0049639563091137e-05,
        "ma_7": 0.14862857142857142,
        "ma_25": 0.148448,
        "volume": 0.0,
        "price_change": 0.0,
        "signal": "BUY",
        "confidence": 0.7,
        "price_change_percent": 0.0,
        "reason": "روند صعودی قوی"
      },
      "saved": false,
      "candles_analyzed": 50
    },
    {
      "coin_id": 1933,
      "symbol": "RENDERUSDT",
      "status": "completed",
      "analysis": {
        "current_price": 1.231,
        "rsi": 51.85185185185203,
        "macd": -0.0024359913715252812,
        "ma_7": 1.2308571428571429,
        "ma_25": 1.23344,
        "volume": 535.55,
        "price_change": 0.001000000000000112,
        "signal": "HOLD",
        "confidence": 0.5,
        "price_change_percent": 0.08130081300813918
      },
      "saved": false,
      "candles_analyzed": 50
    },
    {
      "coin_id": 1994,
      "symbol": "HOOKUSDT",
      "status": "completed",
      "analysis": {
        "current_price": 0.0352,
        "rsi": 66.66666666666666,
        "macd": -3.571845774807958e-05,
        "ma_7": 0.035057142857142856,
        "ma_25": 0.035008,
        "volume": 8856.1,
        "price_change": 0.0001999999999999988,
        "signal": "BUY",
        "confidence": 0.7,
        "price_change_percent": 0.571428571428568,
        "reason": "روند صعودی قوی"
      },
      "saved": false,
      "candles_analyzed": 50
    },
    {
      "coin_id": 1140,
      "symbol": "ZECUSDT",
      "status": "completed",
      "analysis": {
        "current_price": 414.01,
        "rsi": 72.6394849785409,
        "macd": 1.3386207372988679,
        "ma_7": 412.2114285714286,
        "ma_25": 410.1364000000001,
        "volume": 26.559,
        "price_change": 0.17000000000001592,
        "signal": "BUY",
        "confidence": 0.8,
        "price_change_percent": 0.04107867774985886,
        "reason": "روند صعودی قوی"
      },
      "saved": false,
      "candles_analyzed": 50
    }
  ]
}