{
  "block_id": 13,
  "processed_at": "2025-12-25T14:58:34.430455",
  "execution_time_seconds": 0.103235,
  "total_coins": 8,
  "successful_coins": 7,
  "failed_coins": 1,
  "signals_generated": 5,
  "results": [
    {
      "coin_id": 1745,
      "symbol": "TNSRUSDT",
      "status": "completed",
      "analysis": {
        "current_price": 0.0793,
        "rsi": 73.0769230769229,
        "macd": 0.00011717192960307432,
        "ma_7": 0.07877142857142858,
        "ma_25": 0.078308,
        "volume": 13081.7,
        "price_change": 0.00019999999999999185,
        "signal": "BUY",
        "confidence": 0.8,
        "price_change_percent": 0.25284450063210095,
        "reason": "روند صعودی قوی"
      },
      "saved": false,
      "candles_analyzed": 50
    },
    {
      "coin_id": 1673,
      "symbol": "SGBUSDT",
      "status": "failed",
      "reason": "no_data"
    },
    {
      "coin_id": 1170,
      "symbol": "ASTERUSDT",
      "status": "completed",
      "analysis": {
        "current_price": 0.675,
        "rsi": 65.0,
        "macd": 0.0007996413026414295,
        "ma_7": 0.6724285714285715,
        "ma_25": 0.66968,
        "volume": 104669.58,
        "price_change": 0.0010000000000000009,
        "signal": "BUY",
        "confidence": 0.7,
        "price_change_percent": 0.14836795252225532,
        "reason": "روند صعودی قوی"
      },
      "saved": false,
      "candles_analyzed": 50
    },
    {
      "coin_id": 1658,
      "symbol": "METISUSDT",
      "status": "completed",
      "analysis": {
        "current_price": 5.34,
        "rsi": 60.0,
        "macd": 0.010390244994806785,
        "ma_7": 5.344285714285713,
        "ma_25": 5.324400000000001,
        "volume": 2.388,
        "price_change": 0.0,
        "signal": "HOLD",
        "confidence": 0.5,
        "price_change_percent": 0.0
      },
      "saved": false,
      "candles_analyzed": 50
    },
    {
      "coin_id": 1896,
      "symbol": "FUNUSDT",
      "status": "completed",
      "analysis": {
        "current_price": 0.001654,
        "rsi": 60.71428571428579,
        "macd": -5.796176686854136e-08,
        "ma_7": 0.0016535714285714285,
        "ma_25": 0.0016533600000000002,
        "volume": 662505.0,
        "price_change": 0.0,
        "signal": "BUY",
        "confidence": 0.7,
        "price_change_percent": 0.0,
        "reason": "روند صعودی قوی"
      },
      "saved": false,
      "candles_analyzed": 50
    },
    {
      "coin_id": 2036,
      "symbol": "QUICKUSDT",
      "status": "completed",
      "analysis": {
        "current_price": 0.01015,
        "rsi": 50.0,
        "macd": -1.828255372881421e-06,
        "ma_7": 0.010151428571428572,
        "ma_25": 0.0101456,
        "volume": 1748.0,
        "price_change": 0.0,
        "signal": "HOLD",
        "confidence": 0.5,
        "price_change_percent": 0.0
      },
      "saved": false,
      "candles_analyzed": 50
    },
    {
      "coin_id": 1158,
      "symbol": "AAVEUSDT",
      "status": "completed",
      "analysis": {
        "current_price": 148.93,
        "rsi": 78.40909090909106,
        "macd": 0.38752329613294023,
        "ma_7": 148.8757142857143,
        "ma_25": 147.9448,
        "volume": 208.052,
        "price_change": 0.11000000000001364,
        "signal": "BUY",
        "confidence": 0.8,
        "price_change_percent": 0.07391479639834272,
        "reason": "روند صعودی قوی"
      },
      "saved": false,
      "candles_analyzed": 50
    },
    {
      "coin_id": 1815,
      "symbol": "ZKCUSDT",
      "status": "completed",
      "analysis": {
        "current_price": 0.118,
        "rsi": 28.985507246376727,
        "macd": -0.0007784921764491248,
        "ma_7": 0.11765714285714286,
        "ma_25": 0.12402,
        "volume": 62084.6,
        "price_change": -0.0005000000000000004,
        "signal": "BUY",
        "confidence": 0.8,
        "price_change_percent": -0.4219409282700426,
        "reason": "RSI اشباع فروش"
      },
      "saved": false,
      "candles_analyzed": 50
    }
  ]
}