{
  "block_id": 1,
  "processed_at": "2025-12-24T14:50:40.761117",
  "execution_time_seconds": 0.350575,
  "total_coins": 23,
  "successful_coins": 23,
  "failed_coins": 0,
  "signals_generated": 3,
  "results": [
    {
      "coin_id": 2006,
      "symbol": "NTRNUSDT",
      "status": "completed",
      "analysis": {
        "current_price": 0.0242,
        "rsi": 55.0,
        "macd": null,
        "ma_7": 0.02392857142857143,
        "ma_25": 0.024024000000000004,
        "volume": 43718.5,
        "price_change": 0.0001999999999999988,
        "signal": "HOLD",
        "confidence": 0.5,
        "price_change_percent": 0.8333333333333283
      },
      "saved": false,
      "candles_analyzed": 50
    },
    {
      "coin_id": 1268,
      "symbol": "GALAUSDT",
      "status": "completed",
      "analysis": {
        "current_price": 0.00602,
        "rsi": 55.0,
        "macd": null,
        "ma_7": 0.006005714285714286,
        "ma_25": 0.0060128000000000004,
        "volume": 580551.0,
        "price_change": 1.000000000000046e-05,
        "signal": "HOLD",
        "confidence": 0.5,
        "price_change_percent": 0.16638935108153843
      },
      "saved": false,
      "candles_analyzed": 50
    },
    {
      "coin_id": 1541,
      "symbol": "OGUSDT",
      "status": "completed",
      "analysis": {
        "current_price": 12.223,
        "rsi": 55.0,
        "macd": null,
        "ma_7": 12.22042857142857,
        "ma_25": 12.241679999999999,
        "volume": 6.4,
        "price_change": -0.007999999999999119,
        "signal": "HOLD",
        "confidence": 0.5,
        "price_change_percent": -0.06540757092632753
      },
      "saved": false,
      "candles_analyzed": 50
    },
    {
      "coin_id": 1280,
      "symbol": "NEOUSDT",
      "status": "completed",
      "analysis": {
        "current_price": 3.525,
        "rsi": 55.0,
        "macd": null,
        "ma_7": 3.5130000000000003,
        "ma_25": 3.5229600000000003,
        "volume": 226.9,
        "price_change": 0.007000000000000117,
        "signal": "HOLD",
        "confidence": 0.5,
        "price_change_percent": 0.19897669130187942
      },
      "saved": false,
      "candles_analyzed": 50
    },
    {
      "coin_id": 1509,
      "symbol": "REDUSDT",
      "status": "completed",
      "analysis": {
        "current_price": 0.2094,
        "rsi": 55.0,
        "macd": null,
        "ma_7": 0.20842857142857144,
        "ma_25": 0.208964,
        "volume": 572.9,
        "price_change": 0.0007999999999999952,
        "signal": "HOLD",
        "confidence": 0.5,
        "price_change_percent": 0.3835091083413208
      },
      "saved": false,
      "candles_analyzed": 50
    },
    {
      "coin_id": 1265,
      "symbol": "JASMYUSDT",
      "status": "completed",
      "analysis": {
        "current_price": 0.00615,
        "rsi": 55.0,
        "macd": null,
        "ma_7": 0.006117142857142857,
        "ma_25": 0.006112799999999998,
        "volume": 102554.4,
        "price_change": 2.0000000000000052e-05,
        "signal": "BUY",
        "confidence": 0.7,
        "price_change_percent": 0.32626427406199104,
        "reason": "روند صعودی قوی"
      },
      "saved": false,
      "candles_analyzed": 50
    },
    {
      "coin_id": 1237,
      "symbol": "TIAUSDT",
      "status": "completed",
      "analysis": {
        "current_price": 0.4436,
        "rsi": 55.0,
        "macd": null,
        "ma_7": 0.4417142857142857,
        "ma_25": 0.4421360000000001,
        "volume": 13995.94,
        "price_change": 0.0014000000000000123,
        "signal": "HOLD",
        "confidence": 0.5,
        "price_change_percent": 0.31659882406151346
      },
      "saved": false,
      "candles_analyzed": 50
    },
    {
      "coin_id": 1154,
      "symbol": "WLFIUSDT",
      "status": "completed",
      "analysis": {
        "current_price": 0.1324,
        "rsi": null,
        "macd": null,
        "ma_7": null,
        "ma_25": null,
        "volume": 8398.4,
        "price_change": 9.999999999998899e-05,
        "signal": "HOLD",
        "confidence": 0.5,
        "price_change_percent": 0.07558578987149583
      },
      "saved": false,
      "candles_analyzed": 50
    },
    {
      "coin_id": 1644,
      "symbol": "ACHUSDT",
      "status": "completed",
      "analysis": {
        "current_price": 0.00749,
        "rsi": 55.0,
        "macd": null,
        "ma_7": 0.0074514285714285715,
        "ma_25": 0.007465199999999998,
        "volume": 53044.0,
        "price_change": 3.0000000000000512e-05,
        "signal": "HOLD",
        "confidence": 0.5,
        "price_change_percent": 0.40214477211796934
      },
      "saved": false,
      "candles_analyzed": 50
    },
    {
      "coin_id": 1269,
      "symbol": "DCRUSDT",
      "status": "completed",
      "analysis": {
        "current_price": 14.61,
        "rsi": 55.0,
        "macd": null,
        "ma_7": 14.537142857142856,
        "ma_25": 14.5132,
        "volume": 233.722,
        "price_change": 0.08999999999999986,
        "signal": "BUY",
        "confidence": 0.7,
        "price_change_percent": 0.6198347107438007,
        "reason": "روند صعودی قوی"
      },
      "saved": false,
      "candles_analyzed": 50
    },
    {
      "coin_id": 1729,
      "symbol": "AIXBTUSDT",
      "status": "completed",
      "analysis": {
        "current_price": 0.0276,
        "rsi": 55.0,
        "macd": null,
        "ma_7": 0.027585714285714286,
        "ma_25": 0.027631999999999993,
        "volume": 119949.0,
        "price_change": -9.99999999999994e-05,
        "signal": "HOLD",
        "confidence": 0.5,
        "price_change_percent": -0.3610108303249076
      },
      "saved": false,
      "candles_analyzed": 50
    },
    {
      "coin_id": 1968,
      "symbol": "BARUSDT",
      "status": "completed",
      "analysis": {
        "current_price": 0.555,
        "rsi": 55.0,
        "macd": null,
        "ma_7": 0.5554285714285715,
        "ma_25": 0.5559600000000001,
        "volume": 150.83,
        "price_change": -0.0020000000000000018,
        "signal": "SELL",
        "confidence": 0.7,
        "price_change_percent": -0.35906642728904875,
        "reason": "روند نزولی قوی"
      },
      "saved": false,
      "candles_analyzed": 50
    },
    {
      "coin_id": 1664,
      "symbol": "LISTAUSDT",
      "status": "completed",
      "analysis": {
        "current_price": 0.1469,
        "rsi": 55.0,
        "macd": null,
        "ma_7": 0.14617142857142856,
        "ma_25": 0.14645200000000005,
        "volume": 2702.1,
        "price_change": 0.0005999999999999894,
        "signal": "HOLD",
        "confidence": 0.5,
        "price_change_percent": 0.41011619958987655
      },
      "saved": false,
      "candles_analyzed": 50
    },
    {
      "coin_id": 1409,
      "symbol": "MINAUSDT",
      "status": "completed",
      "analysis": {
        "current_price": 0.0747,
        "rsi": 55.0,
        "macd": null,
        "ma_7": 0.07451428571428571,
        "ma_25": 0.074692,
        "volume": 81347.9,
        "price_change": 0.00010000000000000286,
        "signal": "HOLD",
        "confidence": 0.5,
        "price_change_percent": 0.134048257372658
      },
      "saved": false,
      "candles_analyzed": 50
    },
    {
      "coin_id": 1808,
      "symbol": "CATIUSDT",
      "status": "completed",
      "analysis": {
        "current_price": 0.0603,
        "rsi": 55.0,
        "macd": null,
        "ma_7": 0.06032857142857143,
        "ma_25": 0.06029600000000001,
        "volume": 5663.4,
        "price_change": 0.0,
        "signal": "HOLD",
        "confidence": 0.5,
        "price_change_percent": 0.0
      },
      "saved": false,
      "candles_analyzed": 50
    },
    {
      "coin_id": 1301,
      "symbol": "GLMUSDT",
      "status": "completed",
      "analysis": {
        "current_price": 0.2034,
        "rsi": 55.0,
        "macd": null,
        "ma_7": 0.20331428571428573,
        "ma_25": 0.20411600000000005,
        "volume": 0.0,
        "price_change": 0.0,
        "signal": "HOLD",
        "confidence": 0.5,
        "price_change_percent": 0.0
      },
      "saved": false,
      "candles_analyzed": 50
    },
    {
      "coin_id": 1598,
      "symbol": "BNTUSDT",
      "status": "completed",
      "analysis": {
        "current_price": 0.4029,
        "rsi": 55.0,
        "macd": null,
        "ma_7": 0.4021428571428571,
        "ma_25": 0.4025400000000002,
        "volume": 0.0,
        "price_change": 0.0,
        "signal": "HOLD",
        "confidence": 0.5,
        "price_change_percent": 0.0
      },
      "saved": false,
      "candles_analyzed": 50
    },
    {
      "coin_id": 1719,
      "symbol": "SAPIENUSDT",
      "status": "completed",
      "analysis": {
        "current_price": 0.117,
        "rsi": 55.0,
        "macd": null,
        "ma_7": 0.11675714285714286,
        "ma_25": 0.11738399999999999,
        "volume": 4191.6,
        "price_change": 0.0,
        "signal": "HOLD",
        "confidence": 0.5,
        "price_change_percent": 0.0
      },
      "saved": false,
      "candles_analyzed": 50
    },
    {
      "coin_id": 1560,
      "symbol": "TRBUSDT",
      "status": "completed",
      "analysis": {
        "current_price": 18.99,
        "rsi": 55.0,
        "macd": null,
        "ma_7": 18.948571428571427,
        "ma_25": 18.992800000000003,
        "volume": 24.197,
        "price_change": 0.03999999999999915,
        "signal": "HOLD",
        "confidence": 0.5,
        "price_change_percent": 0.2110817941952462
      },
      "saved": false,
      "candles_analyzed": 50
    },
    {
      "coin_id": 1750,
      "symbol": "QKCUSDT",
      "status": "completed",
      "analysis": {
        "current_price": 0.003871,
        "rsi": 55.0,
        "macd": null,
        "ma_7": 0.0038540000000000002,
        "ma_25": 0.0038829599999999995,
        "volume": 585435.0,
        "price_change": 1.899999999999992e-05,
        "signal": "HOLD",
        "confidence": 0.5,
        "price_change_percent": 0.4932502596053977
      },
      "saved": false,
      "candles_analyzed": 50
    },
    {
      "coin_id": 1531,
      "symbol": "ICXUSDT",
      "status": "completed",
      "analysis": {
        "current_price": 0.053,
        "rsi": 55.0,
        "macd": null,
        "ma_7": 0.05287142857142857,
        "ma_25": 0.052992,
        "volume": 15510.5,
        "price_change": 9.999999999999593e-05,
        "signal": "HOLD",
        "confidence": 0.5,
        "price_change_percent": 0.18903591682418888
      },
      "saved": false,
      "candles_analyzed": 50
    },
    {
      "coin_id": 1125,
      "symbol": "BTCUSDT",
      "status": "completed",
      "analysis": {
        "current_price": 87814.43,
        "rsi": null,
        "macd": null,
        "ma_7": null,
        "ma_25": null,
        "volume": 34.22901,
        "price_change": 57.33999999999651,
        "signal": "HOLD",
        "confidence": 0.5,
        "price_change_percent": 0.06533945006608186
      },
      "saved": false,
      "candles_analyzed": 50
    },
    {
      "coin_id": 1239,
      "symbol": "GRTUSDT",
      "status": "completed",
      "analysis": {
        "current_price": 0.0363,
        "rsi": 55.0,
        "macd": null,
        "ma_7": 0.03623,
        "ma_25": 0.0363764,
        "volume": 8365.0,
        "price_change": 5.9999999999997555e-05,
        "signal": "HOLD",
        "confidence": 0.5,
        "price_change_percent": 0.16556291390727804
      },
      "saved": false,
      "candles_analyzed": 50
    }
  ]
}