{
  "block_id": 2,
  "processed_at": "2025-12-24T14:58:01.778775",
  "execution_time_seconds": 0.129007,
  "total_coins": 11,
  "successful_coins": 11,
  "failed_coins": 0,
  "signals_generated": 4,
  "results": [
    {
      "coin_id": 1690,
      "symbol": "PONDUSDT",
      "status": "completed",
      "analysis": {
        "current_price": 0.0039,
        "rsi": 55.0,
        "macd": null,
        "ma_7": 0.003912857142857143,
        "ma_25": 0.003927600000000001,
        "volume": 0.0,
        "price_change": 0.0,
        "signal": "SELL",
        "confidence": 0.7,
        "price_change_percent": 0.0,
        "reason": "روند نزولی قوی"
      },
      "saved": false,
      "candles_analyzed": 50
    },
    {
      "coin_id": 1671,
      "symbol": "BANANAS31USDT",
      "status": "completed",
      "analysis": {
        "current_price": 0.00341,
        "rsi": null,
        "macd": null,
        "ma_7": null,
        "ma_25": null,
        "volume": 343319.0,
        "price_change": 7.99999999999976e-06,
        "signal": "HOLD",
        "confidence": 0.5,
        "price_change_percent": 0.23515579071133924
      },
      "saved": false,
      "candles_analyzed": 50
    },
    {
      "coin_id": 1857,
      "symbol": "OGNUSDT",
      "status": "completed",
      "analysis": {
        "current_price": 0.0296,
        "rsi": null,
        "macd": null,
        "ma_7": null,
        "ma_25": null,
        "volume": 0.0,
        "price_change": 0.0,
        "signal": "HOLD",
        "confidence": 0.5,
        "price_change_percent": 0.0
      },
      "saved": false,
      "candles_analyzed": 50
    },
    {
      "coin_id": 1933,
      "symbol": "RENDERUSDT",
      "status": "completed",
      "analysis": {
        "current_price": 1.231,
        "rsi": null,
        "macd": null,
        "ma_7": null,
        "ma_25": null,
        "volume": 535.55,
        "price_change": 0.001000000000000112,
        "signal": "HOLD",
        "confidence": 0.5,
        "price_change_percent": 0.08130081300813918
      },
      "saved": false,
      "candles_analyzed": 50
    },
    {
      "coin_id": 1803,
      "symbol": "JOEUSDT",
      "status": "completed",
      "analysis": {
        "current_price": 0.0575,
        "rsi": 55.0,
        "macd": null,
        "ma_7": 0.057557142857142855,
        "ma_25": 0.057668000000000025,
        "volume": 0.0,
        "price_change": 0.0,
        "signal": "SELL",
        "confidence": 0.7,
        "price_change_percent": 0.0,
        "reason": "روند نزولی قوی"
      },
      "saved": false,
      "candles_analyzed": 50
    },
    {
      "coin_id": 1884,
      "symbol": "ZBTUSDT",
      "status": "completed",
      "analysis": {
        "current_price": 0.0851,
        "rsi": 55.0,
        "macd": null,
        "ma_7": 0.08671428571428572,
        "ma_25": 0.08911200000000002,
        "volume": 55327.1,
        "price_change": 0.00019999999999999185,
        "signal": "SELL",
        "confidence": 0.7,
        "price_change_percent": 0.23557126030623304,
        "reason": "روند نزولی قوی"
      },
      "saved": false,
      "candles_analyzed": 50
    },
    {
      "coin_id": 1955,
      "symbol": "WCTUSDT",
      "status": "completed",
      "analysis": {
        "current_price": 0.0729,
        "rsi": 55.0,
        "macd": null,
        "ma_7": 0.07282857142857144,
        "ma_25": 0.07284799999999998,
        "volume": 0.0,
        "price_change": 0.0,
        "signal": "HOLD",
        "confidence": 0.5,
        "price_change_percent": 0.0
      },
      "saved": false,
      "candles_analyzed": 50
    },
    {
      "coin_id": 2005,
      "symbol": "MBOXUSDT",
      "status": "completed",
      "analysis": {
        "current_price": 0.0293,
        "rsi": 55.0,
        "macd": null,
        "ma_7": 0.029299999999999996,
        "ma_25": 0.029415999999999994,
        "volume": 0.0,
        "price_change": 0.0,
        "signal": "HOLD",
        "confidence": 0.5,
        "price_change_percent": 0.0
      },
      "saved": false,
      "candles_analyzed": 50
    },
    {
      "coin_id": 1775,
      "symbol": "STOUSDT",
      "status": "completed",
      "analysis": {
        "current_price": 0.1117,
        "rsi": 55.0,
        "macd": null,
        "ma_7": 0.11177142857142859,
        "ma_25": 0.11188800000000003,
        "volume": 57.9,
        "price_change": 0.0,
        "signal": "SELL",
        "confidence": 0.7,
        "price_change_percent": 0.0,
        "reason": "روند نزولی قوی"
      },
      "saved": false,
      "candles_analyzed": 50
    },
    {
      "coin_id": 1318,
      "symbol": "KMNOUSDT",
      "status": "completed",
      "analysis": {
        "current_price": 0.04865,
        "rsi": null,
        "macd": null,
        "ma_7": null,
        "ma_25": null,
        "volume": 33386.0,
        "price_change": 3.999999999999837e-05,
        "signal": "HOLD",
        "confidence": 0.5,
        "price_change_percent": 0.08228759514502854
      },
      "saved": false,
      "candles_analyzed": 50
    },
    {
      "coin_id": 1361,
      "symbol": "KSMUSDT",
      "status": "completed",
      "analysis": {
        "current_price": 6.91,
        "rsi": null,
        "macd": null,
        "ma_7": null,
        "ma_25": null,
        "volume": 77.815,
        "price_change": 0.0,
        "signal": "HOLD",
        "confidence": 0.5,
        "price_change_percent": 0.0
      },
      "saved": false,
      "candles_analyzed": 50
    }
  ]
}