{
  "block_id": 3,
  "processed_at": "2025-12-25T14:58:09.015669",
  "execution_time_seconds": 0.946002,
  "total_coins": 42,
  "successful_coins": 41,
  "failed_coins": 1,
  "signals_generated": 25,
  "results": [
    {
      "coin_id": 1961,
      "symbol": "PYRUSDT",
      "status": "completed",
      "analysis": {
        "current_price": 0.461,
        "rsi": 45.45454545454546,
        "macd": -0.0003124789303571851,
        "ma_7": 0.4595714285714286,
        "ma_25": 0.46076000000000006,
        "volume": 1529.243,
        "price_change": 0.0010000000000000009,
        "signal": "HOLD",
        "confidence": 0.5,
        "price_change_percent": 0.21739130434782628
      },
      "saved": false,
      "candles_analyzed": 50
    },
    {
      "coin_id": 1359,
      "symbol": "TFUELUSDT",
      "status": "completed",
      "analysis": {
        "current_price": 0.01855,
        "rsi": 50.0,
        "macd": 1.6532531174423548e-05,
        "ma_7": 0.018522857142857143,
        "ma_25": 0.0184924,
        "volume": 4867.0,
        "price_change": 0.0,
        "signal": "BUY",
        "confidence": 0.7,
        "price_change_percent": 0.0,
        "reason": "روند صعودی قوی"
      },
      "saved": false,
      "candles_analyzed": 50
    },
    {
      "coin_id": 1479,
      "symbol": "NMRUSDT",
      "status": "completed",
      "analysis": {
        "current_price": 9.14,
        "rsi": 66.66666666666666,
        "macd": 0.018206437374740148,
        "ma_7": 9.124285714285715,
        "ma_25": 9.104800000000001,
        "volume": 119.66,
        "price_change": 0.0,
        "signal": "BUY",
        "confidence": 0.7,
        "price_change_percent": 0.0,
        "reason": "روند صعودی قوی"
      },
      "saved": false,
      "candles_analyzed": 50
    },
    {
      "coin_id": 1854,
      "symbol": "CETUSUSDT",
      "status": "completed",
      "analysis": {
        "current_price": 0.0234,
        "rsi": 33.33333333333333,
        "macd": 2.247587993582309e-05,
        "ma_7": 0.023442857142857147,
        "ma_25": 0.023444,
        "volume": 439.1,
        "price_change": -9.99999999999994e-05,
        "signal": "SELL",
        "confidence": 0.7,
        "price_change_percent": -0.4255319148936144,
        "reason": "روند نزولی قوی"
      },
      "saved": false,
      "candles_analyzed": 50
    },
    {
      "coin_id": 1834,
      "symbol": "ATUSDT",
      "status": "completed",
      "analysis": {
        "current_price": 0.1027,
        "rsi": 56.00000000000008,
        "macd": -0.00014921394680289524,
        "ma_7": 0.10265714285714286,
        "ma_25": 0.10277999999999998,
        "volume": 31326.1,
        "price_change": 0.00010000000000000286,
        "signal": "HOLD",
        "confidence": 0.5,
        "price_change_percent": 0.09746588693957395
      },
      "saved": false,
      "candles_analyzed": 50
    },
    {
      "coin_id": 1973,
      "symbol": "TUSDUSDT",
      "status": "completed",
      "analysis": {
        "current_price": 0.9991,
        "rsi": 50.0,
        "macd": 5.287677873666574e-06,
        "ma_7": 0.9991285714285715,
        "ma_25": 0.9991160000000001,
        "volume": 329.0,
        "price_change": 0.0,
        "signal": "HOLD",
        "confidence": 0.5,
        "price_change_percent": 0.0
      },
      "saved": false,
      "candles_analyzed": 50
    },
    {
      "coin_id": 1971,
      "symbol": "RONINUSDT",
      "status": "completed",
      "analysis": {
        "current_price": 0.1372,
        "rsi": 51.515151515151366,
        "macd": -8.403497444206542e-05,
        "ma_7": 0.13724285714285714,
        "ma_25": 0.13724,
        "volume": 2697.83,
        "price_change": 9.999999999998899e-05,
        "signal": "HOLD",
        "confidence": 0.5,
        "price_change_percent": 0.07293946024798613
      },
      "saved": false,
      "candles_analyzed": 50
    },
    {
      "coin_id": 1168,
      "symbol": "ICPUSDT",
      "status": "completed",
      "analysis": {
        "current_price": 3.006,
        "rsi": 77.58620689655166,
        "macd": 0.006308677467207868,
        "ma_7": 2.994428571428571,
        "ma_25": 2.9846,
        "volume": 5656.25,
        "price_change": 0.009999999999999787,
        "signal": "BUY",
        "confidence": 0.8,
        "price_change_percent": 0.33377837116154163,
        "reason": "روند صعودی قوی"
      },
      "saved": false,
      "candles_analyzed": 50
    },
    {
      "coin_id": 1647,
      "symbol": "IQUSDT",
      "status": "completed",
      "analysis": {
        "current_price": 0.00152,
        "rsi": 66.66666666666666,
        "macd": 1.02206963960229e-06,
        "ma_7": 0.0015194285714285713,
        "ma_25": 0.0015186,
        "volume": 85584.0,
        "price_change": 0.0,
        "signal": "BUY",
        "confidence": 0.7,
        "price_change_percent": 0.0,
        "reason": "روند صعودی قوی"
      },
      "saved": false,
      "candles_analyzed": 50
    },
    {
      "coin_id": 1131,
      "symbol": "TRXUSDT",
      "status": "completed",
      "analysis": {
        "current_price": 0.2809,
        "rsi": 35.714285714285424,
        "macd": -0.00012934447187790132,
        "ma_7": 0.2809857142857143,
        "ma_25": 0.281216,
        "volume": 534321.4,
        "price_change": 9.999999999998899e-05,
        "signal": "SELL",
        "confidence": 0.7,
        "price_change_percent": 0.03561253561253169,
        "reason": "روند نزولی قوی"
      },
      "saved": false,
      "candles_analyzed": 50
    },
    {
      "coin_id": 1636,
      "symbol": "TONUSDT",
      "status": "completed",
      "analysis": {
        "current_price": 1.487,
        "rsi": 54.54545454545455,
        "macd": -0.00031851760404499885,
        "ma_7": 1.4884285714285714,
        "ma_25": 1.4877600000000002,
        "volume": 2920.52,
        "price_change": 0.0,
        "signal": "HOLD",
        "confidence": 0.5,
        "price_change_percent": 0.0
      },
      "saved": false,
      "candles_analyzed": 50
    },
    {
      "coin_id": 1263,
      "symbol": "HNTUSDT",
      "status": "completed",
      "analysis": {
        "current_price": 4.67,
        "rsi": 50.0,
        "macd": 0.004777401649457502,
        "ma_7": 4.675714285714285,
        "ma_25": 4.6704,
        "volume": 37677.54,
        "price_change": -0.020000000000000462,
        "signal": "HOLD",
        "confidence": 0.5,
        "price_change_percent": -0.42643923240939147
      },
      "saved": false,
      "candles_analyzed": 50
    },
    {
      "coin_id": 1925,
      "symbol": "USDCUSDT",
      "status": "completed",
      "analysis": {
        "current_price": 1.0004,
        "rsi": 44.444444444444436,
        "macd": 1.7393436517743055e-06,
        "ma_7": 1.0004285714285714,
        "ma_25": 1.0004439999999999,
        "volume": 309611.0,
        "price_change": -9.999999999998899e-05,
        "signal": "SELL",
        "confidence": 0.7,
        "price_change_percent": -0.009995002498749524,
        "reason": "روند نزولی قوی"
      },
      "saved": false,
      "candles_analyzed": 50
    },
    {
      "coin_id": 1845,
      "symbol": "ACEUSDT",
      "status": "completed",
      "analysis": {
        "current_price": 0.283,
        "rsi": 45.45454545454546,
        "macd": 3.062158422034722e-05,
        "ma_7": 0.2831428571428571,
        "ma_25": 0.28324,
        "volume": 9234.1,
        "price_change": -0.0010000000000000009,
        "signal": "SELL",
        "confidence": 0.7,
        "price_change_percent": -0.3521126760563384,
        "reason": "روند نزولی قوی"
      },
      "saved": false,
      "candles_analyzed": 50
    },
    {
      "coin_id": 1277,
      "symbol": "XPLUSDT",
      "status": "completed",
      "analysis": {
        "current_price": 0.131,
        "rsi": 54.285714285714306,
        "macd": 8.839637943566792e-05,
        "ma_7": 0.13087142857142856,
        "ma_25": 0.131092,
        "volume": 8516.9,
        "price_change": 0.0002999999999999947,
        "signal": "HOLD",
        "confidence": 0.5,
        "price_change_percent": 0.2295332823259332
      },
      "saved": false,
      "candles_analyzed": 50
    },
    {
      "coin_id": 2035,
      "symbol": "GUSDT",
      "status": "completed",
      "analysis": {
        "current_price": 0.00432,
        "rsi": 60.000000000000696,
        "macd": 2.288198499273905e-06,
        "ma_7": 0.004308571428571428,
        "ma_25": 0.004306399999999999,
        "volume": 15953.0,
        "price_change": 1.000000000000046e-05,
        "signal": "BUY",
        "confidence": 0.7,
        "price_change_percent": 0.2320185614849295,
        "reason": "روند صعودی قوی"
      },
      "saved": false,
      "candles_analyzed": 50
    },
    {
      "coin_id": 1827,
      "symbol": "AGLDUSDT",
      "status": "completed",
      "analysis": {
        "current_price": 0.262,
        "rsi": 60.0,
        "macd": 0.00029205920463776236,
        "ma_7": 0.262,
        "ma_25": 0.262,
        "volume": 0.0,
        "price_change": 0.0,
        "signal": "HOLD",
        "confidence": 0.5,
        "price_change_percent": 0.0
      },
      "saved": false,
      "candles_analyzed": 50
    },
    {
      "coin_id": 2012,
      "symbol": "CELRUSDT",
      "status": "completed",
      "analysis": {
        "current_price": 0.0036,
        "rsi": 64.44444444444446,
        "macd": 1.4753856990199453e-06,
        "ma_7": 0.0035947142857142853,
        "ma_25": 0.0035947199999999996,
        "volume": 209182.8,
        "price_change": 5.999999999999929e-06,
        "signal": "HOLD",
        "confidence": 0.5,
        "price_change_percent": 0.16694490818029853
      },
      "saved": false,
      "candles_analyzed": 50
    },
    {
      "coin_id": 1680,
      "symbol": "CHRUSDT",
      "status": "completed",
      "analysis": {
        "current_price": 0.0399,
        "rsi": 42.85714285714258,
        "macd": 4.84277785914311e-06,
        "ma_7": 0.039914285714285715,
        "ma_25": 0.039939999999999996,
        "volume": 0.0,
        "price_change": 0.0,
        "signal": "SELL",
        "confidence": 0.7,
        "price_change_percent": 0.0,
        "reason": "روند نزولی قوی"
      },
      "saved": false,
      "candles_analyzed": 50
    },
    {
      "coin_id": 1825,
      "symbol": "MBLUSDT",
      "status": "completed",
      "analysis": {
        "current_price": 0.001157,
        "rsi": 41.66666666666689,
        "macd": -1.5296996631972842e-06,
        "ma_7": 0.0011581428571428572,
        "ma_25": 0.0011611199999999999,
        "volume": 1762892.0,
        "price_change": 2.0000000000000486e-06,
        "signal": "SELL",
        "confidence": 0.7,
        "price_change_percent": 0.17316017316017737,
        "reason": "روند نزولی قوی"
      },
      "saved": false,
      "candles_analyzed": 50
    },
    {
      "coin_id": 1129,
      "symbol": "XRPUSDT",
      "status": "completed",
      "analysis": {
        "current_price": 1.8662,
        "rsi": 57.42574257425738,
        "macd": 0.0006690000718958533,
        "ma_7": 1.8646285714285715,
        "ma_25": 1.864916,
        "volume": 140594.0,
        "price_change": 0.0019000000000000128,
        "signal": "HOLD",
        "confidence": 0.5,
        "price_change_percent": 0.10191492785495963
      },
      "saved": false,
      "candles_analyzed": 50
    },
    {
      "coin_id": 1196,
      "symbol": "ATOMUSDT",
      "status": "completed",
      "analysis": {
        "current_price": 1.98,
        "rsi": 86.66666666666667,
        "macd": 0.006035146281704318,
        "ma_7": 1.9734285714285715,
        "ma_25": 1.9639600000000002,
        "volume": 5066.5,
        "price_change": 0.0040000000000000036,
        "signal": "BUY",
        "confidence": 0.8,
        "price_change_percent": 0.20242914979757104,
        "reason": "روند صعودی قوی"
      },
      "saved": false,
      "candles_analyzed": 50
    },
    {
      "coin_id": 1562,
      "symbol": "BABYUSDT",
      "status": "completed",
      "analysis": {
        "current_price": 0.01677,
        "rsi": 61.290322580645345,
        "macd": 1.5245105355825295e-05,
        "ma_7": 0.016704285714285713,
        "ma_25": 0.016689600000000002,
        "volume": 23518.0,
        "price_change": 6.0000000000001025e-05,
        "signal": "BUY",
        "confidence": 0.7,
        "price_change_percent": 0.35906642728905463,
        "reason": "روند صعودی قوی"
      },
      "saved": false,
      "candles_analyzed": 50
    },
    {
      "coin_id": 1391,
      "symbol": "ETH+USDT",
      "status": "failed",
      "reason": "no_data"
    },
    {
      "coin_id": 1269,
      "symbol": "DCRUSDT",
      "status": "completed",
      "analysis": {
        "current_price": 15.23,
        "rsi": 48.71794871794876,
        "macd": -0.06206289988084279,
        "ma_7": 15.211428571428572,
        "ma_25": 15.2952,
        "volume": 42.655,
        "price_change": 0.0600000000000005,
        "signal": "HOLD",
        "confidence": 0.5,
        "price_change_percent": 0.3955174686882037
      },
      "saved": false,
      "candles_analyzed": 50
    },
    {
      "coin_id": 1128,
      "symbol": "BNBUSDT",
      "status": "completed",
      "analysis": {
        "current_price": 848.43,
        "rsi": 46.643109540636196,
        "macd": -0.0012316664623313045,
        "ma_7": 848.0228571428571,
        "ma_25": 848.6992,
        "volume": 941.182,
        "price_change": 1.0399999999999636,
        "signal": "HOLD",
        "confidence": 0.5,
        "price_change_percent": 0.12272979383754394
      },
      "saved": false,
      "candles_analyzed": 50
    },
    {
      "coin_id": 1977,
      "symbol": "VANRYUSDT",
      "status": "completed",
      "analysis": {
        "current_price": 0.0075,
        "rsi": 44.44444444444444,
        "macd": -4.100868450493747e-06,
        "ma_7": 0.007542857142857143,
        "ma_25": 0.0075520000000000006,
        "volume": 53144.0,
        "price_change": -0.00010000000000000026,
        "signal": "SELL",
        "confidence": 0.7,
        "price_change_percent": -1.315789473684214,
        "reason": "روند نزولی قوی"
      },
      "saved": false,
      "candles_analyzed": 50
    },
    {
      "coin_id": 1645,
      "symbol": "IOUSDT",
      "status": "completed",
      "analysis": {
        "current_price": 0.149,
        "rsi": 66.66666666666666,
        "macd": 0.0003097984720427105,
        "ma_7": 0.14885714285714285,
        "ma_25": 0.14867999999999998,
        "volume": 0.0,
        "price_change": 0.0,
        "signal": "BUY",
        "confidence": 0.7,
        "price_change_percent": 0.0,
        "reason": "روند صعودی قوی"
      },
      "saved": false,
      "candles_analyzed": 50
    },
    {
      "coin_id": 1536,
      "symbol": "SIGNUSDT",
      "status": "completed",
      "analysis": {
        "current_price": 0.03725,
        "rsi": 64.86486486486436,
        "macd": 7.230882542265393e-06,
        "ma_7": 0.037174285714285715,
        "ma_25": 0.037148,
        "volume": 0.0,
        "price_change": 0.0,
        "signal": "BUY",
        "confidence": 0.7,
        "price_change_percent": 0.0,
        "reason": "روند صعودی قوی"
      },
      "saved": false,
      "candles_analyzed": 50
    },
    {
      "coin_id": 1819,
      "symbol": "C98USDT",
      "status": "completed",
      "analysis": {
        "current_price": 0.0223,
        "rsi": 66.66666666666629,
        "macd": 7.116760779628598e-05,
        "ma_7": 0.02214285714285714,
        "ma_25": 0.022068000000000004,
        "volume": 35760.3,
        "price_change": 0.0,
        "signal": "BUY",
        "confidence": 0.7,
        "price_change_percent": 0.0,
        "reason": "روند صعودی قوی"
      },
      "saved": false,
      "candles_analyzed": 50
    },
    {
      "coin_id": 1984,
      "symbol": "ADXUSDT",
      "status": "completed",
      "analysis": {
        "current_price": 0.1052,
        "rsi": 50.0,
        "macd": 4.35230486429683e-05,
        "ma_7": 0.1050857142857143,
        "ma_25": 0.105116,
        "volume": 0.0,
        "price_change": 0.0,
        "signal": "HOLD",
        "confidence": 0.5,
        "price_change_percent": 0.0
      },
      "saved": false,
      "candles_analyzed": 50
    },
    {
      "coin_id": 1190,
      "symbol": "QNTUSDT",
      "status": "completed",
      "analysis": {
        "current_price": 73.95,
        "rsi": 59.70149253731413,
        "macd": 0.03943033626246972,
        "ma_7": 73.88571428571429,
        "ma_25": 73.83840000000001,
        "volume": 0.091,
        "price_change": 0.0,
        "signal": "BUY",
        "confidence": 0.7,
        "price_change_percent": 0.0,
        "reason": "روند صعودی قوی"
      },
      "saved": false,
      "candles_analyzed": 50
    },
    {
      "coin_id": 1454,
      "symbol": "BERAUSDT",
      "status": "completed",
      "analysis": {
        "current_price": 0.609,
        "rsi": 72.22222222222223,
        "macd": 0.0018227696204741184,
        "ma_7": 0.6037142857142858,
        "ma_25": 0.6018399999999999,
        "volume": 200.349,
        "price_change": 0.0010000000000000009,
        "signal": "BUY",
        "confidence": 0.8,
        "price_change_percent": 0.16447368421052647,
        "reason": "روند صعودی قوی"
      },
      "saved": false,
      "candles_analyzed": 50
    },
    {
      "coin_id": 1954,
      "symbol": "ACMUSDT",
      "status": "completed",
      "analysis": {
        "current_price": 0.516,
        "rsi": 50.0,
        "macd": 0.0003201688890095422,
        "ma_7": 0.5164285714285715,
        "ma_25": 0.5160399999999999,
        "volume": 0.0,
        "price_change": 0.0,
        "signal": "HOLD",
        "confidence": 0.5,
        "price_change_percent": 0.0
      },
      "saved": false,
      "candles_analyzed": 50
    },
    {
      "coin_id": 1555,
      "symbol": "PLUMEUSDT",
      "status": "completed",
      "analysis": {
        "current_price": 0.01759,
        "rsi": 64.7058823529416,
        "macd": 1.2779497278164048e-05,
        "ma_7": 0.017531428571428573,
        "ma_25": 0.017512,
        "volume": 21478.0,
        "price_change": 0.0,
        "signal": "BUY",
        "confidence": 0.7,
        "price_change_percent": 0.0,
        "reason": "روند صعودی قوی"
      },
      "saved": false,
      "candles_analyzed": 50
    },
    {
      "coin_id": 2010,
      "symbol": "DATAUSDT",
      "status": "completed",
      "analysis": {
        "current_price": 0.00565,
        "rsi": 46.66666666666648,
        "macd": 1.2557939953368458e-05,
        "ma_7": 0.005637142857142856,
        "ma_25": 0.0056224000000000005,
        "volume": 1902.7,
        "price_change": 0.0,
        "signal": "BUY",
        "confidence": 0.7,
        "price_change_percent": 0.0,
        "reason": "روند صعودی قوی"
      },
      "saved": false,
      "candles_analyzed": 50
    },
    {
      "coin_id": 1195,
      "symbol": "FILUSDT",
      "status": "completed",
      "analysis": {
        "current_price": 1.273,
        "rsi": 54.545454545454184,
        "macd": -0.00024895205190134106,
        "ma_7": 1.2717142857142856,
        "ma_25": 1.27264,
        "volume": 1149.24,
        "price_change": -0.001000000000000112,
        "signal": "HOLD",
        "confidence": 0.5,
        "price_change_percent": -0.07849293563580156
      },
      "saved": false,
      "candles_analyzed": 50
    },
    {
      "coin_id": 1318,
      "symbol": "KMNOUSDT",
      "status": "completed",
      "analysis": {
        "current_price": 0.05013,
        "rsi": 62.85714285714246,
        "macd": 1.3798317120422565e-05,
        "ma_7": 0.050042857142857146,
        "ma_25": 0.050066,
        "volume": 0.0,
        "price_change": 0.0,
        "signal": "HOLD",
        "confidence": 0.5,
        "price_change_percent": 0.0
      },
      "saved": false,
      "candles_analyzed": 50
    },
    {
      "coin_id": 1692,
      "symbol": "MANTAUSDT",
      "status": "completed",
      "analysis": {
        "current_price": 0.0732,
        "rsi": 61.53846153846138,
        "macd": 0.00020056387214534288,
        "ma_7": 0.07274285714285714,
        "ma_25": 0.07262400000000001,
        "volume": 999.3,
        "price_change": 0.0,
        "signal": "BUY",
        "confidence": 0.7,
        "price_change_percent": 0.0,
        "reason": "روند صعودی قوی"
      },
      "saved": false,
      "candles_analyzed": 50
    },
    {
      "coin_id": 1993,
      "symbol": "PHBUSDT",
      "status": "completed",
      "analysis": {
        "current_price": 0.25,
        "rsi": 55.55555555555556,
        "macd": 0.0003443148205350688,
        "ma_7": 0.24914285714285717,
        "ma_25": 0.24867999999999998,
        "volume": 35601.1,
        "price_change": 0.0,
        "signal": "BUY",
        "confidence": 0.7,
        "price_change_percent": 0.0,
        "reason": "روند صعودی قوی"
      },
      "saved": false,
      "candles_analyzed": 50
    },
    {
      "coin_id": 1931,
      "symbol": "0GUSDT",
      "status": "completed",
      "analysis": {
        "current_price": 0.793,
        "rsi": 60.0,
        "macd": -9.185974616987558e-05,
        "ma_7": 0.791,
        "ma_25": 0.79092,
        "volume": 0.0,
        "price_change": 0.0,
        "signal": "BUY",
        "confidence": 0.7,
        "price_change_percent": 0.0,
        "reason": "روند صعودی قوی"
      },
      "saved": false,
      "candles_analyzed": 50
    },
    {
      "coin_id": 1410,
      "symbol": "XNOUSDT",
      "status": "completed",
      "analysis": {
        "current_price": 0.713,
        "rsi": 60.0,
        "macd": 0.0020086750142176424,
        "ma_7": 0.7127142857142857,
        "ma_25": 0.71096,
        "volume": 91.09,
        "price_change": 0.0,
        "signal": "BUY",
        "confidence": 0.7,
        "price_change_percent": 0.0,
        "reason": "روند صعودی قوی"
      },
      "saved": false,
      "candles_analyzed": 50
    }
  ]
}