{
  "metadata": {
    "block_id": 1,
    "generated_at": "2025-12-25T17:48:38.461764",
    "project": "crypto-data-collector",
    "cycle": 5
  },
  "statistics": {
    "total_signals": 5,
    "signals_by_type": {
      "BUY": 0,
      "SELL": 3,
      "NEUTRAL": 2
    },
    "total_decisions": 5,
    "executed_decisions": 5,
    "rejected_decisions": 0,
    "approval_rate": 100.0,
    "avg_confidence": 56.0
  },
  "portfolio": {
    "total_capital_usd": 1000,
    "allocated_capital_usd": 130.0,
    "capital_utilization_percent": 13.0,
    "positions_count": 5
  },
  "risk_metrics": {
    "high_risk_positions": 0,
    "medium_risk_positions": 3,
    "low_risk_positions": 2
  },
  "top_decisions": [
    {
      "rank": 1,
      "symbol": "XUSDUSDT",
      "decision_type": "EXECUTE_SELL",
      "confidence_score": 60,
      "position_size_usd": 30.0,
      "risk_level": "MEDIUM"
    },
    {
      "rank": 2,
      "symbol": "NMRUSDT",
      "decision_type": "EXECUTE_SELL",
      "confidence_score": 60,
      "position_size_usd": 30.0,
      "risk_level": "MEDIUM"
    },
    {
      "rank": 3,
      "symbol": "HAEDALUSDT",
      "decision_type": "EXECUTE_SELL",
      "confidence_score": 60,
      "position_size_usd": 30.0,
      "risk_level": "MEDIUM"
    },
    {
      "rank": 4,
      "symbol": "ACAUSDT",
      "decision_type": "EXECUTE_NEUTRAL",
      "confidence_score": 50,
      "position_size_usd": 20.0,
      "risk_level": "LOW"
    },
    {
      "rank": 5,
      "symbol": "ACAUSDT",
      "decision_type": "EXECUTE_NEUTRAL",
      "confidence_score": 50,
      "position_size_usd": 20.0,
      "risk_level": "LOW"
    }
  ]
}