{
  "config_version": "1.3.0",
  "description": "تنظیمات معاملاتی تکه ۵ با پشتیبانی تلگرام",
  
  "account_settings": {
    "available_capital_usd": 1000,
    "min_position_size_usd": 10,
    "max_concurrent_trades": 5
  },
  
  "risk_management": {
    "max_risk_per_trade": 0.02,
    "max_daily_loss_percent": 0.05,
    "stop_loss_percentage": 0.03,
    "min_risk_reward_ratio": 1.5
  },
  
  "signal_processing": {
    "min_confidence": 0.5,
    "max_age_hours": 2,
    "min_volume_usd": 100000
  },
  
  "telegram": {
    "enabled": true,
    "bot_token": "1234567890:ABCdefGHIjklMNopQRstuVWXyz",
    "channel_id": "@your_crypto_signals",
    "admin_id": "123456789",
    "send_delay": 2,
    "max_retries": 3,
    "timeout": 10,
    "parse_mode": "Markdown",
    "disable_web_page_preview": true,
    
    "message_templates": {
      "position_alert": "professional",
      "system_alert": "compact",
      "summary_report": "detailed"
    },
    
    "alert_levels": ["HIGH", "MEDIUM"],
    
    "alert_conditions": {
      "send_position_alerts": true,
      "send_system_alerts": true,
      "send_summary_reports": true,
      "send_error_alerts": true,
      "send_performance_alerts": true
    },
    
    "emoji_settings": {
      "buy": "🟢",
      "sell": "🔴",
      "high_alert": "🚨",
      "medium_alert": "⚠️",
      "low_alert": "ℹ️",
      "profit": "💰",
      "loss": "📉",
      "info": "📊",
      "time": "⏰",
      "id": "🆔"
    },
    
    "keyboard_settings": {
      "show_chart_button": true,
      "show_action_buttons": true,
      "show_analysis_button": true,
      "chart_url_template": "https://www.binance.com/en/trade/{symbol}"
    },
    
    "notification_channels": {
      "positions_channel": "@your_crypto_signals",
      "alerts_channel": "123456789",
      "reports_channel": "@your_crypto_signals"
    },
    
    "rate_limiting": {
      "max_messages_per_minute": 20,
      "max_messages_per_hour": 100
    }
  },
  
  "leverage_rules": [
    {"min_signal_score": 0.9, "max_leverage": 5},
    {"min_signal_score": 0.75, "max_leverage": 3},
    {"min_signal_score": 0.6, "max_leverage": 2},
    {"min_signal_score": 0.0, "max_leverage": 1}
  ],
  
  "execution_control": {
    "simulation_mode": true,
    "order_type": "limit",
    "execution_delay_seconds": 1
  },
  
  "position_management": {
    "allow_partial_exits": true,
    "auto_move_to_break_even": false,
    "take_profit_method": "risk_reward"
  }
}