{
  "success": true,
  "block_id": 1,
  "total_coins": 50,
  "signals_generated": 41,
  "signal_rate_percent": 82.0,
  "patterns_detected": 41,
  "divergences_detected": 2,
  "combined_signals": 0,
  "filtered_signals": 50,
  "failed_analysis": 9,
  "modules_available": {
    "pattern_detector": true,
    "signal_combiner": true
  },
  "realistic": false,
  "timestamp": "2025-12-27T11:42:09.345552",
  "results": [
    {
      "success": true,
      "coin_id": 1462,
      "symbol": "REQUSDT",
      "signal": "PATTERN_BEARISH",
      "confidence": 0.8347,
      "final_score": 0.8347,
      "components_count": 1,
      "patterns_detected": 1,
      "divergences_detected": 0,
      "analysis_method": "pattern_only",
      "timestamp": "2025-12-27T11:42:07.545964"
    },
    {
      "success": false,
      "coin_id": 1187,
      "symbol": "APTUSDT",
      "reason": "هیچ سیگنال معتبری تولید نشد",
      "analysis_method": "none"
    },
    {
      "success": true,
      "coin_id": 1457,
      "symbol": "XVGUSDT",
      "signal": "PATTERN_BEARISH",
      "confidence": 0.938,
      "final_score": 0.938,
      "components_count": 1,
      "patterns_detected": 1,
      "divergences_detected": 0,
      "analysis_method": "pattern_only",
      "timestamp": "2025-12-27T11:42:07.629265"
    },
    {
      "success": true,
      "coin_id": 1632,
      "symbol": "STRAXUSDT",
      "signal": "PATTERN_BEARISH",
      "confidence": 0.8429,
      "final_score": 0.8429,
      "components_count": 1,
      "patterns_detected": 1,
      "divergences_detected": 0,
      "analysis_method": "pattern_only",
      "timestamp": "2025-12-27T11:42:07.664331"
    },
    {
      "success": false,
      "coin_id": 1377,
      "symbol": "YFIUSDT",
      "reason": "هیچ سیگنال معتبری تولید نشد",
      "analysis_method": "none"
    },
    {
      "success": true,
      "coin_id": 1158,
      "symbol": "AAVEUSDT",
      "signal": "PATTERN_BEARISH",
      "confidence": 0.909,
      "final_score": 0.909,
      "components_count": 1,
      "patterns_detected": 1,
      "divergences_detected": 0,
      "analysis_method": "pattern_only",
      "timestamp": "2025-12-27T11:42:07.739101"
    },
    {
      "success": true,
      "coin_id": 2021,
      "symbol": "PIVXUSDT",
      "signal": "PATTERN_BEARISH",
      "confidence": 0.9351,
      "final_score": 0.9351,
      "components_count": 1,
      "patterns_detected": 1,
      "divergences_detected": 0,
      "analysis_method": "pattern_only",
      "timestamp": "2025-12-27T11:42:07.769100"
    },
    {
      "success": true,
      "coin_id": 1981,
      "symbol": "STGUSDT",
      "signal": "PATTERN_BEARISH",
      "confidence": 0.9198,
      "final_score": 0.9198,
      "components_count": 1,
      "patterns_detected": 1,
      "divergences_detected": 0,
      "analysis_method": "pattern_only",
      "timestamp": "2025-12-27T11:42:07.799846"
    },
    {
      "success": true,
      "coin_id": 1345,
      "symbol": "ZENUSDT",
      "signal": "PATTERN_BEARISH",
      "confidence": 0.9074,
      "final_score": 0.9074,
      "components_count": 1,
      "patterns_detected": 1,
      "divergences_detected": 0,
      "analysis_method": "pattern_only",
      "timestamp": "2025-12-27T11:42:07.836847"
    },
    {
      "success": true,
      "coin_id": 1664,
      "symbol": "LISTAUSDT",
      "signal": "PATTERN_BEARISH",
      "confidence": 0.9325,
      "final_score": 0.9325,
      "components_count": 1,
      "patterns_detected": 1,
      "divergences_detected": 0,
      "analysis_method": "pattern_only",
      "timestamp": "2025-12-27T11:42:07.863844"
    },
    {
      "success": true,
      "coin_id": 1355,
      "symbol": "DYDXUSDT",
      "signal": "PATTERN_BEARISH",
      "confidence": 0.8784,
      "final_score": 0.8784,
      "components_count": 1,
      "patterns_detected": 1,
      "divergences_detected": 0,
      "analysis_method": "pattern_only",
      "timestamp": "2025-12-27T11:42:07.900847"
    },
    {
      "success": true,
      "coin_id": 1827,
      "symbol": "AGLDUSDT",
      "signal": "PATTERN_BEARISH",
      "confidence": 0.9172,
      "final_score": 0.9172,
      "components_count": 1,
      "patterns_detected": 1,
      "divergences_detected": 0,
      "analysis_method": "pattern_only",
      "timestamp": "2025-12-27T11:42:07.935846"
    },
    {
      "success": true,
      "coin_id": 1289,
      "symbol": "ARUSDT",
      "signal": "PATTERN_BEARISH",
      "confidence": 0.8942,
      "final_score": 0.8942,
      "components_count": 1,
      "patterns_detected": 1,
      "divergences_detected": 0,
      "analysis_method": "pattern_only",
      "timestamp": "2025-12-27T11:42:07.968847"
    },
    {
      "success": true,
      "coin_id": 1871,
      "symbol": "NILUSDT",
      "signal": "PATTERN_BEARISH",
      "confidence": 0.9341,
      "final_score": 0.9341,
      "components_count": 1,
      "patterns_detected": 1,
      "divergences_detected": 0,
      "analysis_method": "pattern_only",
      "timestamp": "2025-12-27T11:42:08.001846"
    },
    {
      "success": true,
      "coin_id": 1442,
      "symbol": "GMXUSDT",
      "signal": "PATTERN_BEARISH",
      "confidence": 0.8225,
      "final_score": 0.8225,
      "components_count": 1,
      "patterns_detected": 1,
      "divergences_detected": 0,
      "analysis_method": "pattern_only",
      "timestamp": "2025-12-27T11:42:08.030857"
    },
    {
      "success": true,
      "coin_id": 1989,
      "symbol": "HAEDALUSDT",
      "signal": "PATTERN_BEARISH",
      "confidence": 0.8357,
      "final_score": 0.8357,
      "components_count": 1,
      "patterns_detected": 1,
      "divergences_detected": 0,
      "analysis_method": "pattern_only",
      "timestamp": "2025-12-27T11:42:08.062849"
    },
    {
      "success": false,
      "coin_id": 1623,
      "symbol": "PRIMEUSDT",
      "reason": "تحلیل ناموفق",
      "analysis_method": "failed"
    },
    {
      "success": true,
      "coin_id": 1394,
      "symbol": "COWUSDT",
      "signal": "PATTERN_BEARISH",
      "confidence": 0.8968,
      "final_score": 0.8968,
      "components_count": 1,
      "patterns_detected": 1,
      "divergences_detected": 0,
      "analysis_method": "pattern_only",
      "timestamp": "2025-12-27T11:42:08.105843"
    },
    {
      "success": true,
      "coin_id": 1959,
      "symbol": "AIUSDT",
      "signal": "PATTERN_BEARISH",
      "confidence": 0.8187,
      "final_score": 0.8187,
      "components_count": 1,
      "patterns_detected": 1,
      "divergences_detected": 0,
      "analysis_method": "pattern_only",
      "timestamp": "2025-12-27T11:42:08.133863"
    },
    {
      "success": true,
      "coin_id": 1845,
      "symbol": "ACEUSDT",
      "signal": "PATTERN_BEARISH",
      "confidence": 0.9326,
      "final_score": 0.9326,
      "components_count": 1,
      "patterns_detected": 1,
      "divergences_detected": 0,
      "analysis_method": "pattern_only",
      "timestamp": "2025-12-27T11:42:08.170849"
    },
    {
      "success": true,
      "coin_id": 1927,
      "symbol": "EURUSDT",
      "signal": "PATTERN_BEARISH",
      "confidence": 0.8471,
      "final_score": 0.8471,
      "components_count": 1,
      "patterns_detected": 1,
      "divergences_detected": 0,
      "analysis_method": "pattern_only",
      "timestamp": "2025-12-27T11:42:08.208848"
    },
    {
      "success": true,
      "coin_id": 1284,
      "symbol": "RAYUSDT",
      "signal": "PATTERN_BEARISH",
      "confidence": 0.8815,
      "final_score": 0.8815,
      "components_count": 1,
      "patterns_detected": 1,
      "divergences_detected": 0,
      "analysis_method": "pattern_only",
      "timestamp": "2025-12-27T11:42:08.240845"
    },
    {
      "success": false,
      "coin_id": 1466,
      "symbol": "ELFUSDT",
      "reason": "هیچ سیگنال معتبری تولید نشد",
      "analysis_method": "none"
    },
    {
      "success": true,
      "coin_id": 2020,
      "symbol": "WANUSDT",
      "signal": "PATTERN_BEARISH",
      "confidence": 0.9234,
      "final_score": 0.9234,
      "components_count": 1,
      "patterns_detected": 1,
      "divergences_detected": 0,
      "analysis_method": "pattern_only",
      "timestamp": "2025-12-27T11:42:08.304843"
    },
    {
      "success": true,
      "coin_id": 1392,
      "symbol": "METUSDT",
      "signal": "PATTERN_BEARISH",
      "confidence": 0.8582,
      "final_score": 0.8582,
      "components_count": 1,
      "patterns_detected": 1,
      "divergences_detected": 0,
      "analysis_method": "pattern_only",
      "timestamp": "2025-12-27T11:42:08.342846"
    },
    {
      "success": true,
      "coin_id": 1338,
      "symbol": "JTOUSDT",
      "signal": "PATTERN_BEARISH",
      "confidence": 0.9029,
      "final_score": 0.9029,
      "components_count": 1,
      "patterns_detected": 1,
      "divergences_detected": 0,
      "analysis_method": "pattern_only",
      "timestamp": "2025-12-27T11:42:08.375845"
    },
    {
      "success": false,
      "coin_id": 1979,
      "symbol": "TUTUSDT",
      "reason": "هیچ سیگنال معتبری تولید نشد",
      "analysis_method": "none"
    },
    {
      "success": true,
      "coin_id": 1239,
      "symbol": "GRTUSDT",
      "signal": "PATTERN_BEARISH",
      "confidence": 0.8962,
      "final_score": 0.8962,
      "components_count": 1,
      "patterns_detected": 1,
      "divergences_detected": 0,
      "analysis_method": "pattern_only",
      "timestamp": "2025-12-27T11:42:08.456847"
    },
    {
      "success": true,
      "coin_id": 1955,
      "symbol": "WCTUSDT",
      "signal": "PATTERN_BEARISH",
      "confidence": 0.8474,
      "final_score": 0.8474,
      "components_count": 1,
      "patterns_detected": 1,
      "divergences_detected": 0,
      "analysis_method": "pattern_only",
      "timestamp": "2025-12-27T11:42:08.590665"
    },
    {
      "success": true,
      "coin_id": 1309,
      "symbol": "EIGENUSDT",
      "signal": "PATTERN_BEARISH",
      "confidence": 0.8837,
      "final_score": 0.8837,
      "components_count": 1,
      "patterns_detected": 1,
      "divergences_detected": 0,
      "analysis_method": "pattern_only",
      "timestamp": "2025-12-27T11:42:08.642665"
    },
    {
      "success": true,
      "coin_id": 1833,
      "symbol": "NEWTUSDT",
      "signal": "PATTERN_BEARISH",
      "confidence": 0.795,
      "final_score": 0.795,
      "components_count": 1,
      "patterns_detected": 1,
      "divergences_detected": 0,
      "analysis_method": "pattern_only",
      "timestamp": "2025-12-27T11:42:08.706553"
    },
    {
      "success": false,
      "coin_id": 1307,
      "symbol": "LGCTUSDT",
      "reason": "تحلیل ناموفق",
      "analysis_method": "failed"
    },
    {
      "success": false,
      "coin_id": 1602,
      "symbol": "SXPUSDT",
      "reason": "هیچ سیگنال معتبری تولید نشد",
      "analysis_method": "none"
    },
    {
      "success": true,
      "coin_id": 1443,
      "symbol": "VANAUSDT",
      "signal": "PATTERN_BEARISH",
      "confidence": 0.8464,
      "final_score": 0.8464,
      "components_count": 1,
      "patterns_detected": 1,
      "divergences_detected": 0,
      "analysis_method": "pattern_only",
      "timestamp": "2025-12-27T11:42:08.826551"
    },
    {
      "success": true,
      "coin_id": 1554,
      "symbol": "COTIUSDT",
      "signal": "PATTERN_BEARISH",
      "confidence": 0.8956,
      "final_score": 0.8956,
      "components_count": 1,
      "patterns_detected": 1,
      "divergences_detected": 0,
      "analysis_method": "pattern_only",
      "timestamp": "2025-12-27T11:42:08.852552"
    },
    {
      "success": true,
      "coin_id": 1972,
      "symbol": "KERNELUSDT",
      "signal": "PATTERN_BEARISH",
      "confidence": 0.9123,
      "final_score": 0.9123,
      "components_count": 1,
      "patterns_detected": 1,
      "divergences_detected": 0,
      "analysis_method": "pattern_only",
      "timestamp": "2025-12-27T11:42:08.879554"
    },
    {
      "success": true,
      "coin_id": 1735,
      "symbol": "DYMUSDT",
      "signal": "PATTERN_BEARISH",
      "confidence": 0.8471,
      "final_score": 0.8471,
      "components_count": 1,
      "patterns_detected": 1,
      "divergences_detected": 0,
      "analysis_method": "pattern_only",
      "timestamp": "2025-12-27T11:42:08.910552"
    },
    {
      "success": false,
      "coin_id": 1966,
      "symbol": "BEAMXUSDT",
      "reason": "هیچ سیگنال معتبری تولید نشد",
      "analysis_method": "none"
    },
    {
      "success": true,
      "coin_id": 2006,
      "symbol": "NTRNUSDT",
      "signal": "PATTERN_BEARISH",
      "confidence": 0.8014,
      "final_score": 0.8014,
      "components_count": 1,
      "patterns_detected": 1,
      "divergences_detected": 0,
      "analysis_method": "pattern_only",
      "timestamp": "2025-12-27T11:42:08.968554"
    },
    {
      "success": true,
      "coin_id": 1237,
      "symbol": "TIAUSDT",
      "signal": "PATTERN_BEARISH",
      "confidence": 0.8511,
      "final_score": 0.8511,
      "components_count": 1,
      "patterns_detected": 1,
      "divergences_detected": 0,
      "analysis_method": "pattern_only",
      "timestamp": "2025-12-27T11:42:09.008551"
    },
    {
      "success": true,
      "coin_id": 2027,
      "symbol": "TUSDT",
      "signal": "PATTERN_BEARISH",
      "confidence": 0.818,
      "final_score": 0.818,
      "components_count": 1,
      "patterns_detected": 1,
      "divergences_detected": 0,
      "analysis_method": "pattern_only",
      "timestamp": "2025-12-27T11:42:09.042554"
    },
    {
      "success": true,
      "coin_id": 2022,
      "symbol": "RDNTUSDT",
      "signal": "PATTERN_BEARISH",
      "confidence": 0.8415,
      "final_score": 0.8415,
      "components_count": 1,
      "patterns_detected": 1,
      "divergences_detected": 0,
      "analysis_method": "pattern_only",
      "timestamp": "2025-12-27T11:42:09.074550"
    },
    {
      "success": true,
      "coin_id": 1991,
      "symbol": "ARPAUSDT",
      "signal": "PATTERN_BEARISH",
      "confidence": 0.9158,
      "final_score": 0.9158,
      "components_count": 1,
      "patterns_detected": 1,
      "divergences_detected": 0,
      "analysis_method": "pattern_only",
      "timestamp": "2025-12-27T11:42:09.111550"
    },
    {
      "success": true,
      "coin_id": 1573,
      "symbol": "ARKUSDT",
      "signal": "PATTERN_BEARISH",
      "confidence": 0.8358,
      "final_score": 0.8358,
      "components_count": 1,
      "patterns_detected": 1,
      "divergences_detected": 0,
      "analysis_method": "pattern_only",
      "timestamp": "2025-12-27T11:42:09.139555"
    },
    {
      "success": true,
      "coin_id": 1196,
      "symbol": "ATOMUSDT",
      "signal": "PATTERN_BEARISH",
      "confidence": 0.9351,
      "final_score": 0.9351,
      "components_count": 1,
      "patterns_detected": 1,
      "divergences_detected": 2,
      "analysis_method": "pattern_only",
      "timestamp": "2025-12-27T11:42:09.179548"
    },
    {
      "success": true,
      "coin_id": 1996,
      "symbol": "RADUSDT",
      "signal": "PATTERN_BEARISH",
      "confidence": 0.8351,
      "final_score": 0.8351,
      "components_count": 1,
      "patterns_detected": 1,
      "divergences_detected": 0,
      "analysis_method": "pattern_only",
      "timestamp": "2025-12-27T11:42:09.213550"
    },
    {
      "success": false,
      "coin_id": 1172,
      "symbol": "ENAUSDT",
      "reason": "هیچ سیگنال معتبری تولید نشد",
      "analysis_method": "none"
    },
    {
      "success": true,
      "coin_id": 1390,
      "symbol": "AWEUSDT",
      "signal": "PATTERN_BEARISH",
      "confidence": 0.9099,
      "final_score": 0.9099,
      "components_count": 1,
      "patterns_detected": 1,
      "divergences_detected": 0,
      "analysis_method": "pattern_only",
      "timestamp": "2025-12-27T11:42:09.280555"
    },
    {
      "success": true,
      "coin_id": 1459,
      "symbol": "SCUSDT",
      "signal": "PATTERN_BEARISH",
      "confidence": 0.9318,
      "final_score": 0.9318,
      "components_count": 1,
      "patterns_detected": 1,
      "divergences_detected": 0,
      "analysis_method": "pattern_only",
      "timestamp": "2025-12-27T11:42:09.313550"
    },
    {
      "success": true,
      "coin_id": 1739,
      "symbol": "CTSIUSDT",
      "signal": "PATTERN_BEARISH",
      "confidence": 0.8983,
      "final_score": 0.8983,
      "components_count": 1,
      "patterns_detected": 1,
      "divergences_detected": 0,
      "analysis_method": "pattern_only",
      "timestamp": "2025-12-27T11:42:09.344564"
    }
  ]
}