{
  "success": true,
  "block_id": 1,
  "total_coins": 50,
  "signals_generated": 48,
  "signal_rate_percent": 96.0,
  "patterns_detected": 1,
  "divergences_detected": 0,
  "combined_signals": 48,
  "filtered_signals": 2,
  "failed_analysis": 2,
  "modules_available": {
    "pattern_detector": true,
    "signal_combiner": true
  },
  "realistic": false,
  "timestamp": "2025-12-27T22:55:19.988833",
  "results": [
    {
      "success": true,
      "coin_id": 1462,
      "symbol": "REQUSDT",
      "signal": "NEUTRAL",
      "confidence": 0.5,
      "final_score": 0.43,
      "components_count": 1,
      "patterns_detected": 0,
      "divergences_detected": 0,
      "analysis_method": "complete",
      "timestamp": "2025-12-27T22:55:17.987827"
    },
    {
      "success": true,
      "coin_id": 1187,
      "symbol": "APTUSDT",
      "signal": "NEUTRAL",
      "confidence": 0.5,
      "final_score": 0.43,
      "components_count": 1,
      "patterns_detected": 0,
      "divergences_detected": 0,
      "analysis_method": "complete",
      "timestamp": "2025-12-27T22:55:18.029826"
    },
    {
      "success": true,
      "coin_id": 1457,
      "symbol": "XVGUSDT",
      "signal": "NEUTRAL",
      "confidence": 0.5,
      "final_score": 0.5595,
      "components_count": 1,
      "patterns_detected": 0,
      "divergences_detected": 0,
      "analysis_method": "complete",
      "timestamp": "2025-12-27T22:55:18.076827"
    },
    {
      "success": true,
      "coin_id": 1632,
      "symbol": "STRAXUSDT",
      "signal": "NEUTRAL",
      "confidence": 0.5,
      "final_score": 0.43,
      "components_count": 1,
      "patterns_detected": 0,
      "divergences_detected": 0,
      "analysis_method": "complete",
      "timestamp": "2025-12-27T22:55:18.112824"
    },
    {
      "success": true,
      "coin_id": 1377,
      "symbol": "YFIUSDT",
      "signal": "NEUTRAL",
      "confidence": 0.5,
      "final_score": 0.43,
      "components_count": 1,
      "patterns_detected": 0,
      "divergences_detected": 0,
      "analysis_method": "complete",
      "timestamp": "2025-12-27T22:55:18.150825"
    },
    {
      "success": true,
      "coin_id": 1158,
      "symbol": "AAVEUSDT",
      "signal": "NEUTRAL",
      "confidence": 0.5,
      "final_score": 0.5542,
      "components_count": 1,
      "patterns_detected": 0,
      "divergences_detected": 0,
      "analysis_method": "complete",
      "timestamp": "2025-12-27T22:55:18.197827"
    },
    {
      "success": true,
      "coin_id": 2021,
      "symbol": "PIVXUSDT",
      "signal": "NEUTRAL",
      "confidence": 0.5,
      "final_score": 0.43,
      "components_count": 1,
      "patterns_detected": 1,
      "divergences_detected": 0,
      "analysis_method": "complete",
      "timestamp": "2025-12-27T22:55:18.236473"
    },
    {
      "success": true,
      "coin_id": 1981,
      "symbol": "STGUSDT",
      "signal": "NEUTRAL",
      "confidence": 0.5,
      "final_score": 0.5507,
      "components_count": 1,
      "patterns_detected": 0,
      "divergences_detected": 0,
      "analysis_method": "complete",
      "timestamp": "2025-12-27T22:55:18.277477"
    },
    {
      "success": true,
      "coin_id": 1345,
      "symbol": "ZENUSDT",
      "signal": "NEUTRAL",
      "confidence": 0.5,
      "final_score": 0.5542,
      "components_count": 1,
      "patterns_detected": 0,
      "divergences_detected": 0,
      "analysis_method": "complete",
      "timestamp": "2025-12-27T22:55:18.321472"
    },
    {
      "success": true,
      "coin_id": 1664,
      "symbol": "LISTAUSDT",
      "signal": "NEUTRAL",
      "confidence": 0.5,
      "final_score": 0.5542,
      "components_count": 1,
      "patterns_detected": 0,
      "divergences_detected": 0,
      "analysis_method": "complete",
      "timestamp": "2025-12-27T22:55:18.356472"
    },
    {
      "success": true,
      "coin_id": 1355,
      "symbol": "DYDXUSDT",
      "signal": "NEUTRAL",
      "confidence": 0.5,
      "final_score": 0.549,
      "components_count": 1,
      "patterns_detected": 0,
      "divergences_detected": 0,
      "analysis_method": "complete",
      "timestamp": "2025-12-27T22:55:18.401662"
    },
    {
      "success": true,
      "coin_id": 1827,
      "symbol": "AGLDUSDT",
      "signal": "NEUTRAL",
      "confidence": 0.5,
      "final_score": 0.43,
      "components_count": 1,
      "patterns_detected": 0,
      "divergences_detected": 0,
      "analysis_method": "complete",
      "timestamp": "2025-12-27T22:55:18.442663"
    },
    {
      "success": true,
      "coin_id": 1289,
      "symbol": "ARUSDT",
      "signal": "NEUTRAL",
      "confidence": 0.5,
      "final_score": 0.584,
      "components_count": 1,
      "patterns_detected": 0,
      "divergences_detected": 0,
      "analysis_method": "complete",
      "timestamp": "2025-12-27T22:55:18.483661"
    },
    {
      "success": true,
      "coin_id": 1871,
      "symbol": "NILUSDT",
      "signal": "NEUTRAL",
      "confidence": 0.5,
      "final_score": 0.43,
      "components_count": 1,
      "patterns_detected": 0,
      "divergences_detected": 0,
      "analysis_method": "complete",
      "timestamp": "2025-12-27T22:55:18.524663"
    },
    {
      "success": true,
      "coin_id": 1442,
      "symbol": "GMXUSDT",
      "signal": "NEUTRAL",
      "confidence": 0.5,
      "final_score": 0.43,
      "components_count": 1,
      "patterns_detected": 0,
      "divergences_detected": 0,
      "analysis_method": "complete",
      "timestamp": "2025-12-27T22:55:18.564670"
    },
    {
      "success": true,
      "coin_id": 1989,
      "symbol": "HAEDALUSDT",
      "signal": "NEUTRAL",
      "confidence": 0.5,
      "final_score": 0.43,
      "components_count": 1,
      "patterns_detected": 0,
      "divergences_detected": 0,
      "analysis_method": "complete",
      "timestamp": "2025-12-27T22:55:18.605661"
    },
    {
      "success": false,
      "coin_id": 1623,
      "symbol": "PRIMEUSDT",
      "reason": "تحلیل ناموفق",
      "analysis_method": "failed"
    },
    {
      "success": true,
      "coin_id": 1394,
      "symbol": "COWUSDT",
      "signal": "NEUTRAL",
      "confidence": 0.5,
      "final_score": 0.43,
      "components_count": 1,
      "patterns_detected": 0,
      "divergences_detected": 0,
      "analysis_method": "complete",
      "timestamp": "2025-12-27T22:55:18.656663"
    },
    {
      "success": true,
      "coin_id": 1959,
      "symbol": "AIUSDT",
      "signal": "NEUTRAL",
      "confidence": 0.5,
      "final_score": 0.43,
      "components_count": 1,
      "patterns_detected": 0,
      "divergences_detected": 0,
      "analysis_method": "complete",
      "timestamp": "2025-12-27T22:55:18.695664"
    },
    {
      "success": true,
      "coin_id": 1845,
      "symbol": "ACEUSDT",
      "signal": "NEUTRAL",
      "confidence": 0.5,
      "final_score": 0.43,
      "components_count": 1,
      "patterns_detected": 0,
      "divergences_detected": 0,
      "analysis_method": "complete",
      "timestamp": "2025-12-27T22:55:18.734663"
    },
    {
      "success": true,
      "coin_id": 1927,
      "symbol": "EURUSDT",
      "signal": "NEUTRAL",
      "confidence": 0.5,
      "final_score": 0.43,
      "components_count": 1,
      "patterns_detected": 0,
      "divergences_detected": 0,
      "analysis_method": "complete",
      "timestamp": "2025-12-27T22:55:18.781665"
    },
    {
      "success": true,
      "coin_id": 1284,
      "symbol": "RAYUSDT",
      "signal": "NEUTRAL",
      "confidence": 0.5,
      "final_score": 0.5507,
      "components_count": 1,
      "patterns_detected": 0,
      "divergences_detected": 0,
      "analysis_method": "complete",
      "timestamp": "2025-12-27T22:55:18.819662"
    },
    {
      "success": true,
      "coin_id": 1466,
      "symbol": "ELFUSDT",
      "signal": "NEUTRAL",
      "confidence": 0.5,
      "final_score": 0.4289,
      "components_count": 2,
      "patterns_detected": 0,
      "divergences_detected": 0,
      "analysis_method": "complete",
      "timestamp": "2025-12-27T22:55:18.844668"
    },
    {
      "success": true,
      "coin_id": 2020,
      "symbol": "WANUSDT",
      "signal": "NEUTRAL",
      "confidence": 0.5,
      "final_score": 0.43,
      "components_count": 1,
      "patterns_detected": 0,
      "divergences_detected": 0,
      "analysis_method": "complete",
      "timestamp": "2025-12-27T22:55:18.888662"
    },
    {
      "success": true,
      "coin_id": 1392,
      "symbol": "METUSDT",
      "signal": "NEUTRAL",
      "confidence": 0.5,
      "final_score": 0.43,
      "components_count": 1,
      "patterns_detected": 0,
      "divergences_detected": 0,
      "analysis_method": "complete",
      "timestamp": "2025-12-27T22:55:18.925665"
    },
    {
      "success": true,
      "coin_id": 1338,
      "symbol": "JTOUSDT",
      "signal": "NEUTRAL",
      "confidence": 0.5,
      "final_score": 0.43,
      "components_count": 1,
      "patterns_detected": 0,
      "divergences_detected": 0,
      "analysis_method": "complete",
      "timestamp": "2025-12-27T22:55:18.966661"
    },
    {
      "success": true,
      "coin_id": 1979,
      "symbol": "TUTUSDT",
      "signal": "NEUTRAL",
      "confidence": 0.5,
      "final_score": 0.43,
      "components_count": 1,
      "patterns_detected": 0,
      "divergences_detected": 0,
      "analysis_method": "complete",
      "timestamp": "2025-12-27T22:55:19.003667"
    },
    {
      "success": true,
      "coin_id": 1239,
      "symbol": "GRTUSDT",
      "signal": "NEUTRAL",
      "confidence": 0.5,
      "final_score": 0.43,
      "components_count": 1,
      "patterns_detected": 0,
      "divergences_detected": 0,
      "analysis_method": "complete",
      "timestamp": "2025-12-27T22:55:19.063666"
    },
    {
      "success": true,
      "coin_id": 1955,
      "symbol": "WCTUSDT",
      "signal": "NEUTRAL",
      "confidence": 0.5,
      "final_score": 0.521,
      "components_count": 1,
      "patterns_detected": 0,
      "divergences_detected": 0,
      "analysis_method": "complete",
      "timestamp": "2025-12-27T22:55:19.106662"
    },
    {
      "success": true,
      "coin_id": 1309,
      "symbol": "EIGENUSDT",
      "signal": "NEUTRAL",
      "confidence": 0.5,
      "final_score": 0.5805,
      "components_count": 1,
      "patterns_detected": 0,
      "divergences_detected": 0,
      "analysis_method": "complete",
      "timestamp": "2025-12-27T22:55:19.147662"
    },
    {
      "success": true,
      "coin_id": 1833,
      "symbol": "NEWTUSDT",
      "signal": "NEUTRAL",
      "confidence": 0.5,
      "final_score": 0.43,
      "components_count": 1,
      "patterns_detected": 0,
      "divergences_detected": 0,
      "analysis_method": "complete",
      "timestamp": "2025-12-27T22:55:19.189662"
    },
    {
      "success": false,
      "coin_id": 1307,
      "symbol": "LGCTUSDT",
      "reason": "تحلیل ناموفق",
      "analysis_method": "failed"
    },
    {
      "success": true,
      "coin_id": 1602,
      "symbol": "SXPUSDT",
      "signal": "NEUTRAL",
      "confidence": 0.5,
      "final_score": 0.43,
      "components_count": 1,
      "patterns_detected": 0,
      "divergences_detected": 0,
      "analysis_method": "complete",
      "timestamp": "2025-12-27T22:55:19.246381"
    },
    {
      "success": true,
      "coin_id": 1443,
      "symbol": "VANAUSDT",
      "signal": "NEUTRAL",
      "confidence": 0.5,
      "final_score": 0.43,
      "components_count": 1,
      "patterns_detected": 0,
      "divergences_detected": 0,
      "analysis_method": "complete",
      "timestamp": "2025-12-27T22:55:19.301382"
    },
    {
      "success": true,
      "coin_id": 1554,
      "symbol": "COTIUSDT",
      "signal": "NEUTRAL",
      "confidence": 0.5,
      "final_score": 0.43,
      "components_count": 1,
      "patterns_detected": 0,
      "divergences_detected": 0,
      "analysis_method": "complete",
      "timestamp": "2025-12-27T22:55:19.343847"
    },
    {
      "success": true,
      "coin_id": 1972,
      "symbol": "KERNELUSDT",
      "signal": "NEUTRAL",
      "confidence": 0.5,
      "final_score": 0.43,
      "components_count": 1,
      "patterns_detected": 0,
      "divergences_detected": 0,
      "analysis_method": "complete",
      "timestamp": "2025-12-27T22:55:19.380592"
    },
    {
      "success": true,
      "coin_id": 1735,
      "symbol": "DYMUSDT",
      "signal": "NEUTRAL",
      "confidence": 0.5,
      "final_score": 0.43,
      "components_count": 1,
      "patterns_detected": 0,
      "divergences_detected": 0,
      "analysis_method": "complete",
      "timestamp": "2025-12-27T22:55:19.413833"
    },
    {
      "success": true,
      "coin_id": 1966,
      "symbol": "BEAMXUSDT",
      "signal": "NEUTRAL",
      "confidence": 0.5,
      "final_score": 0.43,
      "components_count": 1,
      "patterns_detected": 0,
      "divergences_detected": 0,
      "analysis_method": "complete",
      "timestamp": "2025-12-27T22:55:19.448833"
    },
    {
      "success": true,
      "coin_id": 2006,
      "symbol": "NTRNUSDT",
      "signal": "NEUTRAL",
      "confidence": 0.5,
      "final_score": 0.43,
      "components_count": 1,
      "patterns_detected": 0,
      "divergences_detected": 0,
      "analysis_method": "complete",
      "timestamp": "2025-12-27T22:55:19.488834"
    },
    {
      "success": true,
      "coin_id": 1237,
      "symbol": "TIAUSDT",
      "signal": "NEUTRAL",
      "confidence": 0.5,
      "final_score": 0.43,
      "components_count": 1,
      "patterns_detected": 0,
      "divergences_detected": 0,
      "analysis_method": "complete",
      "timestamp": "2025-12-27T22:55:19.538836"
    },
    {
      "success": true,
      "coin_id": 2027,
      "symbol": "TUSDT",
      "signal": "NEUTRAL",
      "confidence": 0.5,
      "final_score": 0.43,
      "components_count": 1,
      "patterns_detected": 0,
      "divergences_detected": 0,
      "analysis_method": "complete",
      "timestamp": "2025-12-27T22:55:19.576837"
    },
    {
      "success": true,
      "coin_id": 2022,
      "symbol": "RDNTUSDT",
      "signal": "NEUTRAL",
      "confidence": 0.5,
      "final_score": 0.43,
      "components_count": 1,
      "patterns_detected": 0,
      "divergences_detected": 0,
      "analysis_method": "complete",
      "timestamp": "2025-12-27T22:55:19.612833"
    },
    {
      "success": true,
      "coin_id": 1991,
      "symbol": "ARPAUSDT",
      "signal": "NEUTRAL",
      "confidence": 0.5,
      "final_score": 0.43,
      "components_count": 1,
      "patterns_detected": 0,
      "divergences_detected": 0,
      "analysis_method": "complete",
      "timestamp": "2025-12-27T22:55:19.661835"
    },
    {
      "success": true,
      "coin_id": 1573,
      "symbol": "ARKUSDT",
      "signal": "NEUTRAL",
      "confidence": 0.5,
      "final_score": 0.43,
      "components_count": 1,
      "patterns_detected": 0,
      "divergences_detected": 0,
      "analysis_method": "complete",
      "timestamp": "2025-12-27T22:55:19.697833"
    },
    {
      "success": true,
      "coin_id": 1196,
      "symbol": "ATOMUSDT",
      "signal": "NEUTRAL",
      "confidence": 0.5,
      "final_score": 0.598,
      "components_count": 1,
      "patterns_detected": 0,
      "divergences_detected": 0,
      "analysis_method": "complete",
      "timestamp": "2025-12-27T22:55:19.744839"
    },
    {
      "success": true,
      "coin_id": 1996,
      "symbol": "RADUSDT",
      "signal": "NEUTRAL",
      "confidence": 0.5,
      "final_score": 0.43,
      "components_count": 1,
      "patterns_detected": 0,
      "divergences_detected": 0,
      "analysis_method": "complete",
      "timestamp": "2025-12-27T22:55:19.791846"
    },
    {
      "success": true,
      "coin_id": 1172,
      "symbol": "ENAUSDT",
      "signal": "NEUTRAL",
      "confidence": 0.5,
      "final_score": 0.521,
      "components_count": 1,
      "patterns_detected": 0,
      "divergences_detected": 0,
      "analysis_method": "complete",
      "timestamp": "2025-12-27T22:55:19.844836"
    },
    {
      "success": true,
      "coin_id": 1390,
      "symbol": "AWEUSDT",
      "signal": "NEUTRAL",
      "confidence": 0.5,
      "final_score": 0.43,
      "components_count": 1,
      "patterns_detected": 0,
      "divergences_detected": 0,
      "analysis_method": "complete",
      "timestamp": "2025-12-27T22:55:19.903836"
    },
    {
      "success": true,
      "coin_id": 1459,
      "symbol": "SCUSDT",
      "signal": "NEUTRAL",
      "confidence": 0.5,
      "final_score": 0.43,
      "components_count": 1,
      "patterns_detected": 0,
      "divergences_detected": 0,
      "analysis_method": "complete",
      "timestamp": "2025-12-27T22:55:19.950834"
    },
    {
      "success": true,
      "coin_id": 1739,
      "symbol": "CTSIUSDT",
      "signal": "NEUTRAL",
      "confidence": 0.5,
      "final_score": 0.584,
      "components_count": 1,
      "patterns_detected": 0,
      "divergences_detected": 0,
      "analysis_method": "complete",
      "timestamp": "2025-12-27T22:55:19.987834"
    }
  ]
}