{
  "success": true,
  "block_id": 1,
  "total_coins": 50,
  "signals_generated": 41,
  "signal_rate_percent": 82.0,
  "patterns_detected": 41,
  "divergences_detected": 1,
  "combined_signals": 0,
  "filtered_signals": 50,
  "failed_analysis": 9,
  "modules_available": {
    "pattern_detector": true,
    "signal_combiner": true
  },
  "realistic": false,
  "timestamp": "2025-12-27T12:57:26.377148",
  "results": [
    {
      "success": true,
      "coin_id": 1462,
      "symbol": "REQUSDT",
      "signal": "PATTERN_BEARISH",
      "confidence": 0.467432,
      "final_score": 0.467432,
      "components_count": 1,
      "patterns_detected": 1,
      "divergences_detected": 0,
      "analysis_method": "pattern_only",
      "timestamp": "2025-12-27T12:57:23.977005"
    },
    {
      "success": false,
      "coin_id": 1187,
      "symbol": "APTUSDT",
      "reason": "هیچ سیگنال معتبری تولید نشد",
      "analysis_method": "none"
    },
    {
      "success": true,
      "coin_id": 1457,
      "symbol": "XVGUSDT",
      "signal": "PATTERN_BEARISH",
      "confidence": 0.52528,
      "final_score": 0.52528,
      "components_count": 1,
      "patterns_detected": 1,
      "divergences_detected": 0,
      "analysis_method": "pattern_only",
      "timestamp": "2025-12-27T12:57:24.064013"
    },
    {
      "success": true,
      "coin_id": 1632,
      "symbol": "STRAXUSDT",
      "signal": "PATTERN_BEARISH",
      "confidence": 0.472024,
      "final_score": 0.472024,
      "components_count": 1,
      "patterns_detected": 1,
      "divergences_detected": 0,
      "analysis_method": "pattern_only",
      "timestamp": "2025-12-27T12:57:24.269006"
    },
    {
      "success": false,
      "coin_id": 1377,
      "symbol": "YFIUSDT",
      "reason": "هیچ سیگنال معتبری تولید نشد",
      "analysis_method": "none"
    },
    {
      "success": true,
      "coin_id": 1158,
      "symbol": "AAVEUSDT",
      "signal": "PATTERN_BEARISH",
      "confidence": 0.35632800000000003,
      "final_score": 0.35632800000000003,
      "components_count": 1,
      "patterns_detected": 1,
      "divergences_detected": 0,
      "analysis_method": "pattern_only",
      "timestamp": "2025-12-27T12:57:24.406005"
    },
    {
      "success": true,
      "coin_id": 2021,
      "symbol": "PIVXUSDT",
      "signal": "PATTERN_BEARISH",
      "confidence": 0.523656,
      "final_score": 0.523656,
      "components_count": 1,
      "patterns_detected": 1,
      "divergences_detected": 0,
      "analysis_method": "pattern_only",
      "timestamp": "2025-12-27T12:57:24.442007"
    },
    {
      "success": true,
      "coin_id": 1981,
      "symbol": "STGUSDT",
      "signal": "PATTERN_BEARISH",
      "confidence": 0.5150879999999999,
      "final_score": 0.5150879999999999,
      "components_count": 1,
      "patterns_detected": 1,
      "divergences_detected": 0,
      "analysis_method": "pattern_only",
      "timestamp": "2025-12-27T12:57:24.481004"
    },
    {
      "success": true,
      "coin_id": 1345,
      "symbol": "ZENUSDT",
      "signal": "PATTERN_BEARISH",
      "confidence": 0.508144,
      "final_score": 0.508144,
      "components_count": 1,
      "patterns_detected": 1,
      "divergences_detected": 0,
      "analysis_method": "pattern_only",
      "timestamp": "2025-12-27T12:57:24.525006"
    },
    {
      "success": true,
      "coin_id": 1664,
      "symbol": "LISTAUSDT",
      "signal": "PATTERN_BEARISH",
      "confidence": 0.36554,
      "final_score": 0.36554,
      "components_count": 1,
      "patterns_detected": 1,
      "divergences_detected": 0,
      "analysis_method": "pattern_only",
      "timestamp": "2025-12-27T12:57:24.565003"
    },
    {
      "success": true,
      "coin_id": 1355,
      "symbol": "DYDXUSDT",
      "signal": "PATTERN_BEARISH",
      "confidence": 0.491904,
      "final_score": 0.491904,
      "components_count": 1,
      "patterns_detected": 1,
      "divergences_detected": 0,
      "analysis_method": "pattern_only",
      "timestamp": "2025-12-27T12:57:24.619785"
    },
    {
      "success": true,
      "coin_id": 1827,
      "symbol": "AGLDUSDT",
      "signal": "PATTERN_BEARISH",
      "confidence": 0.513632,
      "final_score": 0.513632,
      "components_count": 1,
      "patterns_detected": 1,
      "divergences_detected": 0,
      "analysis_method": "pattern_only",
      "timestamp": "2025-12-27T12:57:24.675785"
    },
    {
      "success": true,
      "coin_id": 1289,
      "symbol": "ARUSDT",
      "signal": "PATTERN_BEARISH",
      "confidence": 0.35052639999999996,
      "final_score": 0.35052639999999996,
      "components_count": 1,
      "patterns_detected": 1,
      "divergences_detected": 0,
      "analysis_method": "pattern_only",
      "timestamp": "2025-12-27T12:57:24.759649"
    },
    {
      "success": true,
      "coin_id": 1871,
      "symbol": "NILUSDT",
      "signal": "PATTERN_BEARISH",
      "confidence": 0.523096,
      "final_score": 0.523096,
      "components_count": 1,
      "patterns_detected": 1,
      "divergences_detected": 0,
      "analysis_method": "pattern_only",
      "timestamp": "2025-12-27T12:57:25.077549"
    },
    {
      "success": true,
      "coin_id": 1442,
      "symbol": "GMXUSDT",
      "signal": "PATTERN_BEARISH",
      "confidence": 0.4606,
      "final_score": 0.4606,
      "components_count": 1,
      "patterns_detected": 1,
      "divergences_detected": 0,
      "analysis_method": "pattern_only",
      "timestamp": "2025-12-27T12:57:25.140580"
    },
    {
      "success": true,
      "coin_id": 1989,
      "symbol": "HAEDALUSDT",
      "signal": "PATTERN_BEARISH",
      "confidence": 0.467992,
      "final_score": 0.467992,
      "components_count": 1,
      "patterns_detected": 1,
      "divergences_detected": 0,
      "analysis_method": "pattern_only",
      "timestamp": "2025-12-27T12:57:25.180654"
    },
    {
      "success": false,
      "coin_id": 1623,
      "symbol": "PRIMEUSDT",
      "reason": "تحلیل ناموفق",
      "analysis_method": "failed"
    },
    {
      "success": true,
      "coin_id": 1394,
      "symbol": "COWUSDT",
      "signal": "PATTERN_BEARISH",
      "confidence": 0.35154559999999996,
      "final_score": 0.35154559999999996,
      "components_count": 1,
      "patterns_detected": 1,
      "divergences_detected": 0,
      "analysis_method": "pattern_only",
      "timestamp": "2025-12-27T12:57:25.230049"
    },
    {
      "success": true,
      "coin_id": 1959,
      "symbol": "AIUSDT",
      "signal": "PATTERN_BEARISH",
      "confidence": 0.458472,
      "final_score": 0.458472,
      "components_count": 1,
      "patterns_detected": 1,
      "divergences_detected": 0,
      "analysis_method": "pattern_only",
      "timestamp": "2025-12-27T12:57:25.271047"
    },
    {
      "success": true,
      "coin_id": 1845,
      "symbol": "ACEUSDT",
      "signal": "PATTERN_BEARISH",
      "confidence": 0.5222559999999999,
      "final_score": 0.5222559999999999,
      "components_count": 1,
      "patterns_detected": 1,
      "divergences_detected": 0,
      "analysis_method": "pattern_only",
      "timestamp": "2025-12-27T12:57:25.316050"
    },
    {
      "success": true,
      "coin_id": 1927,
      "symbol": "EURUSDT",
      "signal": "PATTERN_BEARISH",
      "confidence": 0.4743759999999999,
      "final_score": 0.4743759999999999,
      "components_count": 1,
      "patterns_detected": 1,
      "divergences_detected": 0,
      "analysis_method": "pattern_only",
      "timestamp": "2025-12-27T12:57:25.357048"
    },
    {
      "success": true,
      "coin_id": 1284,
      "symbol": "RAYUSDT",
      "signal": "PATTERN_BEARISH",
      "confidence": 0.4936399999999999,
      "final_score": 0.4936399999999999,
      "components_count": 1,
      "patterns_detected": 1,
      "divergences_detected": 0,
      "analysis_method": "pattern_only",
      "timestamp": "2025-12-27T12:57:25.394048"
    },
    {
      "success": false,
      "coin_id": 1466,
      "symbol": "ELFUSDT",
      "reason": "هیچ سیگنال معتبری تولید نشد",
      "analysis_method": "none"
    },
    {
      "success": true,
      "coin_id": 2020,
      "symbol": "WANUSDT",
      "signal": "PATTERN_BEARISH",
      "confidence": 0.517104,
      "final_score": 0.517104,
      "components_count": 1,
      "patterns_detected": 1,
      "divergences_detected": 0,
      "analysis_method": "pattern_only",
      "timestamp": "2025-12-27T12:57:25.458053"
    },
    {
      "success": true,
      "coin_id": 1392,
      "symbol": "METUSDT",
      "signal": "PATTERN_BEARISH",
      "confidence": 0.48059199999999996,
      "final_score": 0.48059199999999996,
      "components_count": 1,
      "patterns_detected": 1,
      "divergences_detected": 0,
      "analysis_method": "pattern_only",
      "timestamp": "2025-12-27T12:57:25.490049"
    },
    {
      "success": true,
      "coin_id": 1338,
      "symbol": "JTOUSDT",
      "signal": "PATTERN_BEARISH",
      "confidence": 0.505624,
      "final_score": 0.505624,
      "components_count": 1,
      "patterns_detected": 1,
      "divergences_detected": 0,
      "analysis_method": "pattern_only",
      "timestamp": "2025-12-27T12:57:25.526052"
    },
    {
      "success": false,
      "coin_id": 1979,
      "symbol": "TUTUSDT",
      "reason": "هیچ سیگنال معتبری تولید نشد",
      "analysis_method": "none"
    },
    {
      "success": true,
      "coin_id": 1239,
      "symbol": "GRTUSDT",
      "signal": "PATTERN_BEARISH",
      "confidence": 0.35131039999999997,
      "final_score": 0.35131039999999997,
      "components_count": 1,
      "patterns_detected": 1,
      "divergences_detected": 0,
      "analysis_method": "pattern_only",
      "timestamp": "2025-12-27T12:57:25.599927"
    },
    {
      "success": true,
      "coin_id": 1955,
      "symbol": "WCTUSDT",
      "signal": "PATTERN_BEARISH",
      "confidence": 0.4745440000000001,
      "final_score": 0.4745440000000001,
      "components_count": 1,
      "patterns_detected": 1,
      "divergences_detected": 0,
      "analysis_method": "pattern_only",
      "timestamp": "2025-12-27T12:57:25.635926"
    },
    {
      "success": true,
      "coin_id": 1309,
      "symbol": "EIGENUSDT",
      "signal": "PATTERN_BEARISH",
      "confidence": 0.34641039999999995,
      "final_score": 0.34641039999999995,
      "components_count": 1,
      "patterns_detected": 1,
      "divergences_detected": 0,
      "analysis_method": "pattern_only",
      "timestamp": "2025-12-27T12:57:25.669929"
    },
    {
      "success": true,
      "coin_id": 1833,
      "symbol": "NEWTUSDT",
      "signal": "PATTERN_BEARISH",
      "confidence": 0.44520000000000004,
      "final_score": 0.44520000000000004,
      "components_count": 1,
      "patterns_detected": 1,
      "divergences_detected": 0,
      "analysis_method": "pattern_only",
      "timestamp": "2025-12-27T12:57:25.707150"
    },
    {
      "success": false,
      "coin_id": 1307,
      "symbol": "LGCTUSDT",
      "reason": "تحلیل ناموفق",
      "analysis_method": "failed"
    },
    {
      "success": false,
      "coin_id": 1602,
      "symbol": "SXPUSDT",
      "reason": "هیچ سیگنال معتبری تولید نشد",
      "analysis_method": "none"
    },
    {
      "success": true,
      "coin_id": 1443,
      "symbol": "VANAUSDT",
      "signal": "PATTERN_BEARISH",
      "confidence": 0.473984,
      "final_score": 0.473984,
      "components_count": 1,
      "patterns_detected": 1,
      "divergences_detected": 0,
      "analysis_method": "pattern_only",
      "timestamp": "2025-12-27T12:57:25.808152"
    },
    {
      "success": true,
      "coin_id": 1554,
      "symbol": "COTIUSDT",
      "signal": "PATTERN_BEARISH",
      "confidence": 0.3510752,
      "final_score": 0.3510752,
      "components_count": 1,
      "patterns_detected": 1,
      "divergences_detected": 0,
      "analysis_method": "pattern_only",
      "timestamp": "2025-12-27T12:57:25.839151"
    },
    {
      "success": true,
      "coin_id": 1972,
      "symbol": "KERNELUSDT",
      "signal": "PATTERN_BEARISH",
      "confidence": 0.510888,
      "final_score": 0.510888,
      "components_count": 1,
      "patterns_detected": 1,
      "divergences_detected": 0,
      "analysis_method": "pattern_only",
      "timestamp": "2025-12-27T12:57:25.870148"
    },
    {
      "success": true,
      "coin_id": 1735,
      "symbol": "DYMUSDT",
      "signal": "PATTERN_BEARISH",
      "confidence": 0.3320631999999999,
      "final_score": 0.3320631999999999,
      "components_count": 1,
      "patterns_detected": 1,
      "divergences_detected": 0,
      "analysis_method": "pattern_only",
      "timestamp": "2025-12-27T12:57:25.905148"
    },
    {
      "success": false,
      "coin_id": 1966,
      "symbol": "BEAMXUSDT",
      "reason": "هیچ سیگنال معتبری تولید نشد",
      "analysis_method": "none"
    },
    {
      "success": true,
      "coin_id": 2006,
      "symbol": "NTRNUSDT",
      "signal": "PATTERN_BEARISH",
      "confidence": 0.31414879999999995,
      "final_score": 0.31414879999999995,
      "components_count": 1,
      "patterns_detected": 1,
      "divergences_detected": 0,
      "analysis_method": "pattern_only",
      "timestamp": "2025-12-27T12:57:25.971146"
    },
    {
      "success": true,
      "coin_id": 1237,
      "symbol": "TIAUSDT",
      "signal": "PATTERN_BEARISH",
      "confidence": 0.3336311999999999,
      "final_score": 0.3336311999999999,
      "components_count": 1,
      "patterns_detected": 1,
      "divergences_detected": 0,
      "analysis_method": "pattern_only",
      "timestamp": "2025-12-27T12:57:26.015148"
    },
    {
      "success": true,
      "coin_id": 2027,
      "symbol": "TUSDT",
      "signal": "PATTERN_BEARISH",
      "confidence": 0.45807999999999993,
      "final_score": 0.45807999999999993,
      "components_count": 1,
      "patterns_detected": 1,
      "divergences_detected": 0,
      "analysis_method": "pattern_only",
      "timestamp": "2025-12-27T12:57:26.047148"
    },
    {
      "success": true,
      "coin_id": 2022,
      "symbol": "RDNTUSDT",
      "signal": "PATTERN_BEARISH",
      "confidence": 0.329868,
      "final_score": 0.329868,
      "components_count": 1,
      "patterns_detected": 1,
      "divergences_detected": 0,
      "analysis_method": "pattern_only",
      "timestamp": "2025-12-27T12:57:26.079149"
    },
    {
      "success": true,
      "coin_id": 1991,
      "symbol": "ARPAUSDT",
      "signal": "PATTERN_BEARISH",
      "confidence": 0.512848,
      "final_score": 0.512848,
      "components_count": 1,
      "patterns_detected": 1,
      "divergences_detected": 0,
      "analysis_method": "pattern_only",
      "timestamp": "2025-12-27T12:57:26.117149"
    },
    {
      "success": true,
      "coin_id": 1573,
      "symbol": "ARKUSDT",
      "signal": "PATTERN_BEARISH",
      "confidence": 0.46804799999999996,
      "final_score": 0.46804799999999996,
      "components_count": 1,
      "patterns_detected": 1,
      "divergences_detected": 0,
      "analysis_method": "pattern_only",
      "timestamp": "2025-12-27T12:57:26.150148"
    },
    {
      "success": true,
      "coin_id": 1196,
      "symbol": "ATOMUSDT",
      "signal": "PATTERN_BEARISH",
      "confidence": 0.3665592,
      "final_score": 0.3665592,
      "components_count": 1,
      "patterns_detected": 1,
      "divergences_detected": 1,
      "analysis_method": "pattern_only",
      "timestamp": "2025-12-27T12:57:26.192152"
    },
    {
      "success": true,
      "coin_id": 1996,
      "symbol": "RADUSDT",
      "signal": "PATTERN_BEARISH",
      "confidence": 0.46765599999999996,
      "final_score": 0.46765599999999996,
      "components_count": 1,
      "patterns_detected": 1,
      "divergences_detected": 0,
      "analysis_method": "pattern_only",
      "timestamp": "2025-12-27T12:57:26.226153"
    },
    {
      "success": false,
      "coin_id": 1172,
      "symbol": "ENAUSDT",
      "reason": "هیچ سیگنال معتبری تولید نشد",
      "analysis_method": "none"
    },
    {
      "success": true,
      "coin_id": 1390,
      "symbol": "AWEUSDT",
      "signal": "PATTERN_BEARISH",
      "confidence": 0.509544,
      "final_score": 0.509544,
      "components_count": 1,
      "patterns_detected": 1,
      "divergences_detected": 0,
      "analysis_method": "pattern_only",
      "timestamp": "2025-12-27T12:57:26.303149"
    },
    {
      "success": true,
      "coin_id": 1459,
      "symbol": "SCUSDT",
      "signal": "PATTERN_BEARISH",
      "confidence": 0.5218079999999999,
      "final_score": 0.5218079999999999,
      "components_count": 1,
      "patterns_detected": 1,
      "divergences_detected": 0,
      "analysis_method": "pattern_only",
      "timestamp": "2025-12-27T12:57:26.341150"
    },
    {
      "success": true,
      "coin_id": 1739,
      "symbol": "CTSIUSDT",
      "signal": "PATTERN_BEARISH",
      "confidence": 0.3521336,
      "final_score": 0.3521336,
      "components_count": 1,
      "patterns_detected": 1,
      "divergences_detected": 0,
      "analysis_method": "pattern_only",
      "timestamp": "2025-12-27T12:57:26.376150"
    }
  ]
}