{
  "success": true,
  "block_id": 1,
  "total_coins": 50,
  "signals_generated": 48,
  "signal_rate_percent": 96.0,
  "patterns_detected": 0,
  "divergences_detected": 0,
  "combined_signals": 48,
  "filtered_signals": 2,
  "failed_analysis": 2,
  "modules_available": {
    "pattern_detector": true,
    "signal_combiner": true
  },
  "realistic": false,
  "timestamp": "2025-12-27T22:35:46.930287",
  "results": [
    {
      "success": true,
      "coin_id": 1462,
      "symbol": "REQUSDT",
      "signal": "NEUTRAL",
      "confidence": 0.5,
      "final_score": 0.43,
      "components_count": 1,
      "patterns_detected": 0,
      "divergences_detected": 0,
      "analysis_method": "complete",
      "timestamp": "2025-12-27T22:35:45.253920"
    },
    {
      "success": true,
      "coin_id": 1187,
      "symbol": "APTUSDT",
      "signal": "NEUTRAL",
      "confidence": 0.5,
      "final_score": 0.43,
      "components_count": 1,
      "patterns_detected": 0,
      "divergences_detected": 0,
      "analysis_method": "complete",
      "timestamp": "2025-12-27T22:35:45.287919"
    },
    {
      "success": true,
      "coin_id": 1457,
      "symbol": "XVGUSDT",
      "signal": "NEUTRAL",
      "confidence": 0.5,
      "final_score": 0.5595,
      "components_count": 1,
      "patterns_detected": 0,
      "divergences_detected": 0,
      "analysis_method": "complete",
      "timestamp": "2025-12-27T22:35:45.325919"
    },
    {
      "success": true,
      "coin_id": 1632,
      "symbol": "STRAXUSDT",
      "signal": "NEUTRAL",
      "confidence": 0.5,
      "final_score": 0.43,
      "components_count": 1,
      "patterns_detected": 0,
      "divergences_detected": 0,
      "analysis_method": "complete",
      "timestamp": "2025-12-27T22:35:45.356923"
    },
    {
      "success": true,
      "coin_id": 1377,
      "symbol": "YFIUSDT",
      "signal": "NEUTRAL",
      "confidence": 0.5,
      "final_score": 0.43,
      "components_count": 1,
      "patterns_detected": 0,
      "divergences_detected": 0,
      "analysis_method": "complete",
      "timestamp": "2025-12-27T22:35:45.385920"
    },
    {
      "success": true,
      "coin_id": 1158,
      "symbol": "AAVEUSDT",
      "signal": "NEUTRAL",
      "confidence": 0.5,
      "final_score": 0.5542,
      "components_count": 1,
      "patterns_detected": 0,
      "divergences_detected": 0,
      "analysis_method": "complete",
      "timestamp": "2025-12-27T22:35:45.418656"
    },
    {
      "success": true,
      "coin_id": 2021,
      "symbol": "PIVXUSDT",
      "signal": "NEUTRAL",
      "confidence": 0.5,
      "final_score": 0.43,
      "components_count": 1,
      "patterns_detected": 0,
      "divergences_detected": 0,
      "analysis_method": "complete",
      "timestamp": "2025-12-27T22:35:45.451657"
    },
    {
      "success": true,
      "coin_id": 1981,
      "symbol": "STGUSDT",
      "signal": "NEUTRAL",
      "confidence": 0.5,
      "final_score": 0.5507,
      "components_count": 1,
      "patterns_detected": 0,
      "divergences_detected": 0,
      "analysis_method": "complete",
      "timestamp": "2025-12-27T22:35:45.490659"
    },
    {
      "success": true,
      "coin_id": 1345,
      "symbol": "ZENUSDT",
      "signal": "NEUTRAL",
      "confidence": 0.5,
      "final_score": 0.5542,
      "components_count": 1,
      "patterns_detected": 0,
      "divergences_detected": 0,
      "analysis_method": "complete",
      "timestamp": "2025-12-27T22:35:45.533655"
    },
    {
      "success": true,
      "coin_id": 1664,
      "symbol": "LISTAUSDT",
      "signal": "NEUTRAL",
      "confidence": 0.5,
      "final_score": 0.5542,
      "components_count": 1,
      "patterns_detected": 0,
      "divergences_detected": 0,
      "analysis_method": "complete",
      "timestamp": "2025-12-27T22:35:45.564668"
    },
    {
      "success": true,
      "coin_id": 1355,
      "symbol": "DYDXUSDT",
      "signal": "NEUTRAL",
      "confidence": 0.5,
      "final_score": 0.549,
      "components_count": 1,
      "patterns_detected": 0,
      "divergences_detected": 0,
      "analysis_method": "complete",
      "timestamp": "2025-12-27T22:35:45.608658"
    },
    {
      "success": true,
      "coin_id": 1827,
      "symbol": "AGLDUSDT",
      "signal": "NEUTRAL",
      "confidence": 0.5,
      "final_score": 0.43,
      "components_count": 1,
      "patterns_detected": 0,
      "divergences_detected": 0,
      "analysis_method": "complete",
      "timestamp": "2025-12-27T22:35:45.661666"
    },
    {
      "success": true,
      "coin_id": 1289,
      "symbol": "ARUSDT",
      "signal": "NEUTRAL",
      "confidence": 0.5,
      "final_score": 0.584,
      "components_count": 1,
      "patterns_detected": 0,
      "divergences_detected": 0,
      "analysis_method": "complete",
      "timestamp": "2025-12-27T22:35:45.709765"
    },
    {
      "success": true,
      "coin_id": 1871,
      "symbol": "NILUSDT",
      "signal": "NEUTRAL",
      "confidence": 0.5,
      "final_score": 0.43,
      "components_count": 1,
      "patterns_detected": 0,
      "divergences_detected": 0,
      "analysis_method": "complete",
      "timestamp": "2025-12-27T22:35:45.753716"
    },
    {
      "success": true,
      "coin_id": 1442,
      "symbol": "GMXUSDT",
      "signal": "NEUTRAL",
      "confidence": 0.5,
      "final_score": 0.43,
      "components_count": 1,
      "patterns_detected": 0,
      "divergences_detected": 0,
      "analysis_method": "complete",
      "timestamp": "2025-12-27T22:35:45.792715"
    },
    {
      "success": true,
      "coin_id": 1989,
      "symbol": "HAEDALUSDT",
      "signal": "NEUTRAL",
      "confidence": 0.5,
      "final_score": 0.43,
      "components_count": 1,
      "patterns_detected": 0,
      "divergences_detected": 0,
      "analysis_method": "complete",
      "timestamp": "2025-12-27T22:35:45.838643"
    },
    {
      "success": false,
      "coin_id": 1623,
      "symbol": "PRIMEUSDT",
      "reason": "تحلیل ناموفق",
      "analysis_method": "failed"
    },
    {
      "success": true,
      "coin_id": 1394,
      "symbol": "COWUSDT",
      "signal": "NEUTRAL",
      "confidence": 0.5,
      "final_score": 0.43,
      "components_count": 1,
      "patterns_detected": 0,
      "divergences_detected": 0,
      "analysis_method": "complete",
      "timestamp": "2025-12-27T22:35:45.890425"
    },
    {
      "success": true,
      "coin_id": 1959,
      "symbol": "AIUSDT",
      "signal": "NEUTRAL",
      "confidence": 0.5,
      "final_score": 0.43,
      "components_count": 1,
      "patterns_detected": 0,
      "divergences_detected": 0,
      "analysis_method": "complete",
      "timestamp": "2025-12-27T22:35:45.919426"
    },
    {
      "success": true,
      "coin_id": 1845,
      "symbol": "ACEUSDT",
      "signal": "NEUTRAL",
      "confidence": 0.5,
      "final_score": 0.43,
      "components_count": 1,
      "patterns_detected": 0,
      "divergences_detected": 0,
      "analysis_method": "complete",
      "timestamp": "2025-12-27T22:35:45.953427"
    },
    {
      "success": true,
      "coin_id": 1927,
      "symbol": "EURUSDT",
      "signal": "NEUTRAL",
      "confidence": 0.5,
      "final_score": 0.43,
      "components_count": 1,
      "patterns_detected": 0,
      "divergences_detected": 0,
      "analysis_method": "complete",
      "timestamp": "2025-12-27T22:35:45.993425"
    },
    {
      "success": true,
      "coin_id": 1284,
      "symbol": "RAYUSDT",
      "signal": "NEUTRAL",
      "confidence": 0.5,
      "final_score": 0.5507,
      "components_count": 1,
      "patterns_detected": 0,
      "divergences_detected": 0,
      "analysis_method": "complete",
      "timestamp": "2025-12-27T22:35:46.032425"
    },
    {
      "success": true,
      "coin_id": 1466,
      "symbol": "ELFUSDT",
      "signal": "NEUTRAL",
      "confidence": 0.5,
      "final_score": 0.4289,
      "components_count": 2,
      "patterns_detected": 0,
      "divergences_detected": 0,
      "analysis_method": "complete",
      "timestamp": "2025-12-27T22:35:46.065427"
    },
    {
      "success": true,
      "coin_id": 2020,
      "symbol": "WANUSDT",
      "signal": "NEUTRAL",
      "confidence": 0.5,
      "final_score": 0.43,
      "components_count": 1,
      "patterns_detected": 0,
      "divergences_detected": 0,
      "analysis_method": "complete",
      "timestamp": "2025-12-27T22:35:46.104425"
    },
    {
      "success": true,
      "coin_id": 1392,
      "symbol": "METUSDT",
      "signal": "NEUTRAL",
      "confidence": 0.5,
      "final_score": 0.43,
      "components_count": 1,
      "patterns_detected": 0,
      "divergences_detected": 0,
      "analysis_method": "complete",
      "timestamp": "2025-12-27T22:35:46.141425"
    },
    {
      "success": true,
      "coin_id": 1338,
      "symbol": "JTOUSDT",
      "signal": "NEUTRAL",
      "confidence": 0.5,
      "final_score": 0.43,
      "components_count": 1,
      "patterns_detected": 0,
      "divergences_detected": 0,
      "analysis_method": "complete",
      "timestamp": "2025-12-27T22:35:46.181429"
    },
    {
      "success": true,
      "coin_id": 1979,
      "symbol": "TUTUSDT",
      "signal": "NEUTRAL",
      "confidence": 0.5,
      "final_score": 0.43,
      "components_count": 1,
      "patterns_detected": 0,
      "divergences_detected": 0,
      "analysis_method": "complete",
      "timestamp": "2025-12-27T22:35:46.218424"
    },
    {
      "success": true,
      "coin_id": 1239,
      "symbol": "GRTUSDT",
      "signal": "NEUTRAL",
      "confidence": 0.5,
      "final_score": 0.43,
      "components_count": 1,
      "patterns_detected": 0,
      "divergences_detected": 0,
      "analysis_method": "complete",
      "timestamp": "2025-12-27T22:35:46.247712"
    },
    {
      "success": true,
      "coin_id": 1955,
      "symbol": "WCTUSDT",
      "signal": "NEUTRAL",
      "confidence": 0.5,
      "final_score": 0.521,
      "components_count": 1,
      "patterns_detected": 0,
      "divergences_detected": 0,
      "analysis_method": "complete",
      "timestamp": "2025-12-27T22:35:46.275704"
    },
    {
      "success": true,
      "coin_id": 1309,
      "symbol": "EIGENUSDT",
      "signal": "NEUTRAL",
      "confidence": 0.5,
      "final_score": 0.5805,
      "components_count": 1,
      "patterns_detected": 0,
      "divergences_detected": 0,
      "analysis_method": "complete",
      "timestamp": "2025-12-27T22:35:46.302703"
    },
    {
      "success": true,
      "coin_id": 1833,
      "symbol": "NEWTUSDT",
      "signal": "NEUTRAL",
      "confidence": 0.5,
      "final_score": 0.43,
      "components_count": 1,
      "patterns_detected": 0,
      "divergences_detected": 0,
      "analysis_method": "complete",
      "timestamp": "2025-12-27T22:35:46.333704"
    },
    {
      "success": false,
      "coin_id": 1307,
      "symbol": "LGCTUSDT",
      "reason": "تحلیل ناموفق",
      "analysis_method": "failed"
    },
    {
      "success": true,
      "coin_id": 1602,
      "symbol": "SXPUSDT",
      "signal": "NEUTRAL",
      "confidence": 0.5,
      "final_score": 0.43,
      "components_count": 1,
      "patterns_detected": 0,
      "divergences_detected": 0,
      "analysis_method": "complete",
      "timestamp": "2025-12-27T22:35:46.382705"
    },
    {
      "success": true,
      "coin_id": 1443,
      "symbol": "VANAUSDT",
      "signal": "NEUTRAL",
      "confidence": 0.5,
      "final_score": 0.43,
      "components_count": 1,
      "patterns_detected": 0,
      "divergences_detected": 0,
      "analysis_method": "complete",
      "timestamp": "2025-12-27T22:35:46.413292"
    },
    {
      "success": true,
      "coin_id": 1554,
      "symbol": "COTIUSDT",
      "signal": "NEUTRAL",
      "confidence": 0.5,
      "final_score": 0.43,
      "components_count": 1,
      "patterns_detected": 0,
      "divergences_detected": 0,
      "analysis_method": "complete",
      "timestamp": "2025-12-27T22:35:46.442286"
    },
    {
      "success": true,
      "coin_id": 1972,
      "symbol": "KERNELUSDT",
      "signal": "NEUTRAL",
      "confidence": 0.5,
      "final_score": 0.43,
      "components_count": 1,
      "patterns_detected": 0,
      "divergences_detected": 0,
      "analysis_method": "complete",
      "timestamp": "2025-12-27T22:35:46.474286"
    },
    {
      "success": true,
      "coin_id": 1735,
      "symbol": "DYMUSDT",
      "signal": "NEUTRAL",
      "confidence": 0.5,
      "final_score": 0.43,
      "components_count": 1,
      "patterns_detected": 0,
      "divergences_detected": 0,
      "analysis_method": "complete",
      "timestamp": "2025-12-27T22:35:46.524286"
    },
    {
      "success": true,
      "coin_id": 1966,
      "symbol": "BEAMXUSDT",
      "signal": "NEUTRAL",
      "confidence": 0.5,
      "final_score": 0.43,
      "components_count": 1,
      "patterns_detected": 0,
      "divergences_detected": 0,
      "analysis_method": "complete",
      "timestamp": "2025-12-27T22:35:46.559287"
    },
    {
      "success": true,
      "coin_id": 2006,
      "symbol": "NTRNUSDT",
      "signal": "NEUTRAL",
      "confidence": 0.5,
      "final_score": 0.43,
      "components_count": 1,
      "patterns_detected": 0,
      "divergences_detected": 0,
      "analysis_method": "complete",
      "timestamp": "2025-12-27T22:35:46.594292"
    },
    {
      "success": true,
      "coin_id": 1237,
      "symbol": "TIAUSDT",
      "signal": "NEUTRAL",
      "confidence": 0.5,
      "final_score": 0.43,
      "components_count": 1,
      "patterns_detected": 0,
      "divergences_detected": 0,
      "analysis_method": "complete",
      "timestamp": "2025-12-27T22:35:46.632287"
    },
    {
      "success": true,
      "coin_id": 2027,
      "symbol": "TUSDT",
      "signal": "NEUTRAL",
      "confidence": 0.5,
      "final_score": 0.43,
      "components_count": 1,
      "patterns_detected": 0,
      "divergences_detected": 0,
      "analysis_method": "complete",
      "timestamp": "2025-12-27T22:35:46.669290"
    },
    {
      "success": true,
      "coin_id": 2022,
      "symbol": "RDNTUSDT",
      "signal": "NEUTRAL",
      "confidence": 0.5,
      "final_score": 0.43,
      "components_count": 1,
      "patterns_detected": 0,
      "divergences_detected": 0,
      "analysis_method": "complete",
      "timestamp": "2025-12-27T22:35:46.699286"
    },
    {
      "success": true,
      "coin_id": 1991,
      "symbol": "ARPAUSDT",
      "signal": "NEUTRAL",
      "confidence": 0.5,
      "final_score": 0.43,
      "components_count": 1,
      "patterns_detected": 0,
      "divergences_detected": 0,
      "analysis_method": "complete",
      "timestamp": "2025-12-27T22:35:46.732288"
    },
    {
      "success": true,
      "coin_id": 1573,
      "symbol": "ARKUSDT",
      "signal": "NEUTRAL",
      "confidence": 0.5,
      "final_score": 0.43,
      "components_count": 1,
      "patterns_detected": 0,
      "divergences_detected": 0,
      "analysis_method": "complete",
      "timestamp": "2025-12-27T22:35:46.758286"
    },
    {
      "success": true,
      "coin_id": 1196,
      "symbol": "ATOMUSDT",
      "signal": "NEUTRAL",
      "confidence": 0.5,
      "final_score": 0.598,
      "components_count": 1,
      "patterns_detected": 0,
      "divergences_detected": 0,
      "analysis_method": "complete",
      "timestamp": "2025-12-27T22:35:46.786285"
    },
    {
      "success": true,
      "coin_id": 1996,
      "symbol": "RADUSDT",
      "signal": "NEUTRAL",
      "confidence": 0.5,
      "final_score": 0.43,
      "components_count": 1,
      "patterns_detected": 0,
      "divergences_detected": 0,
      "analysis_method": "complete",
      "timestamp": "2025-12-27T22:35:46.815286"
    },
    {
      "success": true,
      "coin_id": 1172,
      "symbol": "ENAUSDT",
      "signal": "NEUTRAL",
      "confidence": 0.5,
      "final_score": 0.521,
      "components_count": 1,
      "patterns_detected": 0,
      "divergences_detected": 0,
      "analysis_method": "complete",
      "timestamp": "2025-12-27T22:35:46.842287"
    },
    {
      "success": true,
      "coin_id": 1390,
      "symbol": "AWEUSDT",
      "signal": "NEUTRAL",
      "confidence": 0.5,
      "final_score": 0.43,
      "components_count": 1,
      "patterns_detected": 0,
      "divergences_detected": 0,
      "analysis_method": "complete",
      "timestamp": "2025-12-27T22:35:46.871285"
    },
    {
      "success": true,
      "coin_id": 1459,
      "symbol": "SCUSDT",
      "signal": "NEUTRAL",
      "confidence": 0.5,
      "final_score": 0.43,
      "components_count": 1,
      "patterns_detected": 0,
      "divergences_detected": 0,
      "analysis_method": "complete",
      "timestamp": "2025-12-27T22:35:46.899304"
    },
    {
      "success": true,
      "coin_id": 1739,
      "symbol": "CTSIUSDT",
      "signal": "NEUTRAL",
      "confidence": 0.5,
      "final_score": 0.584,
      "components_count": 1,
      "patterns_detected": 0,
      "divergences_detected": 0,
      "analysis_method": "complete",
      "timestamp": "2025-12-27T22:35:46.928290"
    }
  ]
}