{
  "success": true,
  "block_id": 2,
  "total_coins": 28,
  "signals_generated": 0,
  "signal_rate_percent": 0.0,
  "patterns_detected": 0,
  "divergences_detected": 0,
  "combined_signals": 0,
  "filtered_signals": 28,
  "failed_analysis": 28,
  "modules_available": {
    "pattern_detector": true,
    "signal_combiner": true
  },
  "realistic": false,
  "timestamp": "2025-12-27T13:41:05.295939",
  "results": [
    {
      "success": false,
      "coin_id": 1449,
      "symbol": "MEUSDT",
      "reason": "هیچ سیگنال معتبری تولید نشد",
      "analysis_method": "none"
    },
    {
      "success": false,
      "coin_id": 1733,
      "symbol": "XAIUSDT",
      "reason": "هیچ سیگنال معتبری تولید نشد",
      "analysis_method": "none"
    },
    {
      "success": false,
      "coin_id": 1318,
      "symbol": "KMNOUSDT",
      "reason": "هیچ سیگنال معتبری تولید نشد",
      "analysis_method": "none"
    },
    {
      "success": false,
      "coin_id": 1495,
      "symbol": "WAVESUSDT",
      "reason": "هیچ سیگنال معتبری تولید نشد",
      "analysis_method": "none"
    },
    {
      "success": false,
      "coin_id": 1995,
      "symbol": "DUSDT",
      "reason": "هیچ سیگنال معتبری تولید نشد",
      "analysis_method": "none"
    },
    {
      "success": false,
      "coin_id": 1509,
      "symbol": "REDUSDT",
      "reason": "هیچ سیگنال معتبری تولید نشد",
      "analysis_method": "none"
    },
    {
      "success": false,
      "coin_id": 1168,
      "symbol": "ICPUSDT",
      "reason": "هیچ سیگنال معتبری تولید نشد",
      "analysis_method": "none"
    },
    {
      "success": false,
      "coin_id": 1813,
      "symbol": "BBUSDT",
      "reason": "هیچ سیگنال معتبری تولید نشد",
      "analysis_method": "none"
    },
    {
      "success": false,
      "coin_id": 2036,
      "symbol": "QUICKUSDT",
      "reason": "هیچ سیگنال معتبری تولید نشد",
      "analysis_method": "none"
    },
    {
      "success": false,
      "coin_id": 1908,
      "symbol": "RAREUSDT",
      "reason": "هیچ سیگنال معتبری تولید نشد",
      "analysis_method": "none"
    },
    {
      "success": false,
      "coin_id": 1986,
      "symbol": "TRUUSDT",
      "reason": "هیچ سیگنال معتبری تولید نشد",
      "analysis_method": "none"
    },
    {
      "success": false,
      "coin_id": 1332,
      "symbol": "CVXUSDT",
      "reason": "هیچ سیگنال معتبری تولید نشد",
      "analysis_method": "none"
    },
    {
      "success": false,
      "coin_id": 1522,
      "symbol": "POLYXUSDT",
      "reason": "هیچ سیگنال معتبری تولید نشد",
      "analysis_method": "none"
    },
    {
      "success": false,
      "coin_id": 1647,
      "symbol": "IQUSDT",
      "reason": "هیچ سیگنال معتبری تولید نشد",
      "analysis_method": "none"
    },
    {
      "success": false,
      "coin_id": 1743,
      "symbol": "MNGOUSDT",
      "reason": "تحلیل ناموفق",
      "analysis_method": "failed"
    },
    {
      "success": false,
      "coin_id": 1904,
      "symbol": "EPICUSDT",
      "reason": "هیچ سیگنال معتبری تولید نشد",
      "analysis_method": "none"
    },
    {
      "success": false,
      "coin_id": 1834,
      "symbol": "ATUSDT",
      "reason": "هیچ سیگنال معتبری تولید نشد",
      "analysis_method": "none"
    },
    {
      "success": false,
      "coin_id": 1685,
      "symbol": "STEEMUSDT",
      "reason": "هیچ سیگنال معتبری تولید نشد",
      "analysis_method": "none"
    },
    {
      "success": false,
      "coin_id": 1619,
      "symbol": "SOMIUSDT",
      "reason": "هیچ سیگنال معتبری تولید نشد",
      "analysis_method": "none"
    },
    {
      "success": false,
      "coin_id": 1359,
      "symbol": "TFUELUSDT",
      "reason": "هیچ سیگنال معتبری تولید نشد",
      "analysis_method": "none"
    },
    {
      "success": false,
      "coin_id": 1935,
      "symbol": "PORTALUSDT",
      "reason": "هیچ سیگنال معتبری تولید نشد",
      "analysis_method": "none"
    },
    {
      "success": false,
      "coin_id": 1976,
      "symbol": "PSGUSDT",
      "reason": "هیچ سیگنال معتبری تولید نشد",
      "analysis_method": "none"
    },
    {
      "success": false,
      "coin_id": 1269,
      "symbol": "DCRUSDT",
      "reason": "هیچ سیگنال معتبری تولید نشد",
      "analysis_method": "none"
    },
    {
      "success": false,
      "coin_id": 1644,
      "symbol": "ACHUSDT",
      "reason": "هیچ سیگنال معتبری تولید نشد",
      "analysis_method": "none"
    },
    {
      "success": false,
      "coin_id": 1252,
      "symbol": "TWTUSDT",
      "reason": "هیچ سیگنال معتبری تولید نشد",
      "analysis_method": "none"
    },
    {
      "success": false,
      "coin_id": 1479,
      "symbol": "NMRUSDT",
      "reason": "هیچ سیگنال معتبری تولید نشد",
      "analysis_method": "none"
    },
    {
      "success": false,
      "coin_id": 1998,
      "symbol": "SHELLUSDT",
      "reason": "هیچ سیگنال معتبری تولید نشد",
      "analysis_method": "none"
    },
    {
      "success": false,
      "coin_id": 1965,
      "symbol": "FXSUSDT",
      "reason": "هیچ سیگنال معتبری تولید نشد",
      "analysis_method": "none"
    }
  ]
}