{
  "success": true,
  "block_id": 2,
  "total_coins": 28,
  "signals_generated": 23,
  "signal_rate_percent": 82.1,
  "patterns_detected": 23,
  "divergences_detected": 0,
  "combined_signals": 0,
  "filtered_signals": 28,
  "failed_analysis": 5,
  "modules_available": {
    "pattern_detector": true,
    "signal_combiner": true
  },
  "realistic": false,
  "timestamp": "2025-12-27T13:01:09.916045",
  "results": [
    {
      "success": true,
      "coin_id": 1449,
      "symbol": "MEUSDT",
      "signal": "PATTERN_BEARISH",
      "confidence": 0.470008,
      "final_score": 0.470008,
      "components_count": 1,
      "patterns_detected": 1,
      "divergences_detected": 0,
      "analysis_method": "pattern_only",
      "timestamp": "2025-12-27T13:01:08.891544"
    },
    {
      "success": true,
      "coin_id": 1733,
      "symbol": "XAIUSDT",
      "signal": "PATTERN_BEARISH",
      "confidence": 0.35182,
      "final_score": 0.35182,
      "components_count": 1,
      "patterns_detected": 1,
      "divergences_detected": 0,
      "analysis_method": "pattern_only",
      "timestamp": "2025-12-27T13:01:08.928542"
    },
    {
      "success": true,
      "coin_id": 1318,
      "symbol": "KMNOUSDT",
      "signal": "PATTERN_BEARISH",
      "confidence": 0.35969919999999994,
      "final_score": 0.35969919999999994,
      "components_count": 1,
      "patterns_detected": 1,
      "divergences_detected": 0,
      "analysis_method": "pattern_only",
      "timestamp": "2025-12-27T13:01:08.969546"
    },
    {
      "success": false,
      "coin_id": 1495,
      "symbol": "WAVESUSDT",
      "reason": "هیچ سیگنال معتبری تولید نشد",
      "analysis_method": "none"
    },
    {
      "success": true,
      "coin_id": 1995,
      "symbol": "DUSDT",
      "signal": "PATTERN_BEARISH",
      "confidence": 0.35138879999999995,
      "final_score": 0.35138879999999995,
      "components_count": 1,
      "patterns_detected": 1,
      "divergences_detected": 0,
      "analysis_method": "pattern_only",
      "timestamp": "2025-12-27T13:01:09.031541"
    },
    {
      "success": true,
      "coin_id": 1509,
      "symbol": "REDUSDT",
      "signal": "PATTERN_BEARISH",
      "confidence": 0.5122319999999999,
      "final_score": 0.5122319999999999,
      "components_count": 1,
      "patterns_detected": 1,
      "divergences_detected": 0,
      "analysis_method": "pattern_only",
      "timestamp": "2025-12-27T13:01:09.071549"
    },
    {
      "success": true,
      "coin_id": 1168,
      "symbol": "ICPUSDT",
      "signal": "PATTERN_BEARISH",
      "confidence": 0.50904,
      "final_score": 0.50904,
      "components_count": 1,
      "patterns_detected": 1,
      "divergences_detected": 0,
      "analysis_method": "pattern_only",
      "timestamp": "2025-12-27T13:01:09.127543"
    },
    {
      "success": true,
      "coin_id": 1813,
      "symbol": "BBUSDT",
      "signal": "PATTERN_BEARISH",
      "confidence": 0.33041679999999995,
      "final_score": 0.33041679999999995,
      "components_count": 1,
      "patterns_detected": 1,
      "divergences_detected": 0,
      "analysis_method": "pattern_only",
      "timestamp": "2025-12-27T13:01:09.172542"
    },
    {
      "success": true,
      "coin_id": 2036,
      "symbol": "QUICKUSDT",
      "signal": "PATTERN_BEARISH",
      "confidence": 0.5006959999999999,
      "final_score": 0.5006959999999999,
      "components_count": 1,
      "patterns_detected": 1,
      "divergences_detected": 0,
      "analysis_method": "pattern_only",
      "timestamp": "2025-12-27T13:01:09.204545"
    },
    {
      "success": true,
      "coin_id": 1908,
      "symbol": "RAREUSDT",
      "signal": "PATTERN_BEARISH",
      "confidence": 0.5002479999999999,
      "final_score": 0.5002479999999999,
      "components_count": 1,
      "patterns_detected": 1,
      "divergences_detected": 0,
      "analysis_method": "pattern_only",
      "timestamp": "2025-12-27T13:01:09.241542"
    },
    {
      "success": true,
      "coin_id": 1986,
      "symbol": "TRUUSDT",
      "signal": "PATTERN_BEARISH",
      "confidence": 0.51408,
      "final_score": 0.51408,
      "components_count": 1,
      "patterns_detected": 1,
      "divergences_detected": 0,
      "analysis_method": "pattern_only",
      "timestamp": "2025-12-27T13:01:09.272543"
    },
    {
      "success": true,
      "coin_id": 1332,
      "symbol": "CVXUSDT",
      "signal": "PATTERN_BEARISH",
      "confidence": 0.45466399999999996,
      "final_score": 0.45466399999999996,
      "components_count": 1,
      "patterns_detected": 1,
      "divergences_detected": 0,
      "analysis_method": "pattern_only",
      "timestamp": "2025-12-27T13:01:09.309540"
    },
    {
      "success": false,
      "coin_id": 1522,
      "symbol": "POLYXUSDT",
      "reason": "هیچ سیگنال معتبری تولید نشد",
      "analysis_method": "none"
    },
    {
      "success": true,
      "coin_id": 1647,
      "symbol": "IQUSDT",
      "signal": "PATTERN_BEARISH",
      "confidence": 0.47236000000000006,
      "final_score": 0.47236000000000006,
      "components_count": 1,
      "patterns_detected": 1,
      "divergences_detected": 0,
      "analysis_method": "pattern_only",
      "timestamp": "2025-12-27T13:01:09.389542"
    },
    {
      "success": false,
      "coin_id": 1743,
      "symbol": "MNGOUSDT",
      "reason": "تحلیل ناموفق",
      "analysis_method": "failed"
    },
    {
      "success": true,
      "coin_id": 1904,
      "symbol": "EPICUSDT",
      "signal": "PATTERN_BEARISH",
      "confidence": 0.59101,
      "final_score": 0.59101,
      "components_count": 1,
      "patterns_detected": 1,
      "divergences_detected": 0,
      "analysis_method": "pattern_only",
      "timestamp": "2025-12-27T13:01:09.436545"
    },
    {
      "success": true,
      "coin_id": 1834,
      "symbol": "ATUSDT",
      "signal": "PATTERN_BEARISH",
      "confidence": 0.51408,
      "final_score": 0.51408,
      "components_count": 1,
      "patterns_detected": 1,
      "divergences_detected": 0,
      "analysis_method": "pattern_only",
      "timestamp": "2025-12-27T13:01:09.471543"
    },
    {
      "success": true,
      "coin_id": 1685,
      "symbol": "STEEMUSDT",
      "signal": "PATTERN_BEARISH",
      "confidence": 0.4572959999999999,
      "final_score": 0.4572959999999999,
      "components_count": 1,
      "patterns_detected": 1,
      "divergences_detected": 0,
      "analysis_method": "pattern_only",
      "timestamp": "2025-12-27T13:01:09.499541"
    },
    {
      "success": false,
      "coin_id": 1619,
      "symbol": "SOMIUSDT",
      "reason": "هیچ سیگنال معتبری تولید نشد",
      "analysis_method": "none"
    },
    {
      "success": true,
      "coin_id": 1359,
      "symbol": "TFUELUSDT",
      "signal": "PATTERN_BEARISH",
      "confidence": 0.525168,
      "final_score": 0.525168,
      "components_count": 1,
      "patterns_detected": 1,
      "divergences_detected": 0,
      "analysis_method": "pattern_only",
      "timestamp": "2025-12-27T13:01:09.569547"
    },
    {
      "success": true,
      "coin_id": 1935,
      "symbol": "PORTALUSDT",
      "signal": "PATTERN_BEARISH",
      "confidence": 0.365148,
      "final_score": 0.365148,
      "components_count": 1,
      "patterns_detected": 1,
      "divergences_detected": 0,
      "analysis_method": "pattern_only",
      "timestamp": "2025-12-27T13:01:09.603452"
    },
    {
      "success": true,
      "coin_id": 1976,
      "symbol": "PSGUSDT",
      "signal": "PATTERN_BEARISH",
      "confidence": 0.514136,
      "final_score": 0.514136,
      "components_count": 1,
      "patterns_detected": 1,
      "divergences_detected": 0,
      "analysis_method": "pattern_only",
      "timestamp": "2025-12-27T13:01:09.637454"
    },
    {
      "success": true,
      "coin_id": 1269,
      "symbol": "DCRUSDT",
      "signal": "PATTERN_BEARISH",
      "confidence": 0.3284959999999999,
      "final_score": 0.3284959999999999,
      "components_count": 1,
      "patterns_detected": 1,
      "divergences_detected": 0,
      "analysis_method": "pattern_only",
      "timestamp": "2025-12-27T13:01:09.676448"
    },
    {
      "success": true,
      "coin_id": 1644,
      "symbol": "ACHUSDT",
      "signal": "PATTERN_BEARISH",
      "confidence": 0.46031999999999995,
      "final_score": 0.46031999999999995,
      "components_count": 1,
      "patterns_detected": 1,
      "divergences_detected": 0,
      "analysis_method": "pattern_only",
      "timestamp": "2025-12-27T13:01:09.715045"
    },
    {
      "success": true,
      "coin_id": 1252,
      "symbol": "TWTUSDT",
      "signal": "PATTERN_BEARISH",
      "confidence": 0.3642856,
      "final_score": 0.3642856,
      "components_count": 1,
      "patterns_detected": 1,
      "divergences_detected": 0,
      "analysis_method": "pattern_only",
      "timestamp": "2025-12-27T13:01:09.754047"
    },
    {
      "success": true,
      "coin_id": 1479,
      "symbol": "NMRUSDT",
      "signal": "PATTERN_BEARISH",
      "confidence": 0.501256,
      "final_score": 0.501256,
      "components_count": 1,
      "patterns_detected": 1,
      "divergences_detected": 0,
      "analysis_method": "pattern_only",
      "timestamp": "2025-12-27T13:01:09.796046"
    },
    {
      "success": true,
      "coin_id": 1998,
      "symbol": "SHELLUSDT",
      "signal": "PATTERN_BEARISH",
      "confidence": 0.506688,
      "final_score": 0.506688,
      "components_count": 1,
      "patterns_detected": 1,
      "divergences_detected": 0,
      "analysis_method": "pattern_only",
      "timestamp": "2025-12-27T13:01:09.866051"
    },
    {
      "success": false,
      "coin_id": 1965,
      "symbol": "FXSUSDT",
      "reason": "هیچ سیگنال معتبری تولید نشد",
      "analysis_method": "none"
    }
  ]
}