{
  "success": true,
  "block_id": 1,
  "total_coins": 50,
  "signals_generated": 0,
  "signal_rate_percent": 0.0,
  "patterns_detected": 0,
  "divergences_detected": 0,
  "combined_signals": 0,
  "filtered_signals": 50,
  "failed_analysis": 50,
  "modules_available": {
    "pattern_detector": true,
    "signal_combiner": true
  },
  "realistic": false,
  "timestamp": "2025-12-27T17:01:55.379485",
  "results": [
    {
      "success": false,
      "coin_id": 1462,
      "symbol": "REQUSDT",
      "reason": "هیچ سیگنال معتبری تولید نشد",
      "analysis_method": "none"
    },
    {
      "success": false,
      "coin_id": 1187,
      "symbol": "APTUSDT",
      "reason": "هیچ سیگنال معتبری تولید نشد",
      "analysis_method": "none"
    },
    {
      "success": false,
      "coin_id": 1457,
      "symbol": "XVGUSDT",
      "reason": "هیچ سیگنال معتبری تولید نشد",
      "analysis_method": "none"
    },
    {
      "success": false,
      "coin_id": 1632,
      "symbol": "STRAXUSDT",
      "reason": "هیچ سیگنال معتبری تولید نشد",
      "analysis_method": "none"
    },
    {
      "success": false,
      "coin_id": 1377,
      "symbol": "YFIUSDT",
      "reason": "هیچ سیگنال معتبری تولید نشد",
      "analysis_method": "none"
    },
    {
      "success": false,
      "coin_id": 1158,
      "symbol": "AAVEUSDT",
      "reason": "هیچ سیگنال معتبری تولید نشد",
      "analysis_method": "none"
    },
    {
      "success": false,
      "coin_id": 2021,
      "symbol": "PIVXUSDT",
      "reason": "هیچ سیگنال معتبری تولید نشد",
      "analysis_method": "none"
    },
    {
      "success": false,
      "coin_id": 1981,
      "symbol": "STGUSDT",
      "reason": "هیچ سیگنال معتبری تولید نشد",
      "analysis_method": "none"
    },
    {
      "success": false,
      "coin_id": 1345,
      "symbol": "ZENUSDT",
      "reason": "هیچ سیگنال معتبری تولید نشد",
      "analysis_method": "none"
    },
    {
      "success": false,
      "coin_id": 1664,
      "symbol": "LISTAUSDT",
      "reason": "هیچ سیگنال معتبری تولید نشد",
      "analysis_method": "none"
    },
    {
      "success": false,
      "coin_id": 1355,
      "symbol": "DYDXUSDT",
      "reason": "هیچ سیگنال معتبری تولید نشد",
      "analysis_method": "none"
    },
    {
      "success": false,
      "coin_id": 1827,
      "symbol": "AGLDUSDT",
      "reason": "هیچ سیگنال معتبری تولید نشد",
      "analysis_method": "none"
    },
    {
      "success": false,
      "coin_id": 1289,
      "symbol": "ARUSDT",
      "reason": "هیچ سیگنال معتبری تولید نشد",
      "analysis_method": "none"
    },
    {
      "success": false,
      "coin_id": 1871,
      "symbol": "NILUSDT",
      "reason": "هیچ سیگنال معتبری تولید نشد",
      "analysis_method": "none"
    },
    {
      "success": false,
      "coin_id": 1442,
      "symbol": "GMXUSDT",
      "reason": "هیچ سیگنال معتبری تولید نشد",
      "analysis_method": "none"
    },
    {
      "success": false,
      "coin_id": 1989,
      "symbol": "HAEDALUSDT",
      "reason": "هیچ سیگنال معتبری تولید نشد",
      "analysis_method": "none"
    },
    {
      "success": false,
      "coin_id": 1623,
      "symbol": "PRIMEUSDT",
      "reason": "تحلیل ناموفق",
      "analysis_method": "failed"
    },
    {
      "success": false,
      "coin_id": 1394,
      "symbol": "COWUSDT",
      "reason": "هیچ سیگنال معتبری تولید نشد",
      "analysis_method": "none"
    },
    {
      "success": false,
      "coin_id": 1959,
      "symbol": "AIUSDT",
      "reason": "هیچ سیگنال معتبری تولید نشد",
      "analysis_method": "none"
    },
    {
      "success": false,
      "coin_id": 1845,
      "symbol": "ACEUSDT",
      "reason": "هیچ سیگنال معتبری تولید نشد",
      "analysis_method": "none"
    },
    {
      "success": false,
      "coin_id": 1927,
      "symbol": "EURUSDT",
      "reason": "هیچ سیگنال معتبری تولید نشد",
      "analysis_method": "none"
    },
    {
      "success": false,
      "coin_id": 1284,
      "symbol": "RAYUSDT",
      "reason": "هیچ سیگنال معتبری تولید نشد",
      "analysis_method": "none"
    },
    {
      "success": false,
      "coin_id": 1466,
      "symbol": "ELFUSDT",
      "reason": "هیچ سیگنال معتبری تولید نشد",
      "analysis_method": "none"
    },
    {
      "success": false,
      "coin_id": 2020,
      "symbol": "WANUSDT",
      "reason": "هیچ سیگنال معتبری تولید نشد",
      "analysis_method": "none"
    },
    {
      "success": false,
      "coin_id": 1392,
      "symbol": "METUSDT",
      "reason": "هیچ سیگنال معتبری تولید نشد",
      "analysis_method": "none"
    },
    {
      "success": false,
      "coin_id": 1338,
      "symbol": "JTOUSDT",
      "reason": "هیچ سیگنال معتبری تولید نشد",
      "analysis_method": "none"
    },
    {
      "success": false,
      "coin_id": 1979,
      "symbol": "TUTUSDT",
      "reason": "هیچ سیگنال معتبری تولید نشد",
      "analysis_method": "none"
    },
    {
      "success": false,
      "coin_id": 1239,
      "symbol": "GRTUSDT",
      "reason": "هیچ سیگنال معتبری تولید نشد",
      "analysis_method": "none"
    },
    {
      "success": false,
      "coin_id": 1955,
      "symbol": "WCTUSDT",
      "reason": "هیچ سیگنال معتبری تولید نشد",
      "analysis_method": "none"
    },
    {
      "success": false,
      "coin_id": 1309,
      "symbol": "EIGENUSDT",
      "reason": "هیچ سیگنال معتبری تولید نشد",
      "analysis_method": "none"
    },
    {
      "success": false,
      "coin_id": 1833,
      "symbol": "NEWTUSDT",
      "reason": "هیچ سیگنال معتبری تولید نشد",
      "analysis_method": "none"
    },
    {
      "success": false,
      "coin_id": 1307,
      "symbol": "LGCTUSDT",
      "reason": "تحلیل ناموفق",
      "analysis_method": "failed"
    },
    {
      "success": false,
      "coin_id": 1602,
      "symbol": "SXPUSDT",
      "reason": "هیچ سیگنال معتبری تولید نشد",
      "analysis_method": "none"
    },
    {
      "success": false,
      "coin_id": 1443,
      "symbol": "VANAUSDT",
      "reason": "هیچ سیگنال معتبری تولید نشد",
      "analysis_method": "none"
    },
    {
      "success": false,
      "coin_id": 1554,
      "symbol": "COTIUSDT",
      "reason": "هیچ سیگنال معتبری تولید نشد",
      "analysis_method": "none"
    },
    {
      "success": false,
      "coin_id": 1972,
      "symbol": "KERNELUSDT",
      "reason": "هیچ سیگنال معتبری تولید نشد",
      "analysis_method": "none"
    },
    {
      "success": false,
      "coin_id": 1735,
      "symbol": "DYMUSDT",
      "reason": "هیچ سیگنال معتبری تولید نشد",
      "analysis_method": "none"
    },
    {
      "success": false,
      "coin_id": 1966,
      "symbol": "BEAMXUSDT",
      "reason": "هیچ سیگنال معتبری تولید نشد",
      "analysis_method": "none"
    },
    {
      "success": false,
      "coin_id": 2006,
      "symbol": "NTRNUSDT",
      "reason": "هیچ سیگنال معتبری تولید نشد",
      "analysis_method": "none"
    },
    {
      "success": false,
      "coin_id": 1237,
      "symbol": "TIAUSDT",
      "reason": "هیچ سیگنال معتبری تولید نشد",
      "analysis_method": "none"
    },
    {
      "success": false,
      "coin_id": 2027,
      "symbol": "TUSDT",
      "reason": "هیچ سیگنال معتبری تولید نشد",
      "analysis_method": "none"
    },
    {
      "success": false,
      "coin_id": 2022,
      "symbol": "RDNTUSDT",
      "reason": "هیچ سیگنال معتبری تولید نشد",
      "analysis_method": "none"
    },
    {
      "success": false,
      "coin_id": 1991,
      "symbol": "ARPAUSDT",
      "reason": "هیچ سیگنال معتبری تولید نشد",
      "analysis_method": "none"
    },
    {
      "success": false,
      "coin_id": 1573,
      "symbol": "ARKUSDT",
      "reason": "هیچ سیگنال معتبری تولید نشد",
      "analysis_method": "none"
    },
    {
      "success": false,
      "coin_id": 1196,
      "symbol": "ATOMUSDT",
      "reason": "هیچ سیگنال معتبری تولید نشد",
      "analysis_method": "none"
    },
    {
      "success": false,
      "coin_id": 1996,
      "symbol": "RADUSDT",
      "reason": "هیچ سیگنال معتبری تولید نشد",
      "analysis_method": "none"
    },
    {
      "success": false,
      "coin_id": 1172,
      "symbol": "ENAUSDT",
      "reason": "هیچ سیگنال معتبری تولید نشد",
      "analysis_method": "none"
    },
    {
      "success": false,
      "coin_id": 1390,
      "symbol": "AWEUSDT",
      "reason": "هیچ سیگنال معتبری تولید نشد",
      "analysis_method": "none"
    },
    {
      "success": false,
      "coin_id": 1459,
      "symbol": "SCUSDT",
      "reason": "هیچ سیگنال معتبری تولید نشد",
      "analysis_method": "none"
    },
    {
      "success": false,
      "coin_id": 1739,
      "symbol": "CTSIUSDT",
      "reason": "هیچ سیگنال معتبری تولید نشد",
      "analysis_method": "none"
    }
  ]
}