{
  "cycle_id": "cycle_20251223_013703",
  "block_id": 3,
  "timestamp": "2025-12-23T12:09:52.410660",
  "analysis_summary": {
    "total_coins": 50,
    "coins_analyzed": 0,
    "coins_with_errors": 50,
    "total_issues": 50,
    "quality_distribution": {},
    "average_quality_score": 0,
    "trend_distribution": {
      "up": 0,
      "down": 0,
      "neutral": 0
    }
  },
  "coin_analysis": {
    "NEARUSDT": {
      "symbol": "NEARUSDT",
      "error": "no_data",
      "total_candles": 0,
      "data_quality_score": 0,
      "data_quality_level": "very_poor"
    },
    "LTCUSDT": {
      "symbol": "LTCUSDT",
      "error": "no_data",
      "total_candles": 0,
      "data_quality_score": 0,
      "data_quality_level": "very_poor"
    },
    "USDEUSDT": {
      "symbol": "USDEUSDT",
      "error": "no_data",
      "total_candles": 0,
      "data_quality_score": 0,
      "data_quality_level": "very_poor"
    },
    "LDOUSDT": {
      "symbol": "LDOUSDT",
      "error": "no_data",
      "total_candles": 0,
      "data_quality_score": 0,
      "data_quality_level": "very_poor"
    },
    "GHSTUSDT": {
      "symbol": "GHSTUSDT",
      "error": "no_data",
      "total_candles": 0,
      "data_quality_score": 0,
      "data_quality_level": "very_poor"
    },
    "GNOUSDT": {
      "symbol": "GNOUSDT",
      "error": "no_data",
      "total_candles": 0,
      "data_quality_score": 0,
      "data_quality_level": "very_poor"
    },
    "FTTUSDT": {
      "symbol": "FTTUSDT",
      "error": "no_data",
      "total_candles": 0,
      "data_quality_score": 0,
      "data_quality_level": "very_poor"
    },
    "ORCAUSDT": {
      "symbol": "ORCAUSDT",
      "error": "no_data",
      "total_candles": 0,
      "data_quality_score": 0,
      "data_quality_level": "very_poor"
    },
    "ALPINEUSDT": {
      "symbol": "ALPINEUSDT",
      "error": "no_data",
      "total_candles": 0,
      "data_quality_score": 0,
      "data_quality_level": "very_poor"
    },
    "PENGUUSDT": {
      "symbol": "PENGUUSDT",
      "error": "no_data",
      "total_candles": 0,
      "data_quality_score": 0,
      "data_quality_level": "very_poor"
    },
    "CTKUSDT": {
      "symbol": "CTKUSDT",
      "error": "no_data",
      "total_candles": 0,
      "data_quality_score": 0,
      "data_quality_level": "very_poor"
    },
    "HAEDALUSDT": {
      "symbol": "HAEDALUSDT",
      "error": "no_data",
      "total_candles": 0,
      "data_quality_score": 0,
      "data_quality_level": "very_poor"
    },
    "SOPHUSDT": {
      "symbol": "SOPHUSDT",
      "error": "no_data",
      "total_candles": 0,
      "data_quality_score": 0,
      "data_quality_level": "very_poor"
    },
    "YFIUSDT": {
      "symbol": "YFIUSDT",
      "error": "no_data",
      "total_candles": 0,
      "data_quality_score": 0,
      "data_quality_level": "very_poor"
    },
    "TKOUSDT": {
      "symbol": "TKOUSDT",
      "error": "no_data",
      "total_candles": 0,
      "data_quality_score": 0,
      "data_quality_level": "very_poor"
    },
    "KNCUSDT": {
      "symbol": "KNCUSDT",
      "error": "no_data",
      "total_candles": 0,
      "data_quality_score": 0,
      "data_quality_level": "very_poor"
    },
    "WAXPUSDT": {
      "symbol": "WAXPUSDT",
      "error": "no_data",
      "total_candles": 0,
      "data_quality_score": 0,
      "data_quality_level": "very_poor"
    },
    "FORTHUSDT": {
      "symbol": "FORTHUSDT",
      "error": "no_data",
      "total_candles": 0,
      "data_quality_score": 0,
      "data_quality_level": "very_poor"
    },
    "INJUSDT": {
      "symbol": "INJUSDT",
      "error": "no_data",
      "total_candles": 0,
      "data_quality_score": 0,
      "data_quality_level": "very_poor"
    },
    "BMTUSDT": {
      "symbol": "BMTUSDT",
      "error": "no_data",
      "total_candles": 0,
      "data_quality_score": 0,
      "data_quality_level": "very_poor"
    },
    "BFUSDUSDT": {
      "symbol": "BFUSDUSDT",
      "error": "no_data",
      "total_candles": 0,
      "data_quality_score": 0,
      "data_quality_level": "very_poor"
    },
    "YBUSDT": {
      "symbol": "YBUSDT",
      "error": "no_data",
      "total_candles": 0,
      "data_quality_score": 0,
      "data_quality_level": "very_poor"
    },
    "TRUMPUSDT": {
      "symbol": "TRUMPUSDT",
      "error": "no_data",
      "total_candles": 0,
      "data_quality_score": 0,
      "data_quality_level": "very_poor"
    },
    "CELRUSDT": {
      "symbol": "CELRUSDT",
      "error": "no_data",
      "total_candles": 0,
      "data_quality_score": 0,
      "data_quality_level": "very_poor"
    },
    "DIAUSDT": {
      "symbol": "DIAUSDT",
      "error": "no_data",
      "total_candles": 0,
      "data_quality_score": 0,
      "data_quality_level": "very_poor"
    },
    "COSUSDT": {
      "symbol": "COSUSDT",
      "error": "no_data",
      "total_candles": 0,
      "data_quality_score": 0,
      "data_quality_level": "very_poor"
    },
    "ONEUSDT": {
      "symbol": "ONEUSDT",
      "error": "no_data",
      "total_candles": 0,
      "data_quality_score": 0,
      "data_quality_level": "very_poor"
    },
    "ORDIUSDT": {
      "symbol": "ORDIUSDT",
      "error": "no_data",
      "total_candles": 0,
      "data_quality_score": 0,
      "data_quality_level": "very_poor"
    },
    "BEAMUSDT": {
      "symbol": "BEAMUSDT",
      "error": "no_data",
      "total_candles": 0,
      "data_quality_score": 0,
      "data_quality_level": "very_poor"
    },
    "GLMUSDT": {
      "symbol": "GLMUSDT",
      "error": "no_data",
      "total_candles": 0,
      "data_quality_score": 0,
      "data_quality_level": "very_poor"
    },
    "ZENUSDT": {
      "symbol": "ZENUSDT",
      "error": "no_data",
      "total_candles": 0,
      "data_quality_score": 0,
      "data_quality_level": "very_poor"
    },
    "DCRUSDT": {
      "symbol": "DCRUSDT",
      "error": "no_data",
      "total_candles": 0,
      "data_quality_score": 0,
      "data_quality_level": "very_poor"
    },
    "ALICEUSDT": {
      "symbol": "ALICEUSDT",
      "error": "no_data",
      "total_candles": 0,
      "data_quality_score": 0,
      "data_quality_level": "very_poor"
    },
    "INUSDT": {
      "symbol": "INUSDT",
      "error": "no_data",
      "total_candles": 0,
      "data_quality_score": 0,
      "data_quality_level": "very_poor"
    },
    "BELUSDT": {
      "symbol": "BELUSDT",
      "error": "no_data",
      "total_candles": 0,
      "data_quality_score": 0,
      "data_quality_level": "very_poor"
    },
    "ROSEUSDT": {
      "symbol": "ROSEUSDT",
      "error": "no_data",
      "total_candles": 0,
      "data_quality_score": 0,
      "data_quality_level": "very_poor"
    },
    "LRCUSDT": {
      "symbol": "LRCUSDT",
      "error": "no_data",
      "total_candles": 0,
      "data_quality_score": 0,
      "data_quality_level": "very_poor"
    },
    "MANAUSDT": {
      "symbol": "MANAUSDT",
      "error": "no_data",
      "total_candles": 0,
      "data_quality_score": 0,
      "data_quality_level": "very_poor"
    },
    "USTCUSDT": {
      "symbol": "USTCUSDT",
      "error": "no_data",
      "total_candles": 0,
      "data_quality_score": 0,
      "data_quality_level": "very_poor"
    },
    "VTHOUSDT": {
      "symbol": "VTHOUSDT",
      "error": "no_data",
      "total_candles": 0,
      "data_quality_score": 0,
      "data_quality_level": "very_poor"
    },
    "CATIUSDT": {
      "symbol": "CATIUSDT",
      "error": "no_data",
      "total_candles": 0,
      "data_quality_score": 0,
      "data_quality_level": "very_poor"
    },
    "EIGENUSDT": {
      "symbol": "EIGENUSDT",
      "error": "no_data",
      "total_candles": 0,
      "data_quality_score": 0,
      "data_quality_level": "very_poor"
    },
    "SCRUSDT": {
      "symbol": "SCRUSDT",
      "error": "no_data",
      "total_candles": 0,
      "data_quality_score": 0,
      "data_quality_level": "very_poor"
    },
    "RONINUSDT": {
      "symbol": "RONINUSDT",
      "error": "no_data",
      "total_candles": 0,
      "data_quality_score": 0,
      "data_quality_level": "very_poor"
    },
    "SYNUSDT": {
      "symbol": "SYNUSDT",
      "error": "no_data",
      "total_candles": 0,
      "data_quality_score": 0,
      "data_quality_level": "very_poor"
    },
    "IAGUSDT": {
      "symbol": "IAGUSDT",
      "error": "no_data",
      "total_candles": 0,
      "data_quality_score": 0,
      "data_quality_level": "very_poor"
    },
    "USD1USDT": {
      "symbol": "USD1USDT",
      "error": "no_data",
      "total_candles": 0,
      "data_quality_score": 0,
      "data_quality_level": "very_poor"
    },
    "PROVEUSDT": {
      "symbol": "PROVEUSDT",
      "error": "no_data",
      "total_candles": 0,
      "data_quality_score": 0,
      "data_quality_level": "very_poor"
    },
    "RIFUSDT": {
      "symbol": "RIFUSDT",
      "error": "no_data",
      "total_candles": 0,
      "data_quality_score": 0,
      "data_quality_level": "very_poor"
    },
    "BICOUSDT": {
      "symbol": "BICOUSDT",
      "error": "no_data",
      "total_candles": 0,
      "data_quality_score": 0,
      "data_quality_level": "very_poor"
    }
  },
  "data_issues": [
    {
      "symbol": "NEARUSDT",
      "issue": "no_data",
      "severity": "high",
      "details": "No klines data found in database"
    },
    {
      "symbol": "LTCUSDT",
      "issue": "no_data",
      "severity": "high",
      "details": "No klines data found in database"
    },
    {
      "symbol": "USDEUSDT",
      "issue": "no_data",
      "severity": "high",
      "details": "No klines data found in database"
    },
    {
      "symbol": "LDOUSDT",
      "issue": "no_data",
      "severity": "high",
      "details": "No klines data found in database"
    },
    {
      "symbol": "GHSTUSDT",
      "issue": "no_data",
      "severity": "high",
      "details": "No klines data found in database"
    },
    {
      "symbol": "GNOUSDT",
      "issue": "no_data",
      "severity": "high",
      "details": "No klines data found in database"
    },
    {
      "symbol": "FTTUSDT",
      "issue": "no_data",
      "severity": "high",
      "details": "No klines data found in database"
    },
    {
      "symbol": "ORCAUSDT",
      "issue": "no_data",
      "severity": "high",
      "details": "No klines data found in database"
    },
    {
      "symbol": "ALPINEUSDT",
      "issue": "no_data",
      "severity": "high",
      "details": "No klines data found in database"
    },
    {
      "symbol": "PENGUUSDT",
      "issue": "no_data",
      "severity": "high",
      "details": "No klines data found in database"
    },
    {
      "symbol": "CTKUSDT",
      "issue": "no_data",
      "severity": "high",
      "details": "No klines data found in database"
    },
    {
      "symbol": "HAEDALUSDT",
      "issue": "no_data",
      "severity": "high",
      "details": "No klines data found in database"
    },
    {
      "symbol": "SOPHUSDT",
      "issue": "no_data",
      "severity": "high",
      "details": "No klines data found in database"
    },
    {
      "symbol": "YFIUSDT",
      "issue": "no_data",
      "severity": "high",
      "details": "No klines data found in database"
    },
    {
      "symbol": "TKOUSDT",
      "issue": "no_data",
      "severity": "high",
      "details": "No klines data found in database"
    },
    {
      "symbol": "KNCUSDT",
      "issue": "no_data",
      "severity": "high",
      "details": "No klines data found in database"
    },
    {
      "symbol": "WAXPUSDT",
      "issue": "no_data",
      "severity": "high",
      "details": "No klines data found in database"
    },
    {
      "symbol": "FORTHUSDT",
      "issue": "no_data",
      "severity": "high",
      "details": "No klines data found in database"
    },
    {
      "symbol": "INJUSDT",
      "issue": "no_data",
      "severity": "high",
      "details": "No klines data found in database"
    },
    {
      "symbol": "BMTUSDT",
      "issue": "no_data",
      "severity": "high",
      "details": "No klines data found in database"
    },
    {
      "symbol": "BFUSDUSDT",
      "issue": "no_data",
      "severity": "high",
      "details": "No klines data found in database"
    },
    {
      "symbol": "YBUSDT",
      "issue": "no_data",
      "severity": "high",
      "details": "No klines data found in database"
    },
    {
      "symbol": "TRUMPUSDT",
      "issue": "no_data",
      "severity": "high",
      "details": "No klines data found in database"
    },
    {
      "symbol": "CELRUSDT",
      "issue": "no_data",
      "severity": "high",
      "details": "No klines data found in database"
    },
    {
      "symbol": "DIAUSDT",
      "issue": "no_data",
      "severity": "high",
      "details": "No klines data found in database"
    },
    {
      "symbol": "COSUSDT",
      "issue": "no_data",
      "severity": "high",
      "details": "No klines data found in database"
    },
    {
      "symbol": "ONEUSDT",
      "issue": "no_data",
      "severity": "high",
      "details": "No klines data found in database"
    },
    {
      "symbol": "ORDIUSDT",
      "issue": "no_data",
      "severity": "high",
      "details": "No klines data found in database"
    },
    {
      "symbol": "BEAMUSDT",
      "issue": "no_data",
      "severity": "high",
      "details": "No klines data found in database"
    },
    {
      "symbol": "GLMUSDT",
      "issue": "no_data",
      "severity": "high",
      "details": "No klines data found in database"
    },
    {
      "symbol": "ZENUSDT",
      "issue": "no_data",
      "severity": "high",
      "details": "No klines data found in database"
    },
    {
      "symbol": "DCRUSDT",
      "issue": "no_data",
      "severity": "high",
      "details": "No klines data found in database"
    },
    {
      "symbol": "ALICEUSDT",
      "issue": "no_data",
      "severity": "high",
      "details": "No klines data found in database"
    },
    {
      "symbol": "INUSDT",
      "issue": "no_data",
      "severity": "high",
      "details": "No klines data found in database"
    },
    {
      "symbol": "BELUSDT",
      "issue": "no_data",
      "severity": "high",
      "details": "No klines data found in database"
    },
    {
      "symbol": "ROSEUSDT",
      "issue": "no_data",
      "severity": "high",
      "details": "No klines data found in database"
    },
    {
      "symbol": "LRCUSDT",
      "issue": "no_data",
      "severity": "high",
      "details": "No klines data found in database"
    },
    {
      "symbol": "MANAUSDT",
      "issue": "no_data",
      "severity": "high",
      "details": "No klines data found in database"
    },
    {
      "symbol": "USTCUSDT",
      "issue": "no_data",
      "severity": "high",
      "details": "No klines data found in database"
    },
    {
      "symbol": "VTHOUSDT",
      "issue": "no_data",
      "severity": "high",
      "details": "No klines data found in database"
    },
    {
      "symbol": "CATIUSDT",
      "issue": "no_data",
      "severity": "high",
      "details": "No klines data found in database"
    },
    {
      "symbol": "EIGENUSDT",
      "issue": "no_data",
      "severity": "high",
      "details": "No klines data found in database"
    },
    {
      "symbol": "SCRUSDT",
      "issue": "no_data",
      "severity": "high",
      "details": "No klines data found in database"
    },
    {
      "symbol": "RONINUSDT",
      "issue": "no_data",
      "severity": "high",
      "details": "No klines data found in database"
    },
    {
      "symbol": "SYNUSDT",
      "issue": "no_data",
      "severity": "high",
      "details": "No klines data found in database"
    },
    {
      "symbol": "IAGUSDT",
      "issue": "no_data",
      "severity": "high",
      "details": "No klines data found in database"
    },
    {
      "symbol": "USD1USDT",
      "issue": "no_data",
      "severity": "high",
      "details": "No klines data found in database"
    },
    {
      "symbol": "PROVEUSDT",
      "issue": "no_data",
      "severity": "high",
      "details": "No klines data found in database"
    },
    {
      "symbol": "RIFUSDT",
      "issue": "no_data",
      "severity": "high",
      "details": "No klines data found in database"
    },
    {
      "symbol": "BICOUSDT",
      "issue": "no_data",
      "severity": "high",
      "details": "No klines data found in database"
    }
  ],
  "quality_scores": {}
}