{
  "success": true,
  "block_id": 1,
  "total_coins": 50,
  "signals_generated": 48,
  "signal_rate_percent": 96.0,
  "patterns_detected": 0,
  "divergences_detected": 0,
  "combined_signals": 48,
  "filtered_signals": 2,
  "failed_analysis": 2,
  "modules_available": {
    "pattern_detector": true,
    "signal_combiner": true
  },
  "realistic": false,
  "timestamp": "2025-12-27T22:31:12.242795",
  "results": [
    {
      "success": true,
      "coin_id": 1462,
      "symbol": "REQUSDT",
      "signal": "NEUTRAL",
      "confidence": 0.5,
      "final_score": 0.43,
      "components_count": 1,
      "patterns_detected": 0,
      "divergences_detected": 0,
      "analysis_method": "complete",
      "timestamp": "2025-12-27T22:31:09.891949"
    },
    {
      "success": true,
      "coin_id": 1187,
      "symbol": "APTUSDT",
      "signal": "NEUTRAL",
      "confidence": 0.5,
      "final_score": 0.43,
      "components_count": 1,
      "patterns_detected": 0,
      "divergences_detected": 0,
      "analysis_method": "complete",
      "timestamp": "2025-12-27T22:31:09.941947"
    },
    {
      "success": true,
      "coin_id": 1457,
      "symbol": "XVGUSDT",
      "signal": "NEUTRAL",
      "confidence": 0.5,
      "final_score": 0.5595,
      "components_count": 1,
      "patterns_detected": 0,
      "divergences_detected": 0,
      "analysis_method": "complete",
      "timestamp": "2025-12-27T22:31:09.996946"
    },
    {
      "success": true,
      "coin_id": 1632,
      "symbol": "STRAXUSDT",
      "signal": "NEUTRAL",
      "confidence": 0.5,
      "final_score": 0.43,
      "components_count": 1,
      "patterns_detected": 0,
      "divergences_detected": 0,
      "analysis_method": "complete",
      "timestamp": "2025-12-27T22:31:10.040948"
    },
    {
      "success": true,
      "coin_id": 1377,
      "symbol": "YFIUSDT",
      "signal": "NEUTRAL",
      "confidence": 0.5,
      "final_score": 0.43,
      "components_count": 1,
      "patterns_detected": 0,
      "divergences_detected": 0,
      "analysis_method": "complete",
      "timestamp": "2025-12-27T22:31:10.084950"
    },
    {
      "success": true,
      "coin_id": 1158,
      "symbol": "AAVEUSDT",
      "signal": "NEUTRAL",
      "confidence": 0.5,
      "final_score": 0.5542,
      "components_count": 1,
      "patterns_detected": 0,
      "divergences_detected": 0,
      "analysis_method": "complete",
      "timestamp": "2025-12-27T22:31:10.139947"
    },
    {
      "success": true,
      "coin_id": 2021,
      "symbol": "PIVXUSDT",
      "signal": "NEUTRAL",
      "confidence": 0.5,
      "final_score": 0.43,
      "components_count": 1,
      "patterns_detected": 0,
      "divergences_detected": 0,
      "analysis_method": "complete",
      "timestamp": "2025-12-27T22:31:10.186948"
    },
    {
      "success": true,
      "coin_id": 1981,
      "symbol": "STGUSDT",
      "signal": "NEUTRAL",
      "confidence": 0.5,
      "final_score": 0.5507,
      "components_count": 1,
      "patterns_detected": 0,
      "divergences_detected": 0,
      "analysis_method": "complete",
      "timestamp": "2025-12-27T22:31:10.229945"
    },
    {
      "success": true,
      "coin_id": 1345,
      "symbol": "ZENUSDT",
      "signal": "NEUTRAL",
      "confidence": 0.5,
      "final_score": 0.5542,
      "components_count": 1,
      "patterns_detected": 0,
      "divergences_detected": 0,
      "analysis_method": "complete",
      "timestamp": "2025-12-27T22:31:10.281980"
    },
    {
      "success": true,
      "coin_id": 1664,
      "symbol": "LISTAUSDT",
      "signal": "NEUTRAL",
      "confidence": 0.5,
      "final_score": 0.5542,
      "components_count": 1,
      "patterns_detected": 0,
      "divergences_detected": 0,
      "analysis_method": "complete",
      "timestamp": "2025-12-27T22:31:10.324978"
    },
    {
      "success": true,
      "coin_id": 1355,
      "symbol": "DYDXUSDT",
      "signal": "NEUTRAL",
      "confidence": 0.5,
      "final_score": 0.549,
      "components_count": 1,
      "patterns_detected": 0,
      "divergences_detected": 0,
      "analysis_method": "complete",
      "timestamp": "2025-12-27T22:31:10.381980"
    },
    {
      "success": true,
      "coin_id": 1827,
      "symbol": "AGLDUSDT",
      "signal": "NEUTRAL",
      "confidence": 0.5,
      "final_score": 0.43,
      "components_count": 1,
      "patterns_detected": 0,
      "divergences_detected": 0,
      "analysis_method": "complete",
      "timestamp": "2025-12-27T22:31:10.430717"
    },
    {
      "success": true,
      "coin_id": 1289,
      "symbol": "ARUSDT",
      "signal": "NEUTRAL",
      "confidence": 0.5,
      "final_score": 0.584,
      "components_count": 1,
      "patterns_detected": 0,
      "divergences_detected": 0,
      "analysis_method": "complete",
      "timestamp": "2025-12-27T22:31:10.478718"
    },
    {
      "success": true,
      "coin_id": 1871,
      "symbol": "NILUSDT",
      "signal": "NEUTRAL",
      "confidence": 0.5,
      "final_score": 0.43,
      "components_count": 1,
      "patterns_detected": 0,
      "divergences_detected": 0,
      "analysis_method": "complete",
      "timestamp": "2025-12-27T22:31:10.525718"
    },
    {
      "success": true,
      "coin_id": 1442,
      "symbol": "GMXUSDT",
      "signal": "NEUTRAL",
      "confidence": 0.5,
      "final_score": 0.43,
      "components_count": 1,
      "patterns_detected": 0,
      "divergences_detected": 0,
      "analysis_method": "complete",
      "timestamp": "2025-12-27T22:31:10.567720"
    },
    {
      "success": true,
      "coin_id": 1989,
      "symbol": "HAEDALUSDT",
      "signal": "NEUTRAL",
      "confidence": 0.5,
      "final_score": 0.43,
      "components_count": 1,
      "patterns_detected": 0,
      "divergences_detected": 0,
      "analysis_method": "complete",
      "timestamp": "2025-12-27T22:31:10.614718"
    },
    {
      "success": false,
      "coin_id": 1623,
      "symbol": "PRIMEUSDT",
      "reason": "تحلیل ناموفق",
      "analysis_method": "failed"
    },
    {
      "success": true,
      "coin_id": 1394,
      "symbol": "COWUSDT",
      "signal": "NEUTRAL",
      "confidence": 0.5,
      "final_score": 0.43,
      "components_count": 1,
      "patterns_detected": 0,
      "divergences_detected": 0,
      "analysis_method": "complete",
      "timestamp": "2025-12-27T22:31:10.674718"
    },
    {
      "success": true,
      "coin_id": 1959,
      "symbol": "AIUSDT",
      "signal": "NEUTRAL",
      "confidence": 0.5,
      "final_score": 0.43,
      "components_count": 1,
      "patterns_detected": 0,
      "divergences_detected": 0,
      "analysis_method": "complete",
      "timestamp": "2025-12-27T22:31:10.716719"
    },
    {
      "success": true,
      "coin_id": 1845,
      "symbol": "ACEUSDT",
      "signal": "NEUTRAL",
      "confidence": 0.5,
      "final_score": 0.43,
      "components_count": 1,
      "patterns_detected": 0,
      "divergences_detected": 0,
      "analysis_method": "complete",
      "timestamp": "2025-12-27T22:31:10.762718"
    },
    {
      "success": true,
      "coin_id": 1927,
      "symbol": "EURUSDT",
      "signal": "NEUTRAL",
      "confidence": 0.5,
      "final_score": 0.43,
      "components_count": 1,
      "patterns_detected": 0,
      "divergences_detected": 0,
      "analysis_method": "complete",
      "timestamp": "2025-12-27T22:31:10.825720"
    },
    {
      "success": true,
      "coin_id": 1284,
      "symbol": "RAYUSDT",
      "signal": "NEUTRAL",
      "confidence": 0.5,
      "final_score": 0.5507,
      "components_count": 1,
      "patterns_detected": 0,
      "divergences_detected": 0,
      "analysis_method": "complete",
      "timestamp": "2025-12-27T22:31:10.877719"
    },
    {
      "success": true,
      "coin_id": 1466,
      "symbol": "ELFUSDT",
      "signal": "NEUTRAL",
      "confidence": 0.5,
      "final_score": 0.4289,
      "components_count": 2,
      "patterns_detected": 0,
      "divergences_detected": 0,
      "analysis_method": "complete",
      "timestamp": "2025-12-27T22:31:10.921722"
    },
    {
      "success": true,
      "coin_id": 2020,
      "symbol": "WANUSDT",
      "signal": "NEUTRAL",
      "confidence": 0.5,
      "final_score": 0.43,
      "components_count": 1,
      "patterns_detected": 0,
      "divergences_detected": 0,
      "analysis_method": "complete",
      "timestamp": "2025-12-27T22:31:10.978717"
    },
    {
      "success": true,
      "coin_id": 1392,
      "symbol": "METUSDT",
      "signal": "NEUTRAL",
      "confidence": 0.5,
      "final_score": 0.43,
      "components_count": 1,
      "patterns_detected": 0,
      "divergences_detected": 0,
      "analysis_method": "complete",
      "timestamp": "2025-12-27T22:31:11.028720"
    },
    {
      "success": true,
      "coin_id": 1338,
      "symbol": "JTOUSDT",
      "signal": "NEUTRAL",
      "confidence": 0.5,
      "final_score": 0.43,
      "components_count": 1,
      "patterns_detected": 0,
      "divergences_detected": 0,
      "analysis_method": "complete",
      "timestamp": "2025-12-27T22:31:11.074718"
    },
    {
      "success": true,
      "coin_id": 1979,
      "symbol": "TUTUSDT",
      "signal": "NEUTRAL",
      "confidence": 0.5,
      "final_score": 0.43,
      "components_count": 1,
      "patterns_detected": 0,
      "divergences_detected": 0,
      "analysis_method": "complete",
      "timestamp": "2025-12-27T22:31:11.123719"
    },
    {
      "success": true,
      "coin_id": 1239,
      "symbol": "GRTUSDT",
      "signal": "NEUTRAL",
      "confidence": 0.5,
      "final_score": 0.43,
      "components_count": 1,
      "patterns_detected": 0,
      "divergences_detected": 0,
      "analysis_method": "complete",
      "timestamp": "2025-12-27T22:31:11.199732"
    },
    {
      "success": true,
      "coin_id": 1955,
      "symbol": "WCTUSDT",
      "signal": "NEUTRAL",
      "confidence": 0.5,
      "final_score": 0.521,
      "components_count": 1,
      "patterns_detected": 0,
      "divergences_detected": 0,
      "analysis_method": "complete",
      "timestamp": "2025-12-27T22:31:11.265352"
    },
    {
      "success": true,
      "coin_id": 1309,
      "symbol": "EIGENUSDT",
      "signal": "NEUTRAL",
      "confidence": 0.5,
      "final_score": 0.5805,
      "components_count": 1,
      "patterns_detected": 0,
      "divergences_detected": 0,
      "analysis_method": "complete",
      "timestamp": "2025-12-27T22:31:11.328350"
    },
    {
      "success": true,
      "coin_id": 1833,
      "symbol": "NEWTUSDT",
      "signal": "NEUTRAL",
      "confidence": 0.5,
      "final_score": 0.43,
      "components_count": 1,
      "patterns_detected": 0,
      "divergences_detected": 0,
      "analysis_method": "complete",
      "timestamp": "2025-12-27T22:31:11.390347"
    },
    {
      "success": false,
      "coin_id": 1307,
      "symbol": "LGCTUSDT",
      "reason": "تحلیل ناموفق",
      "analysis_method": "failed"
    },
    {
      "success": true,
      "coin_id": 1602,
      "symbol": "SXPUSDT",
      "signal": "NEUTRAL",
      "confidence": 0.5,
      "final_score": 0.43,
      "components_count": 1,
      "patterns_detected": 0,
      "divergences_detected": 0,
      "analysis_method": "complete",
      "timestamp": "2025-12-27T22:31:11.450037"
    },
    {
      "success": true,
      "coin_id": 1443,
      "symbol": "VANAUSDT",
      "signal": "NEUTRAL",
      "confidence": 0.5,
      "final_score": 0.43,
      "components_count": 1,
      "patterns_detected": 0,
      "divergences_detected": 0,
      "analysis_method": "complete",
      "timestamp": "2025-12-27T22:31:11.493616"
    },
    {
      "success": true,
      "coin_id": 1554,
      "symbol": "COTIUSDT",
      "signal": "NEUTRAL",
      "confidence": 0.5,
      "final_score": 0.43,
      "components_count": 1,
      "patterns_detected": 0,
      "divergences_detected": 0,
      "analysis_method": "complete",
      "timestamp": "2025-12-27T22:31:11.538921"
    },
    {
      "success": true,
      "coin_id": 1972,
      "symbol": "KERNELUSDT",
      "signal": "NEUTRAL",
      "confidence": 0.5,
      "final_score": 0.43,
      "components_count": 1,
      "patterns_detected": 0,
      "divergences_detected": 0,
      "analysis_method": "complete",
      "timestamp": "2025-12-27T22:31:11.584861"
    },
    {
      "success": true,
      "coin_id": 1735,
      "symbol": "DYMUSDT",
      "signal": "NEUTRAL",
      "confidence": 0.5,
      "final_score": 0.43,
      "components_count": 1,
      "patterns_detected": 0,
      "divergences_detected": 0,
      "analysis_method": "complete",
      "timestamp": "2025-12-27T22:31:11.635883"
    },
    {
      "success": true,
      "coin_id": 1966,
      "symbol": "BEAMXUSDT",
      "signal": "NEUTRAL",
      "confidence": 0.5,
      "final_score": 0.43,
      "components_count": 1,
      "patterns_detected": 0,
      "divergences_detected": 0,
      "analysis_method": "complete",
      "timestamp": "2025-12-27T22:31:11.678880"
    },
    {
      "success": true,
      "coin_id": 2006,
      "symbol": "NTRNUSDT",
      "signal": "NEUTRAL",
      "confidence": 0.5,
      "final_score": 0.43,
      "components_count": 1,
      "patterns_detected": 0,
      "divergences_detected": 0,
      "analysis_method": "complete",
      "timestamp": "2025-12-27T22:31:11.724881"
    },
    {
      "success": true,
      "coin_id": 1237,
      "symbol": "TIAUSDT",
      "signal": "NEUTRAL",
      "confidence": 0.5,
      "final_score": 0.43,
      "components_count": 1,
      "patterns_detected": 0,
      "divergences_detected": 0,
      "analysis_method": "complete",
      "timestamp": "2025-12-27T22:31:11.773881"
    },
    {
      "success": true,
      "coin_id": 2027,
      "symbol": "TUSDT",
      "signal": "NEUTRAL",
      "confidence": 0.5,
      "final_score": 0.43,
      "components_count": 1,
      "patterns_detected": 0,
      "divergences_detected": 0,
      "analysis_method": "complete",
      "timestamp": "2025-12-27T22:31:11.819884"
    },
    {
      "success": true,
      "coin_id": 2022,
      "symbol": "RDNTUSDT",
      "signal": "NEUTRAL",
      "confidence": 0.5,
      "final_score": 0.43,
      "components_count": 1,
      "patterns_detected": 0,
      "divergences_detected": 0,
      "analysis_method": "complete",
      "timestamp": "2025-12-27T22:31:11.877705"
    },
    {
      "success": true,
      "coin_id": 1991,
      "symbol": "ARPAUSDT",
      "signal": "NEUTRAL",
      "confidence": 0.5,
      "final_score": 0.43,
      "components_count": 1,
      "patterns_detected": 0,
      "divergences_detected": 0,
      "analysis_method": "complete",
      "timestamp": "2025-12-27T22:31:11.933796"
    },
    {
      "success": true,
      "coin_id": 1573,
      "symbol": "ARKUSDT",
      "signal": "NEUTRAL",
      "confidence": 0.5,
      "final_score": 0.43,
      "components_count": 1,
      "patterns_detected": 0,
      "divergences_detected": 0,
      "analysis_method": "complete",
      "timestamp": "2025-12-27T22:31:11.975795"
    },
    {
      "success": true,
      "coin_id": 1196,
      "symbol": "ATOMUSDT",
      "signal": "NEUTRAL",
      "confidence": 0.5,
      "final_score": 0.598,
      "components_count": 1,
      "patterns_detected": 0,
      "divergences_detected": 0,
      "analysis_method": "complete",
      "timestamp": "2025-12-27T22:31:12.024792"
    },
    {
      "success": true,
      "coin_id": 1996,
      "symbol": "RADUSDT",
      "signal": "NEUTRAL",
      "confidence": 0.5,
      "final_score": 0.43,
      "components_count": 1,
      "patterns_detected": 0,
      "divergences_detected": 0,
      "analysis_method": "complete",
      "timestamp": "2025-12-27T22:31:12.067796"
    },
    {
      "success": true,
      "coin_id": 1172,
      "symbol": "ENAUSDT",
      "signal": "NEUTRAL",
      "confidence": 0.5,
      "final_score": 0.521,
      "components_count": 1,
      "patterns_detected": 0,
      "divergences_detected": 0,
      "analysis_method": "complete",
      "timestamp": "2025-12-27T22:31:12.117792"
    },
    {
      "success": true,
      "coin_id": 1390,
      "symbol": "AWEUSDT",
      "signal": "NEUTRAL",
      "confidence": 0.5,
      "final_score": 0.43,
      "components_count": 1,
      "patterns_detected": 0,
      "divergences_detected": 0,
      "analysis_method": "complete",
      "timestamp": "2025-12-27T22:31:12.159793"
    },
    {
      "success": true,
      "coin_id": 1459,
      "symbol": "SCUSDT",
      "signal": "NEUTRAL",
      "confidence": 0.5,
      "final_score": 0.43,
      "components_count": 1,
      "patterns_detected": 0,
      "divergences_detected": 0,
      "analysis_method": "complete",
      "timestamp": "2025-12-27T22:31:12.201795"
    },
    {
      "success": true,
      "coin_id": 1739,
      "symbol": "CTSIUSDT",
      "signal": "NEUTRAL",
      "confidence": 0.5,
      "final_score": 0.584,
      "components_count": 1,
      "patterns_detected": 0,
      "divergences_detected": 0,
      "analysis_method": "complete",
      "timestamp": "2025-12-27T22:31:12.241792"
    }
  ]
}