{
  "generated_at": "2025-12-24T14:28:13.042663",
  "master_report": {
    "start_time": "2025-12-24T14:11:01.353563",
    "total_blocks": 15,
    "total_coins": 437,
    "blocks_by_size": {
      "min_coins": 1,
      "max_coins": 49,
      "avg_coins": 29.133333333333333,
      "total_coins": 437,
      "blocks_by_size": {
        "small": 2,
        "medium": 8,
        "large": 5
      }
    },
    "overall_status": "success",
    "processed_blocks": 0,
    "successful_blocks": 0,
    "failed_blocks": 0,
    "current_block": 15,
    "progress_percentage": 0.0,
    "estimated_time_remaining": null,
    "update_time": "2025-12-24T14:11:01.348557",
    "end_time": "2025-12-24T14:28:13.039694"
  },
  "blocks": {
    "1": {
      "block_id": 1,
      "symbols": [
        "NTRNUSDT",
        "GALAUSDT",
        "OGUSDT",
        "NEOUSDT",
        "REDUSDT",
        "JASMYUSDT",
        "TIAUSDT",
        "WLFIUSDT",
        "ACHUSDT",
        "DCRUSDT",
        "AIXBTUSDT",
        "BARUSDT",
        "LISTAUSDT",
        "MINAUSDT",
        "CATIUSDT",
        "GLMUSDT",
        "BNTUSDT",
        "SAPIENUSDT",
        "TRBUSDT",
        "QKCUSDT",
        "ICXUSDT",
        "BTCUSDT",
        "GRTUSDT"
      ],
      "coin_count": 23,
      "status": "failed",
      "current_stage": "cycle_03",
      "start_time": "2025-12-24T14:11:01.358951",
      "end_time": "2025-12-24T14:12:24.083805",
      "execution_time": 0.0,
      "stages": {
        "cycle_02": {
          "status": "success",
          "start_time": "2025-12-24T14:11:01.361949",
          "end_time": "2025-12-24T14:12:21.956709",
          "execution_time": 80.59476
        },
        "cycle_03": {
          "status": "failed",
          "start_time": "2025-12-24T14:12:23.963223",
          "end_time": "2025-12-24T14:12:24.079809",
          "execution_time": 0.116586
        },
        "cycle_04": {
          "status": "pending",
          "start_time": null,
          "end_time": null,
          "execution_time": 0.0
        }
      }
    },
    "2": {
      "block_id": 2,
      "symbols": [
        "PONDUSDT",
        "BANANAS31USDT",
        "OGNUSDT",
        "RENDERUSDT",
        "JOEUSDT",
        "ZBTUSDT",
        "WCTUSDT",
        "MBOXUSDT",
        "STOUSDT",
        "KMNOUSDT",
        "KSMUSDT"
      ],
      "coin_count": 11,
      "status": "failed",
      "current_stage": "cycle_03",
      "start_time": "2025-12-24T14:12:34.096335",
      "end_time": "2025-12-24T14:14:12.187353",
      "execution_time": 0.0,
      "stages": {
        "cycle_02": {
          "status": "success",
          "start_time": "2025-12-24T14:12:34.100335",
          "end_time": "2025-12-24T14:14:10.088561",
          "execution_time": 95.987226
        },
        "cycle_03": {
          "status": "failed",
          "start_time": "2025-12-24T14:14:12.093754",
          "end_time": "2025-12-24T14:14:12.183363",
          "execution_time": 0.089609
        },
        "cycle_04": {
          "status": "pending",
          "start_time": null,
          "end_time": null,
          "execution_time": 0.0
        }
      }
    },
    "3": {
      "block_id": 3,
      "symbols": [
        "C98USDT",
        "ENSOUSDT",
        "IOTXUSDT",
        "MORPHOUSDT",
        "HNTUSDT",
        "AVNTUSDT",
        "PORTALUSDT",
        "JUPUSDT",
        "BROCCOLI714USDT",
        "XUSDUSDT",
        "SOMIUSDT",
        "ARUSDT",
        "AUSDT",
        "CYBERUSDT",
        "GHSTUSDT",
        "CELRUSDT",
        "LUMIAUSDT",
        "UNIUSDT",
        "IOTAUSDT",
        "ALCXUSDT",
        "COSUSDT",
        "PROMUSDT",
        "STXUSDT",
        "QUICKUSDT",
        "PNUTUSDT",
        "BCHUSDT",
        "EURUSDT",
        "TRUMPUSDT",
        "VANAUSDT",
        "PROVEUSDT",
        "SOPHUSDT",
        "BEAMUSDT",
        "NXPCUSDT",
        "EULUSDT",
        "ETCUSDT",
        "XNOUSDT",
        "ARDRUSDT",
        "OMUSDT",
        "GUNUSDT",
        "PEOPLEUSDT",
        "THEUSDT",
        "USD1USDT",
        "DYMUSDT",
        "APEUSDT",
        "ALGOUSDT"
      ],
      "coin_count": 45,
      "status": "failed",
      "current_stage": "cycle_03",
      "start_time": "2025-12-24T14:14:22.203238",
      "end_time": "2025-12-24T14:16:05.224284",
      "execution_time": 0.0,
      "stages": {
        "cycle_02": {
          "status": "success",
          "start_time": "2025-12-24T14:14:22.211281",
          "end_time": "2025-12-24T14:16:03.111634",
          "execution_time": 100.900353
        },
        "cycle_03": {
          "status": "failed",
          "start_time": "2025-12-24T14:16:05.125807",
          "end_time": "2025-12-24T14:16:05.219283",
          "execution_time": 0.093476
        },
        "cycle_04": {
          "status": "pending",
          "start_time": null,
          "end_time": null,
          "execution_time": 0.0
        }
      }
    },
    "4": {
      "block_id": 4,
      "symbols": [
        "ENJUSDT",
        "NKNUSDT",
        "ASTERUSDT",
        "LSKUSDT",
        "LAZIOUSDT",
        "TKOUSDT",
        "STGUSDT",
        "JUVUSDT",
        "SYNUSDT",
        "CHRUSDT",
        "POWRUSDT",
        "UXPLUSDT",
        "OKBUSDT",
        "AVICIUSDT",
        "LQTYUSDT",
        "KITEUSDT",
        "ETHUSDT",
        "AUCTIONUSDT",
        "ANKRUSDT",
        "FETUSDT",
        "NMRUSDT",
        "ARBUSDT",
        "SAHARAUSDT",
        "MTLUSDT",
        "DATAUSDT",
        "RDNTUSDT",
        "ADAUSDT",
        "AGLDUSDT",
        "LINKUSDT",
        "SUIUSDT",
        "UMAUSDT",
        "BICOUSDT",
        "ZKUSDT",
        "ROSEUSDT",
        "TUTUSDT",
        "DFUSDT",
        "RUNEUSDT",
        "GNOUSDT",
        "NEXOUSDT",
        "IOSTUSDT",
        "SANDUSDT",
        "ZKCUSDT",
        "DUSDT",
        "BANKUSDT",
        "USTCUSDT",
        "ARKMUSDT",
        "COTIUSDT",
        "POLUSDT",
        "HIGHUSDT"
      ],
      "coin_count": 49,
      "status": "failed",
      "current_stage": "cycle_03",
      "start_time": "2025-12-24T14:16:15.237873",
      "end_time": "2025-12-24T14:17:45.740755",
      "execution_time": 0.0,
      "stages": {
        "cycle_02": {
          "status": "success",
          "start_time": "2025-12-24T14:16:15.247859",
          "end_time": "2025-12-24T14:17:43.646807",
          "execution_time": 88.398948
        },
        "cycle_03": {
          "status": "failed",
          "start_time": "2025-12-24T14:17:45.651660",
          "end_time": "2025-12-24T14:17:45.737743",
          "execution_time": 0.086083
        },
        "cycle_04": {
          "status": "pending",
          "start_time": null,
          "end_time": null,
          "execution_time": 0.0
        }
      }
    },
    "5": {
      "block_id": 5,
      "symbols": [
        "GMTUSDT",
        "VETUSDT",
        "MITOUSDT",
        "IQUSDT",
        "HBARUSDT",
        "DOTUSDT",
        "FIOUSDT",
        "GNSUSDT",
        "VTHOUSDT",
        "AEVOUSDT",
        "ETHFIUSDT",
        "SCUSDT",
        "RVNUSDT",
        "FOLKSUSDT",
        "GIGGLEUSDT",
        "CVCUSDT",
        "TONUSDT",
        "LTCUSDT",
        "DASHUSDT",
        "EARNAUSDUSDT",
        "METUSDT",
        "PYRUSDT",
        "GASUSDT",
        "SEIUSDT",
        "IAGUSDT",
        "YBUSDT",
        "BFUSDUSDT"
      ],
      "coin_count": 27,
      "status": "failed",
      "current_stage": "cycle_03",
      "start_time": "2025-12-24T14:17:55.753529",
      "end_time": "2025-12-24T14:19:17.786056",
      "execution_time": 0.0,
      "stages": {
        "cycle_02": {
          "status": "success",
          "start_time": "2025-12-24T14:17:55.762564",
          "end_time": "2025-12-24T14:19:15.679312",
          "execution_time": 79.915753
        },
        "cycle_03": {
          "status": "failed",
          "start_time": "2025-12-24T14:19:17.691055",
          "end_time": "2025-12-24T14:19:17.782060",
          "execution_time": 0.089998
        },
        "cycle_04": {
          "status": "pending",
          "start_time": null,
          "end_time": null,
          "execution_time": 0.0
        }
      }
    },
    "6": {
      "block_id": 6,
      "symbols": [
        "USDSUSDT",
        "HOLOUSDT",
        "ZILUSDT",
        "TUSDT",
        "PSGUSDT",
        "OSMOUSDT",
        "TAOUSDT",
        "IMXUSDT",
        "VICUSDT",
        "LDOUSDT",
        "SXPUSDT",
        "ENAUSDT",
        "TLMUSDT",
        "CRVUSDT",
        "FIROUSDT",
        "CELOUSDT",
        "FIDAUSDT",
        "CGPTUSDT",
        "TOWNSUSDT",
        "ATMUSDT",
        "MDTUSDT",
        "TNSRUSDT",
        "POLYXUSDT",
        "ASRUSDT",
        "AMPUSDT",
        "ZROUSDT",
        "PHBUSDT",
        "TUSDUSDT",
        "TORNUSDT"
      ],
      "coin_count": 29,
      "status": "failed",
      "current_stage": "cycle_03",
      "start_time": "2025-12-24T14:19:27.803113",
      "end_time": "2025-12-24T14:21:18.978736",
      "execution_time": 0.0,
      "stages": {
        "cycle_02": {
          "status": "success",
          "start_time": "2025-12-24T14:19:27.810113",
          "end_time": "2025-12-24T14:21:16.872901",
          "execution_time": 109.06193
        },
        "cycle_03": {
          "status": "failed",
          "start_time": "2025-12-24T14:21:18.887077",
          "end_time": "2025-12-24T14:21:18.974724",
          "execution_time": 0.087647
        },
        "cycle_04": {
          "status": "pending",
          "start_time": null,
          "end_time": null,
          "execution_time": 0.0
        }
      }
    },
    "7": {
      "block_id": 7,
      "symbols": [
        "DODOUSDT",
        "ILVUSDT",
        "HEMIUSDT",
        "FTTUSDT",
        "CUSDT",
        "ORDIUSDT",
        "SKLUSDT",
        "JSTUSDT",
        "AIUSDT",
        "TURBOUSDT",
        "GPSUSDT",
        "DYDXUSDT",
        "CHZUSDT",
        "WIFUSDT",
        "RIFUSDT",
        "BANANAUSDT",
        "ATAUSDT",
        "MAGICUSDT",
        "SPKUSDT",
        "SNTUSDT",
        "TRUUSDT",
        "UDSUSDT",
        "DGBUSDT",
        "MNGOUSDT",
        "YGGUSDT",
        "PENDLEUSDT",
        "EIGENUSDT",
        "BARDUSDT",
        "PIVXUSDT"
      ],
      "coin_count": 29,
      "status": "failed",
      "current_stage": "cycle_03",
      "start_time": "2025-12-24T14:21:28.986871",
      "end_time": "2025-12-24T14:22:37.699683",
      "execution_time": 0.0,
      "stages": {
        "cycle_02": {
          "status": "success",
          "start_time": "2025-12-24T14:21:28.990872",
          "end_time": "2025-12-24T14:22:35.596334",
          "execution_time": 66.605462
        },
        "cycle_03": {
          "status": "failed",
          "start_time": "2025-12-24T14:22:37.608645",
          "end_time": "2025-12-24T14:22:37.695677",
          "execution_time": 0.087032
        },
        "cycle_04": {
          "status": "pending",
          "start_time": null,
          "end_time": null,
          "execution_time": 0.0
        }
      }
    },
    "8": {
      "block_id": 8,
      "symbols": [
        "IOUSDT",
        "WUSDT",
        "NOSUSDT",
        "LPTUSDT",
        "RESOLVUSDT",
        "HAEDALUSDT",
        "INUSDT",
        "AXLUSDT",
        "ZENUSDT",
        "ETH+USDT",
        "XMRUSDT",
        "PORTOUSDT",
        "SFPUSDT",
        "ALLOUSDT",
        "BMTUSDT",
        "SOLUSDT",
        "OPUSDT",
        "STEEMUSDT",
        "CTSIUSDT",
        "SYRUPUSDT",
        "FFUSDT",
        "TWTUSDT",
        "XRPUSDT",
        "LUNAUSDT",
        "MEUSDT",
        "VELODROMEUSDT",
        "AERGOUSDT",
        "KERNELUSDT",
        "AVAXUSDT"
      ],
      "coin_count": 29,
      "status": "failed",
      "current_stage": "cycle_03",
      "start_time": "2025-12-24T14:22:47.715250",
      "end_time": "2025-12-24T14:25:35.980085",
      "execution_time": 0.0,
      "stages": {
        "cycle_02": {
          "status": "success",
          "start_time": "2025-12-24T14:22:47.720247",
          "end_time": "2025-12-24T14:25:33.858097",
          "execution_time": 166.13785
        },
        "cycle_03": {
          "status": "failed",
          "start_time": "2025-12-24T14:25:35.876170",
          "end_time": "2025-12-24T14:25:35.974083",
          "execution_time": 0.097913
        },
        "cycle_04": {
          "status": "pending",
          "start_time": null,
          "end_time": null,
          "execution_time": 0.0
        }
      }
    },
    "9": {
      "block_id": 9,
      "symbols": [
        "WALUSDT",
        "NILUSDT",
        "EGLDUSDT",
        "SANTOSUSDT",
        "WANUSDT",
        "BIOUSDT",
        "BELUSDT",
        "SUSDT",
        "USDCUSDT",
        "BANDUSDT",
        "WLDUSDT",
        "LAYERUSDT",
        "PARTIUSDT",
        "HUMAUSDT",
        "LRCUSDT",
        "STRAXUSDT",
        "FORTHUSDT",
        "TFUELUSDT",
        "NOMUSDT",
        "BERAUSDT",
        "2ZUSDT",
        "FUNUSDT",
        "LAUSDT",
        "TURTLEUSDT",
        "BLURUSDT"
      ],
      "coin_count": 25,
      "status": "failed",
      "current_stage": "cycle_03",
      "start_time": "2025-12-24T14:25:46.002922",
      "end_time": "2025-12-24T14:26:28.809366",
      "execution_time": 0.0,
      "stages": {
        "cycle_02": {
          "status": "success",
          "start_time": "2025-12-24T14:25:46.013926",
          "end_time": "2025-12-24T14:26:26.703105",
          "execution_time": 40.689179
        },
        "cycle_03": {
          "status": "failed",
          "start_time": "2025-12-24T14:26:28.718368",
          "end_time": "2025-12-24T14:26:28.804358",
          "execution_time": 0.08599
        },
        "cycle_04": {
          "status": "pending",
          "start_time": null,
          "end_time": null,
          "execution_time": 0.0
        }
      }
    },
    "10": {
      "block_id": 10,
      "symbols": [
        "BEAMXUSDT",
        "TRXUSDT",
        "SYSUSDT",
        "COWUSDT",
        "SGBUSDT",
        "MBXUSDT",
        "KAIAUSDT",
        "IDUSDT",
        "SOLVUSDT",
        "CKBUSDT",
        "HFTUSDT",
        "PHAUSDT",
        "ACAUSDT",
        "QNTUSDT",
        "SCRTUSDT",
        "GUSDT",
        "AUDIOUSDT",
        "NEARUSDT",
        "CETUSUSDT",
        "FLUXUSDT",
        "VIRTUALUSDT",
        "SUSHIUSDT",
        "XVSUSDT",
        "MIRAUSDT",
        "SAGAUSDT",
        "COMPUSDT",
        "HOOKUSDT",
        "SADUSDT",
        "ACTUSDT",
        "BATUSDT",
        "REQUSDT",
        "APTUSDT",
        "ATUSDT",
        "GMXUSDT",
        "ALTUSDT",
        "XPLUSDT",
        "MBLUSDT",
        "RLCUSDT",
        "ADXUSDT",
        "YFIUSDT"
      ],
      "coin_count": 40,
      "status": "failed",
      "current_stage": "cycle_03",
      "start_time": "2025-12-24T14:26:38.822672",
      "end_time": "2025-12-24T14:26:42.830309",
      "execution_time": 0.0,
      "stages": {
        "cycle_02": {
          "status": "success",
          "start_time": "2025-12-24T14:26:38.827659",
          "end_time": "2025-12-24T14:26:40.747318",
          "execution_time": 1.919659
        },
        "cycle_03": {
          "status": "failed",
          "start_time": "2025-12-24T14:26:42.750450",
          "end_time": "2025-12-24T14:26:42.825046",
          "execution_time": 0.074073
        },
        "cycle_04": {
          "status": "pending",
          "start_time": null,
          "end_time": null,
          "execution_time": 0.0
        }
      }
    },
    "11": {
      "block_id": 11,
      "symbols": [
        "HOMEUSDT",
        "MOVEUSDT",
        "CFXUSDT",
        "XVGUSDT",
        "INITUSDT",
        "API3USDT",
        "FXSUSDT",
        "CHESSUSDT",
        "MANAUSDT",
        "ABUSDT",
        "MUBARAKUSDT",
        "BBUSDT",
        "RADUSDT",
        "RPLUSDT",
        "1INCHUSDT",
        "WOOUSDT",
        "REZUSDT",
        "ZECUSDT",
        "OXTUSDT",
        "RONINUSDT",
        "SIGNUSDT",
        "RSRUSDT",
        "MANTAUSDT",
        "DEGOUSDT",
        "DIAUSDT",
        "GTCUSDT",
        "HIVEUSDT",
        "EDENUSDT",
        "USDEUSDT",
        "SSVUSDT",
        "KAITOUSDT",
        "WAXPUSDT",
        "LINEAUSDT",
        "QIUSDT",
        "CITYUSDT",
        "RAYUSDT",
        "ORCAUSDT",
        "XAIUSDT",
        "ACEUSDT",
        "HEIUSDT",
        "AVAUSDT"
      ],
      "coin_count": 41,
      "status": "failed",
      "current_stage": "cycle_03",
      "start_time": "2025-12-24T14:26:52.843593",
      "end_time": "2025-12-24T14:27:13.101007",
      "execution_time": 0.0,
      "stages": {
        "cycle_02": {
          "status": "success",
          "start_time": "2025-12-24T14:26:52.846606",
          "end_time": "2025-12-24T14:27:11.011901",
          "execution_time": 18.165295
        },
        "cycle_03": {
          "status": "failed",
          "start_time": "2025-12-24T14:27:13.029990",
          "end_time": "2025-12-24T14:27:13.096482",
          "execution_time": 0.065538
        },
        "cycle_04": {
          "status": "pending",
          "start_time": null,
          "end_time": null,
          "execution_time": 0.0
        }
      }
    },
    "12": {
      "block_id": 12,
      "symbols": [
        "STRKUSDT",
        "TREEUSDT",
        "PLUMEUSDT",
        "DEXEUSDT",
        "A2ZUSDT",
        "MLNUSDT",
        "QTUMUSDT",
        "CTKUSDT",
        "ASTRUSDT",
        "OCEANUSDT",
        "ATOMUSDT",
        "FLOWUSDT",
        "PUNDIXUSDT",
        "ZRXUSDT",
        "MAVUSDT",
        "NIZAUSDT",
        "THETAUSDT",
        "MASKUSDT",
        "DOLOUSDT",
        "PIXELUSDT",
        "SUNUSDT"
      ],
      "coin_count": 21,
      "status": "failed",
      "current_stage": "cycle_03",
      "start_time": "2025-12-24T14:27:23.118916",
      "end_time": "2025-12-24T14:27:29.992148",
      "execution_time": 0.0,
      "stages": {
        "cycle_02": {
          "status": "success",
          "start_time": "2025-12-24T14:27:23.129962",
          "end_time": "2025-12-24T14:27:27.901237",
          "execution_time": 4.769748
        },
        "cycle_03": {
          "status": "failed",
          "start_time": "2025-12-24T14:27:29.912035",
          "end_time": "2025-12-24T14:27:29.987143",
          "execution_time": 0.075108
        },
        "cycle_04": {
          "status": "pending",
          "start_time": null,
          "end_time": null,
          "execution_time": 0.0
        }
      }
    },
    "13": {
      "block_id": 13,
      "symbols": [
        "XTZUSDT",
        "ICPUSDT",
        "MMTUSDT",
        "KAVAUSDT",
        "MELANIAUSDT",
        "ONDOUSDT",
        "UTKUSDT",
        "EPICUSDT",
        "FILUSDT",
        "1000CATUSDT",
        "ONEUSDT",
        "PRIMEUSDT",
        "BALUSDT",
        "USUALUSDT",
        "EDUUSDT",
        "ANIMEUSDT",
        "KNCUSDT",
        "XLMUSDT",
        "AGIUSDT",
        "BNBUSDT",
        "NEWTUSDT",
        "LGCTUSDT",
        "ACXUSDT",
        "CAKEUSDT",
        "DUSKUSDT",
        "NFPUSDT",
        "ALICEUSDT",
        "AAVEUSDT",
        "SKYUSDT",
        "WAVESUSDT",
        "DEGENUSDT",
        "ARKUSDT",
        "ELFUSDT",
        "0GUSDT",
        "SNXUSDT",
        "INJUSDT",
        "BIGTIMEUSDT",
        "EURIUSDT",
        "FUSDT",
        "ONTUSDT",
        "JTOUSDT",
        "GLMRUSDT",
        "ERAUSDT",
        "CVXUSDT"
      ],
      "coin_count": 44,
      "status": "failed",
      "current_stage": "cycle_03",
      "start_time": "2025-12-24T14:27:40.010551",
      "end_time": "2025-12-24T14:27:44.519016",
      "execution_time": 0.0,
      "stages": {
        "cycle_02": {
          "status": "success",
          "start_time": "2025-12-24T14:27:40.016551",
          "end_time": "2025-12-24T14:27:42.440164",
          "execution_time": 2.423613
        },
        "cycle_03": {
          "status": "failed",
          "start_time": "2025-12-24T14:27:44.445113",
          "end_time": "2025-12-24T14:27:44.514017",
          "execution_time": 0.068382
        },
        "cycle_04": {
          "status": "pending",
          "start_time": null,
          "end_time": null,
          "execution_time": 0.0
        }
      }
    },
    "14": {
      "block_id": 14,
      "symbols": [
        "PAXGUSDT",
        "METISUSDT",
        "ENSUSDT",
        "COOKIEUSDT",
        "ARPAUSDT",
        "ONGUSDT",
        "TSTUSDT",
        "ACMUSDT",
        "PENGUUSDT",
        "ALPINEUSDT",
        "RAREUSDT",
        "SCRUSDT",
        "OPENUSDT",
        "IDEXUSDT",
        "BABYUSDT",
        "AXSUSDT",
        "STORJUSDT",
        "AWEUSDT",
        "VANRYUSDT",
        "DOGEUSDT",
        "SXTUSDT",
        "SHELLUSDT",
        "FORMUSDT"
      ],
      "coin_count": 23,
      "status": "failed",
      "current_stage": "cycle_03",
      "start_time": "2025-12-24T14:27:54.529592",
      "end_time": "2025-12-24T14:27:58.910786",
      "execution_time": 0.0,
      "stages": {
        "cycle_02": {
          "status": "success",
          "start_time": "2025-12-24T14:27:54.533614",
          "end_time": "2025-12-24T14:27:56.825748",
          "execution_time": 2.292134
        },
        "cycle_03": {
          "status": "failed",
          "start_time": "2025-12-24T14:27:58.836710",
          "end_time": "2025-12-24T14:27:58.905783",
          "execution_time": 0.069073
        },
        "cycle_04": {
          "status": "pending",
          "start_time": null,
          "end_time": null,
          "execution_time": 0.0
        }
      }
    },
    "15": {
      "block_id": 15,
      "symbols": [
        "PYTHUSDT"
      ],
      "coin_count": 1,
      "status": "failed",
      "current_stage": "cycle_03",
      "start_time": "2025-12-24T14:28:08.927011",
      "end_time": "2025-12-24T14:28:13.036665",
      "execution_time": 0.0,
      "stages": {
        "cycle_02": {
          "status": "success",
          "start_time": "2025-12-24T14:28:08.930036",
          "end_time": "2025-12-24T14:28:10.941468",
          "execution_time": 2.010823
        },
        "cycle_03": {
          "status": "failed",
          "start_time": "2025-12-24T14:28:12.952653",
          "end_time": "2025-12-24T14:28:13.032666",
          "execution_time": 0.079009
        },
        "cycle_04": {
          "status": "pending",
          "start_time": null,
          "end_time": null,
          "execution_time": 0.0
        }
      }
    }
  },
  "statistics": {
    "success_rate": 0.0,
    "total_execution_time": 0.0,
    "average_stage_times": {
      "cycle_02": 57.32484886666667,
      "cycle_03": 0.0843678,
      "cycle_04": 0
    },
    "performance_by_coin_count": {
      "small_blocks": {
        "count": 2,
        "total_time": 0.0
      },
      "medium_blocks": {
        "count": 8,
        "total_time": 0.0
      },
      "large_blocks": {
        "count": 5,
        "total_time": 0.0
      }
    }
  }
}