{
  "block_id": 10,
  "start_time": "2026-01-01T00:19:19.435882",
  "end_time": "2026-01-01T00:19:43.465559",
  "duration_seconds": 24.029677,
  "summary": {
    "total_coins": 3,
    "coins_completed": 3,
    "coins_failed": 0,
    "coins_no_data": 0,
    "total_candles": 2400,
    "processed_candles": 1411,
    "success_rate": 58.791666666666664
  },
  "coin_results": [
    {
      "symbol": "TURTLEUSDT",
      "status": "COMPLETED",
      "timeframes_processed": 4,
      "timeframe_results": [
        {
          "symbol": "TURTLEUSDT",
          "timeframe": "5m",
          "status": "COMPLETED",
          "total_candles": 200,
          "processed_candles": 176,
          "success_rate": 88.0,
          "timestamp": "2026-01-01T00:19:21.946299"
        },
        {
          "symbol": "TURTLEUSDT",
          "timeframe": "15m",
          "status": "COMPLETED",
          "total_candles": 200,
          "processed_candles": 176,
          "success_rate": 88.0,
          "timestamp": "2026-01-01T00:19:24.706544"
        },
        {
          "symbol": "TURTLEUSDT",
          "timeframe": "1h",
          "status": "COMPLETED",
          "total_candles": 200,
          "processed_candles": 176,
          "success_rate": 88.0,
          "timestamp": "2026-01-01T00:19:27.269441"
        },
        {
          "symbol": "TURTLEUSDT",
          "timeframe": "4h",
          "status": "COMPLETED",
          "total_candles": 200,
          "processed_candles": 176,
          "success_rate": 88.0,
          "timestamp": "2026-01-01T00:19:29.887406"
        }
      ],
      "total_candles": 800,
      "processed_candles": 704,
      "success_rate": 88.0,
      "timestamp": "2026-01-01T00:19:29.887406"
    },
    {
      "symbol": "ZROUSDT",
      "status": "COMPLETED",
      "timeframes_processed": 4,
      "timeframe_results": [
        {
          "symbol": "ZROUSDT",
          "timeframe": "5m",
          "status": "COMPLETED",
          "total_candles": 200,
          "processed_candles": 176,
          "success_rate": 88.0,
          "timestamp": "2026-01-01T00:19:32.446394"
        },
        {
          "symbol": "ZROUSDT",
          "timeframe": "15m",
          "status": "COMPLETED",
          "total_candles": 200,
          "processed_candles": 176,
          "success_rate": 88.0,
          "timestamp": "2026-01-01T00:19:34.910853"
        },
        {
          "symbol": "ZROUSDT",
          "timeframe": "1h",
          "status": "COMPLETED",
          "total_candles": 200,
          "processed_candles": 176,
          "success_rate": 88.0,
          "timestamp": "2026-01-01T00:19:37.512117"
        },
        {
          "symbol": "ZROUSDT",
          "timeframe": "4h",
          "status": "COMPLETED",
          "total_candles": 200,
          "processed_candles": 176,
          "success_rate": 88.0,
          "timestamp": "2026-01-01T00:19:40.112537"
        }
      ],
      "total_candles": 800,
      "processed_candles": 704,
      "success_rate": 88.0,
      "timestamp": "2026-01-01T00:19:40.113538"
    },
    {
      "symbol": "BTCUSDT",
      "status": "COMPLETED",
      "timeframes_processed": 4,
      "timeframe_results": [
        {
          "symbol": "BTCUSDT",
          "timeframe": "5m",
          "status": "COMPLETED",
          "total_candles": 200,
          "processed_candles": 1,
          "success_rate": 0.5,
          "timestamp": "2026-01-01T00:19:41.039351"
        },
        {
          "symbol": "BTCUSDT",
          "timeframe": "15m",
          "status": "COMPLETED",
          "total_candles": 200,
          "processed_candles": 1,
          "success_rate": 0.5,
          "timestamp": "2026-01-01T00:19:41.901988"
        },
        {
          "symbol": "BTCUSDT",
          "timeframe": "1h",
          "status": "COMPLETED",
          "total_candles": 200,
          "processed_candles": 1,
          "success_rate": 0.5,
          "timestamp": "2026-01-01T00:19:42.663254"
        },
        {
          "symbol": "BTCUSDT",
          "timeframe": "4h",
          "status": "COMPLETED",
          "total_candles": 200,
          "processed_candles": 0,
          "success_rate": 0.0,
          "timestamp": "2026-01-01T00:19:43.464555"
        }
      ],
      "total_candles": 800,
      "processed_candles": 3,
      "success_rate": 0.375,
      "timestamp": "2026-01-01T00:19:43.464555"
    }
  ],
  "status": "COMPLETED"
}