{
  "block_id": 3,
  "start_time": "2025-12-31T23:33:09.590902",
  "end_time": "2025-12-31T23:37:44.671435",
  "duration_seconds": 275.080533,
  "summary": {
    "total_coins": 20,
    "coins_completed": 20,
    "coins_failed": 0,
    "coins_no_data": 0,
    "total_candles": 16000,
    "processed_candles": 14080,
    "success_rate": 88.0
  },
  "coin_results": [
    {
      "symbol": "HBARUSDT",
      "status": "COMPLETED",
      "timeframes_processed": 4,
      "timeframe_results": [
        {
          "symbol": "HBARUSDT",
          "timeframe": "5m",
          "status": "COMPLETED",
          "total_candles": 200,
          "processed_candles": 176,
          "success_rate": 88.0,
          "timestamp": "2025-12-31T23:33:12.385968"
        },
        {
          "symbol": "HBARUSDT",
          "timeframe": "15m",
          "status": "COMPLETED",
          "total_candles": 200,
          "processed_candles": 176,
          "success_rate": 88.0,
          "timestamp": "2025-12-31T23:33:16.436477"
        },
        {
          "symbol": "HBARUSDT",
          "timeframe": "1h",
          "status": "COMPLETED",
          "total_candles": 200,
          "processed_candles": 176,
          "success_rate": 88.0,
          "timestamp": "2025-12-31T23:33:19.604386"
        },
        {
          "symbol": "HBARUSDT",
          "timeframe": "4h",
          "status": "COMPLETED",
          "total_candles": 200,
          "processed_candles": 176,
          "success_rate": 88.0,
          "timestamp": "2025-12-31T23:33:22.400389"
        }
      ],
      "total_candles": 800,
      "processed_candles": 704,
      "success_rate": 88.0,
      "timestamp": "2025-12-31T23:33:22.400389"
    },
    {
      "symbol": "UNIUSDT",
      "status": "COMPLETED",
      "timeframes_processed": 4,
      "timeframe_results": [
        {
          "symbol": "UNIUSDT",
          "timeframe": "5m",
          "status": "COMPLETED",
          "total_candles": 200,
          "processed_candles": 176,
          "success_rate": 88.0,
          "timestamp": "2025-12-31T23:33:25.351906"
        },
        {
          "symbol": "UNIUSDT",
          "timeframe": "15m",
          "status": "COMPLETED",
          "total_candles": 200,
          "processed_candles": 176,
          "success_rate": 88.0,
          "timestamp": "2025-12-31T23:33:28.066041"
        },
        {
          "symbol": "UNIUSDT",
          "timeframe": "1h",
          "status": "COMPLETED",
          "total_candles": 200,
          "processed_candles": 176,
          "success_rate": 88.0,
          "timestamp": "2025-12-31T23:33:30.855578"
        },
        {
          "symbol": "UNIUSDT",
          "timeframe": "4h",
          "status": "COMPLETED",
          "total_candles": 200,
          "processed_candles": 176,
          "success_rate": 88.0,
          "timestamp": "2025-12-31T23:33:33.785434"
        }
      ],
      "total_candles": 800,
      "processed_candles": 704,
      "success_rate": 88.0,
      "timestamp": "2025-12-31T23:33:33.785434"
    },
    {
      "symbol": "DOTUSDT",
      "status": "COMPLETED",
      "timeframes_processed": 4,
      "timeframe_results": [
        {
          "symbol": "DOTUSDT",
          "timeframe": "5m",
          "status": "COMPLETED",
          "total_candles": 200,
          "processed_candles": 176,
          "success_rate": 88.0,
          "timestamp": "2025-12-31T23:33:36.731136"
        },
        {
          "symbol": "DOTUSDT",
          "timeframe": "15m",
          "status": "COMPLETED",
          "total_candles": 200,
          "processed_candles": 176,
          "success_rate": 88.0,
          "timestamp": "2025-12-31T23:33:39.569331"
        },
        {
          "symbol": "DOTUSDT",
          "timeframe": "1h",
          "status": "COMPLETED",
          "total_candles": 200,
          "processed_candles": 176,
          "success_rate": 88.0,
          "timestamp": "2025-12-31T23:33:42.481059"
        },
        {
          "symbol": "DOTUSDT",
          "timeframe": "4h",
          "status": "COMPLETED",
          "total_candles": 200,
          "processed_candles": 176,
          "success_rate": 88.0,
          "timestamp": "2025-12-31T23:33:46.015146"
        }
      ],
      "total_candles": 800,
      "processed_candles": 704,
      "success_rate": 88.0,
      "timestamp": "2025-12-31T23:33:46.016151"
    },
    {
      "symbol": "NEARUSDT",
      "status": "COMPLETED",
      "timeframes_processed": 4,
      "timeframe_results": [
        {
          "symbol": "NEARUSDT",
          "timeframe": "5m",
          "status": "COMPLETED",
          "total_candles": 200,
          "processed_candles": 176,
          "success_rate": 88.0,
          "timestamp": "2025-12-31T23:33:50.600417"
        },
        {
          "symbol": "NEARUSDT",
          "timeframe": "15m",
          "status": "COMPLETED",
          "total_candles": 200,
          "processed_candles": 176,
          "success_rate": 88.0,
          "timestamp": "2025-12-31T23:33:55.325800"
        },
        {
          "symbol": "NEARUSDT",
          "timeframe": "1h",
          "status": "COMPLETED",
          "total_candles": 200,
          "processed_candles": 176,
          "success_rate": 88.0,
          "timestamp": "2025-12-31T23:33:58.146614"
        },
        {
          "symbol": "NEARUSDT",
          "timeframe": "4h",
          "status": "COMPLETED",
          "total_candles": 200,
          "processed_candles": 176,
          "success_rate": 88.0,
          "timestamp": "2025-12-31T23:34:00.982201"
        }
      ],
      "total_candles": 800,
      "processed_candles": 704,
      "success_rate": 88.0,
      "timestamp": "2025-12-31T23:34:00.982201"
    },
    {
      "symbol": "ETCUSDT",
      "status": "COMPLETED",
      "timeframes_processed": 4,
      "timeframe_results": [
        {
          "symbol": "ETCUSDT",
          "timeframe": "5m",
          "status": "COMPLETED",
          "total_candles": 200,
          "processed_candles": 176,
          "success_rate": 88.0,
          "timestamp": "2025-12-31T23:34:04.295757"
        },
        {
          "symbol": "ETCUSDT",
          "timeframe": "15m",
          "status": "COMPLETED",
          "total_candles": 200,
          "processed_candles": 176,
          "success_rate": 88.0,
          "timestamp": "2025-12-31T23:34:07.767596"
        },
        {
          "symbol": "ETCUSDT",
          "timeframe": "1h",
          "status": "COMPLETED",
          "total_candles": 200,
          "processed_candles": 176,
          "success_rate": 88.0,
          "timestamp": "2025-12-31T23:34:10.556994"
        },
        {
          "symbol": "ETCUSDT",
          "timeframe": "4h",
          "status": "COMPLETED",
          "total_candles": 200,
          "processed_candles": 176,
          "success_rate": 88.0,
          "timestamp": "2025-12-31T23:34:13.288879"
        }
      ],
      "total_candles": 800,
      "processed_candles": 704,
      "success_rate": 88.0,
      "timestamp": "2025-12-31T23:34:13.288879"
    },
    {
      "symbol": "ICPUSDT",
      "status": "COMPLETED",
      "timeframes_processed": 4,
      "timeframe_results": [
        {
          "symbol": "ICPUSDT",
          "timeframe": "5m",
          "status": "COMPLETED",
          "total_candles": 200,
          "processed_candles": 176,
          "success_rate": 88.0,
          "timestamp": "2025-12-31T23:34:16.111664"
        },
        {
          "symbol": "ICPUSDT",
          "timeframe": "15m",
          "status": "COMPLETED",
          "total_candles": 200,
          "processed_candles": 176,
          "success_rate": 88.0,
          "timestamp": "2025-12-31T23:34:18.923698"
        },
        {
          "symbol": "ICPUSDT",
          "timeframe": "1h",
          "status": "COMPLETED",
          "total_candles": 200,
          "processed_candles": 176,
          "success_rate": 88.0,
          "timestamp": "2025-12-31T23:34:21.578800"
        },
        {
          "symbol": "ICPUSDT",
          "timeframe": "4h",
          "status": "COMPLETED",
          "total_candles": 200,
          "processed_candles": 176,
          "success_rate": 88.0,
          "timestamp": "2025-12-31T23:34:24.386414"
        }
      ],
      "total_candles": 800,
      "processed_candles": 704,
      "success_rate": 88.0,
      "timestamp": "2025-12-31T23:34:24.387415"
    },
    {
      "symbol": "ENAUSDT",
      "status": "COMPLETED",
      "timeframes_processed": 4,
      "timeframe_results": [
        {
          "symbol": "ENAUSDT",
          "timeframe": "5m",
          "status": "COMPLETED",
          "total_candles": 200,
          "processed_candles": 176,
          "success_rate": 88.0,
          "timestamp": "2025-12-31T23:34:27.063020"
        },
        {
          "symbol": "ENAUSDT",
          "timeframe": "15m",
          "status": "COMPLETED",
          "total_candles": 200,
          "processed_candles": 176,
          "success_rate": 88.0,
          "timestamp": "2025-12-31T23:34:29.821008"
        },
        {
          "symbol": "ENAUSDT",
          "timeframe": "1h",
          "status": "COMPLETED",
          "total_candles": 200,
          "processed_candles": 176,
          "success_rate": 88.0,
          "timestamp": "2025-12-31T23:34:32.535252"
        },
        {
          "symbol": "ENAUSDT",
          "timeframe": "4h",
          "status": "COMPLETED",
          "total_candles": 200,
          "processed_candles": 176,
          "success_rate": 88.0,
          "timestamp": "2025-12-31T23:34:35.421145"
        }
      ],
      "total_candles": 800,
      "processed_candles": 704,
      "success_rate": 88.0,
      "timestamp": "2025-12-31T23:34:35.421145"
    },
    {
      "symbol": "WLDUSDT",
      "status": "COMPLETED",
      "timeframes_processed": 4,
      "timeframe_results": [
        {
          "symbol": "WLDUSDT",
          "timeframe": "5m",
          "status": "COMPLETED",
          "total_candles": 200,
          "processed_candles": 176,
          "success_rate": 88.0,
          "timestamp": "2025-12-31T23:34:38.249832"
        },
        {
          "symbol": "WLDUSDT",
          "timeframe": "15m",
          "status": "COMPLETED",
          "total_candles": 200,
          "processed_candles": 176,
          "success_rate": 88.0,
          "timestamp": "2025-12-31T23:34:41.122654"
        },
        {
          "symbol": "WLDUSDT",
          "timeframe": "1h",
          "status": "COMPLETED",
          "total_candles": 200,
          "processed_candles": 176,
          "success_rate": 88.0,
          "timestamp": "2025-12-31T23:34:43.953916"
        },
        {
          "symbol": "WLDUSDT",
          "timeframe": "4h",
          "status": "COMPLETED",
          "total_candles": 200,
          "processed_candles": 176,
          "success_rate": 88.0,
          "timestamp": "2025-12-31T23:34:46.908973"
        }
      ],
      "total_candles": 800,
      "processed_candles": 704,
      "success_rate": 88.0,
      "timestamp": "2025-12-31T23:34:46.908973"
    },
    {
      "symbol": "APTUSDT",
      "status": "COMPLETED",
      "timeframes_processed": 4,
      "timeframe_results": [
        {
          "symbol": "APTUSDT",
          "timeframe": "5m",
          "status": "COMPLETED",
          "total_candles": 200,
          "processed_candles": 176,
          "success_rate": 88.0,
          "timestamp": "2025-12-31T23:34:49.779402"
        },
        {
          "symbol": "APTUSDT",
          "timeframe": "15m",
          "status": "COMPLETED",
          "total_candles": 200,
          "processed_candles": 176,
          "success_rate": 88.0,
          "timestamp": "2025-12-31T23:34:52.678129"
        },
        {
          "symbol": "APTUSDT",
          "timeframe": "1h",
          "status": "COMPLETED",
          "total_candles": 200,
          "processed_candles": 176,
          "success_rate": 88.0,
          "timestamp": "2025-12-31T23:34:55.546868"
        },
        {
          "symbol": "APTUSDT",
          "timeframe": "4h",
          "status": "COMPLETED",
          "total_candles": 200,
          "processed_candles": 176,
          "success_rate": 88.0,
          "timestamp": "2025-12-31T23:34:58.415055"
        }
      ],
      "total_candles": 800,
      "processed_candles": 704,
      "success_rate": 88.0,
      "timestamp": "2025-12-31T23:34:58.416056"
    },
    {
      "symbol": "POLUSDT",
      "status": "COMPLETED",
      "timeframes_processed": 4,
      "timeframe_results": [
        {
          "symbol": "POLUSDT",
          "timeframe": "5m",
          "status": "COMPLETED",
          "total_candles": 200,
          "processed_candles": 176,
          "success_rate": 88.0,
          "timestamp": "2025-12-31T23:35:01.620720"
        },
        {
          "symbol": "POLUSDT",
          "timeframe": "15m",
          "status": "COMPLETED",
          "total_candles": 200,
          "processed_candles": 176,
          "success_rate": 88.0,
          "timestamp": "2025-12-31T23:35:04.451389"
        },
        {
          "symbol": "POLUSDT",
          "timeframe": "1h",
          "status": "COMPLETED",
          "total_candles": 200,
          "processed_candles": 176,
          "success_rate": 88.0,
          "timestamp": "2025-12-31T23:35:07.193513"
        },
        {
          "symbol": "POLUSDT",
          "timeframe": "4h",
          "status": "COMPLETED",
          "total_candles": 200,
          "processed_candles": 176,
          "success_rate": 88.0,
          "timestamp": "2025-12-31T23:35:10.390929"
        }
      ],
      "total_candles": 800,
      "processed_candles": 704,
      "success_rate": 88.0,
      "timestamp": "2025-12-31T23:35:10.391933"
    },
    {
      "symbol": "ARBUSDT",
      "status": "COMPLETED",
      "timeframes_processed": 4,
      "timeframe_results": [
        {
          "symbol": "ARBUSDT",
          "timeframe": "5m",
          "status": "COMPLETED",
          "total_candles": 200,
          "processed_candles": 176,
          "success_rate": 88.0,
          "timestamp": "2025-12-31T23:35:13.462286"
        },
        {
          "symbol": "ARBUSDT",
          "timeframe": "15m",
          "status": "COMPLETED",
          "total_candles": 200,
          "processed_candles": 176,
          "success_rate": 88.0,
          "timestamp": "2025-12-31T23:35:16.395323"
        },
        {
          "symbol": "ARBUSDT",
          "timeframe": "1h",
          "status": "COMPLETED",
          "total_candles": 200,
          "processed_candles": 176,
          "success_rate": 88.0,
          "timestamp": "2025-12-31T23:35:19.351149"
        },
        {
          "symbol": "ARBUSDT",
          "timeframe": "4h",
          "status": "COMPLETED",
          "total_candles": 200,
          "processed_candles": 176,
          "success_rate": 88.0,
          "timestamp": "2025-12-31T23:35:23.108060"
        }
      ],
      "total_candles": 800,
      "processed_candles": 704,
      "success_rate": 88.0,
      "timestamp": "2025-12-31T23:35:23.108060"
    },
    {
      "symbol": "ALGOUSDT",
      "status": "COMPLETED",
      "timeframes_processed": 4,
      "timeframe_results": [
        {
          "symbol": "ALGOUSDT",
          "timeframe": "5m",
          "status": "COMPLETED",
          "total_candles": 200,
          "processed_candles": 176,
          "success_rate": 88.0,
          "timestamp": "2025-12-31T23:35:27.306075"
        },
        {
          "symbol": "ALGOUSDT",
          "timeframe": "15m",
          "status": "COMPLETED",
          "total_candles": 200,
          "processed_candles": 176,
          "success_rate": 88.0,
          "timestamp": "2025-12-31T23:35:29.908696"
        },
        {
          "symbol": "ALGOUSDT",
          "timeframe": "1h",
          "status": "COMPLETED",
          "total_candles": 200,
          "processed_candles": 176,
          "success_rate": 88.0,
          "timestamp": "2025-12-31T23:35:32.597532"
        },
        {
          "symbol": "ALGOUSDT",
          "timeframe": "4h",
          "status": "COMPLETED",
          "total_candles": 200,
          "processed_candles": 176,
          "success_rate": 88.0,
          "timestamp": "2025-12-31T23:35:35.395001"
        }
      ],
      "total_candles": 800,
      "processed_candles": 704,
      "success_rate": 88.0,
      "timestamp": "2025-12-31T23:35:35.396012"
    },
    {
      "symbol": "FILUSDT",
      "status": "COMPLETED",
      "timeframes_processed": 4,
      "timeframe_results": [
        {
          "symbol": "FILUSDT",
          "timeframe": "5m",
          "status": "COMPLETED",
          "total_candles": 200,
          "processed_candles": 176,
          "success_rate": 88.0,
          "timestamp": "2025-12-31T23:35:38.221243"
        },
        {
          "symbol": "FILUSDT",
          "timeframe": "15m",
          "status": "COMPLETED",
          "total_candles": 200,
          "processed_candles": 176,
          "success_rate": 88.0,
          "timestamp": "2025-12-31T23:35:40.970419"
        },
        {
          "symbol": "FILUSDT",
          "timeframe": "1h",
          "status": "COMPLETED",
          "total_candles": 200,
          "processed_candles": 176,
          "success_rate": 88.0,
          "timestamp": "2025-12-31T23:35:43.692989"
        },
        {
          "symbol": "FILUSDT",
          "timeframe": "4h",
          "status": "COMPLETED",
          "total_candles": 200,
          "processed_candles": 176,
          "success_rate": 88.0,
          "timestamp": "2025-12-31T23:35:46.757914"
        }
      ],
      "total_candles": 800,
      "processed_candles": 704,
      "success_rate": 88.0,
      "timestamp": "2025-12-31T23:35:46.758916"
    },
    {
      "symbol": "ATOMUSDT",
      "status": "COMPLETED",
      "timeframes_processed": 4,
      "timeframe_results": [
        {
          "symbol": "ATOMUSDT",
          "timeframe": "5m",
          "status": "COMPLETED",
          "total_candles": 200,
          "processed_candles": 176,
          "success_rate": 88.0,
          "timestamp": "2025-12-31T23:35:49.894640"
        },
        {
          "symbol": "ATOMUSDT",
          "timeframe": "15m",
          "status": "COMPLETED",
          "total_candles": 200,
          "processed_candles": 176,
          "success_rate": 88.0,
          "timestamp": "2025-12-31T23:35:53.655672"
        },
        {
          "symbol": "ATOMUSDT",
          "timeframe": "1h",
          "status": "COMPLETED",
          "total_candles": 200,
          "processed_candles": 176,
          "success_rate": 88.0,
          "timestamp": "2025-12-31T23:35:57.242837"
        },
        {
          "symbol": "ATOMUSDT",
          "timeframe": "4h",
          "status": "COMPLETED",
          "total_candles": 200,
          "processed_candles": 176,
          "success_rate": 88.0,
          "timestamp": "2025-12-31T23:36:00.410429"
        }
      ],
      "total_candles": 800,
      "processed_candles": 704,
      "success_rate": 88.0,
      "timestamp": "2025-12-31T23:36:00.410429"
    },
    {
      "symbol": "VETUSDT",
      "status": "COMPLETED",
      "timeframes_processed": 4,
      "timeframe_results": [
        {
          "symbol": "VETUSDT",
          "timeframe": "5m",
          "status": "COMPLETED",
          "total_candles": 200,
          "processed_candles": 176,
          "success_rate": 88.0,
          "timestamp": "2025-12-31T23:36:03.534958"
        },
        {
          "symbol": "VETUSDT",
          "timeframe": "15m",
          "status": "COMPLETED",
          "total_candles": 200,
          "processed_candles": 176,
          "success_rate": 88.0,
          "timestamp": "2025-12-31T23:36:06.760055"
        },
        {
          "symbol": "VETUSDT",
          "timeframe": "1h",
          "status": "COMPLETED",
          "total_candles": 200,
          "processed_candles": 176,
          "success_rate": 88.0,
          "timestamp": "2025-12-31T23:36:11.242778"
        },
        {
          "symbol": "VETUSDT",
          "timeframe": "4h",
          "status": "COMPLETED",
          "total_candles": 200,
          "processed_candles": 176,
          "success_rate": 88.0,
          "timestamp": "2025-12-31T23:36:15.758609"
        }
      ],
      "total_candles": 800,
      "processed_candles": 704,
      "success_rate": 88.0,
      "timestamp": "2025-12-31T23:36:15.759613"
    },
    {
      "symbol": "SEIUSDT",
      "status": "COMPLETED",
      "timeframes_processed": 4,
      "timeframe_results": [
        {
          "symbol": "SEIUSDT",
          "timeframe": "5m",
          "status": "COMPLETED",
          "total_candles": 200,
          "processed_candles": 176,
          "success_rate": 88.0,
          "timestamp": "2025-12-31T23:36:19.222168"
        },
        {
          "symbol": "SEIUSDT",
          "timeframe": "15m",
          "status": "COMPLETED",
          "total_candles": 200,
          "processed_candles": 176,
          "success_rate": 88.0,
          "timestamp": "2025-12-31T23:36:22.529935"
        },
        {
          "symbol": "SEIUSDT",
          "timeframe": "1h",
          "status": "COMPLETED",
          "total_candles": 200,
          "processed_candles": 176,
          "success_rate": 88.0,
          "timestamp": "2025-12-31T23:36:26.005919"
        },
        {
          "symbol": "SEIUSDT",
          "timeframe": "4h",
          "status": "COMPLETED",
          "total_candles": 200,
          "processed_candles": 176,
          "success_rate": 88.0,
          "timestamp": "2025-12-31T23:36:30.722616"
        }
      ],
      "total_candles": 800,
      "processed_candles": 704,
      "success_rate": 88.0,
      "timestamp": "2025-12-31T23:36:30.725048"
    },
    {
      "symbol": "CAKEUSDT",
      "status": "COMPLETED",
      "timeframes_processed": 4,
      "timeframe_results": [
        {
          "symbol": "CAKEUSDT",
          "timeframe": "5m",
          "status": "COMPLETED",
          "total_candles": 200,
          "processed_candles": 176,
          "success_rate": 88.0,
          "timestamp": "2025-12-31T23:36:34.241389"
        },
        {
          "symbol": "CAKEUSDT",
          "timeframe": "15m",
          "status": "COMPLETED",
          "total_candles": 200,
          "processed_candles": 176,
          "success_rate": 88.0,
          "timestamp": "2025-12-31T23:36:37.432087"
        },
        {
          "symbol": "CAKEUSDT",
          "timeframe": "1h",
          "status": "COMPLETED",
          "total_candles": 200,
          "processed_candles": 176,
          "success_rate": 88.0,
          "timestamp": "2025-12-31T23:36:40.746234"
        },
        {
          "symbol": "CAKEUSDT",
          "timeframe": "4h",
          "status": "COMPLETED",
          "total_candles": 200,
          "processed_candles": 176,
          "success_rate": 88.0,
          "timestamp": "2025-12-31T23:36:44.131898"
        }
      ],
      "total_candles": 800,
      "processed_candles": 704,
      "success_rate": 88.0,
      "timestamp": "2025-12-31T23:36:44.131898"
    },
    {
      "symbol": "PENGUUSDT",
      "status": "COMPLETED",
      "timeframes_processed": 4,
      "timeframe_results": [
        {
          "symbol": "PENGUUSDT",
          "timeframe": "5m",
          "status": "COMPLETED",
          "total_candles": 200,
          "processed_candles": 176,
          "success_rate": 88.0,
          "timestamp": "2025-12-31T23:36:47.771647"
        },
        {
          "symbol": "PENGUUSDT",
          "timeframe": "15m",
          "status": "COMPLETED",
          "total_candles": 200,
          "processed_candles": 176,
          "success_rate": 88.0,
          "timestamp": "2025-12-31T23:36:52.117323"
        },
        {
          "symbol": "PENGUUSDT",
          "timeframe": "1h",
          "status": "COMPLETED",
          "total_candles": 200,
          "processed_candles": 176,
          "success_rate": 88.0,
          "timestamp": "2025-12-31T23:36:56.342344"
        },
        {
          "symbol": "PENGUUSDT",
          "timeframe": "4h",
          "status": "COMPLETED",
          "total_candles": 200,
          "processed_candles": 176,
          "success_rate": 88.0,
          "timestamp": "2025-12-31T23:37:00.967584"
        }
      ],
      "total_candles": 800,
      "processed_candles": 704,
      "success_rate": 88.0,
      "timestamp": "2025-12-31T23:37:00.968427"
    },
    {
      "symbol": "OPUSDT",
      "status": "COMPLETED",
      "timeframes_processed": 4,
      "timeframe_results": [
        {
          "symbol": "OPUSDT",
          "timeframe": "5m",
          "status": "COMPLETED",
          "total_candles": 200,
          "processed_candles": 176,
          "success_rate": 88.0,
          "timestamp": "2025-12-31T23:37:06.016878"
        },
        {
          "symbol": "OPUSDT",
          "timeframe": "15m",
          "status": "COMPLETED",
          "total_candles": 200,
          "processed_candles": 176,
          "success_rate": 88.0,
          "timestamp": "2025-12-31T23:37:10.653579"
        },
        {
          "symbol": "OPUSDT",
          "timeframe": "1h",
          "status": "COMPLETED",
          "total_candles": 200,
          "processed_candles": 176,
          "success_rate": 88.0,
          "timestamp": "2025-12-31T23:37:14.211331"
        },
        {
          "symbol": "OPUSDT",
          "timeframe": "4h",
          "status": "COMPLETED",
          "total_candles": 200,
          "processed_candles": 176,
          "success_rate": 88.0,
          "timestamp": "2025-12-31T23:37:18.929065"
        }
      ],
      "total_candles": 800,
      "processed_candles": 704,
      "success_rate": 88.0,
      "timestamp": "2025-12-31T23:37:18.930064"
    },
    {
      "symbol": "CRVUSDT",
      "status": "COMPLETED",
      "timeframes_processed": 4,
      "timeframe_results": [
        {
          "symbol": "CRVUSDT",
          "timeframe": "5m",
          "status": "COMPLETED",
          "total_candles": 200,
          "processed_candles": 176,
          "success_rate": 88.0,
          "timestamp": "2025-12-31T23:37:25.140330"
        },
        {
          "symbol": "CRVUSDT",
          "timeframe": "15m",
          "status": "COMPLETED",
          "total_candles": 200,
          "processed_candles": 176,
          "success_rate": 88.0,
          "timestamp": "2025-12-31T23:37:33.421166"
        },
        {
          "symbol": "CRVUSDT",
          "timeframe": "1h",
          "status": "COMPLETED",
          "total_candles": 200,
          "processed_candles": 176,
          "success_rate": 88.0,
          "timestamp": "2025-12-31T23:37:39.012881"
        },
        {
          "symbol": "CRVUSDT",
          "timeframe": "4h",
          "status": "COMPLETED",
          "total_candles": 200,
          "processed_candles": 176,
          "success_rate": 88.0,
          "timestamp": "2025-12-31T23:37:44.669431"
        }
      ],
      "total_candles": 800,
      "processed_candles": 704,
      "success_rate": 88.0,
      "timestamp": "2025-12-31T23:37:44.670433"
    }
  ],
  "status": "COMPLETED"
}