{
  "block_id": 33,
  "start_time": "2026-01-01T00:22:23.294811",
  "end_time": "2026-01-01T00:22:38.736236",
  "duration_seconds": 15.441425,
  "summary": {
    "total_coins": 3,
    "coins_completed": 3,
    "coins_failed": 0,
    "coins_no_data": 0,
    "total_candles": 2400,
    "processed_candles": 592,
    "success_rate": 24.666666666666668
  },
  "coin_results": [
    {
      "symbol": "BTCUSDT",
      "status": "COMPLETED",
      "timeframes_processed": 4,
      "timeframe_results": [
        {
          "symbol": "BTCUSDT",
          "timeframe": "5m",
          "status": "COMPLETED",
          "total_candles": 200,
          "processed_candles": 1,
          "success_rate": 0.5,
          "timestamp": "2026-01-01T00:22:24.159180"
        },
        {
          "symbol": "BTCUSDT",
          "timeframe": "15m",
          "status": "COMPLETED",
          "total_candles": 200,
          "processed_candles": 1,
          "success_rate": 0.5,
          "timestamp": "2026-01-01T00:22:25.035105"
        },
        {
          "symbol": "BTCUSDT",
          "timeframe": "1h",
          "status": "COMPLETED",
          "total_candles": 200,
          "processed_candles": 1,
          "success_rate": 0.5,
          "timestamp": "2026-01-01T00:22:25.814843"
        },
        {
          "symbol": "BTCUSDT",
          "timeframe": "4h",
          "status": "COMPLETED",
          "total_candles": 200,
          "processed_candles": 0,
          "success_rate": 0.0,
          "timestamp": "2026-01-01T00:22:26.559228"
        }
      ],
      "total_candles": 800,
      "processed_candles": 3,
      "success_rate": 0.375,
      "timestamp": "2026-01-01T00:22:26.560218"
    },
    {
      "symbol": "ETHUSDT",
      "status": "COMPLETED",
      "timeframes_processed": 4,
      "timeframe_results": [
        {
          "symbol": "ETHUSDT",
          "timeframe": "5m",
          "status": "COMPLETED",
          "total_candles": 200,
          "processed_candles": 112,
          "success_rate": 56.00000000000001,
          "timestamp": "2026-01-01T00:22:28.514303"
        },
        {
          "symbol": "ETHUSDT",
          "timeframe": "15m",
          "status": "COMPLETED",
          "total_candles": 200,
          "processed_candles": 63,
          "success_rate": 31.5,
          "timestamp": "2026-01-01T00:22:29.880739"
        },
        {
          "symbol": "ETHUSDT",
          "timeframe": "1h",
          "status": "COMPLETED",
          "total_candles": 200,
          "processed_candles": 1,
          "success_rate": 0.5,
          "timestamp": "2026-01-01T00:22:30.654703"
        },
        {
          "symbol": "ETHUSDT",
          "timeframe": "4h",
          "status": "COMPLETED",
          "total_candles": 200,
          "processed_candles": 1,
          "success_rate": 0.5,
          "timestamp": "2026-01-01T00:22:31.570868"
        }
      ],
      "total_candles": 800,
      "processed_candles": 177,
      "success_rate": 22.125,
      "timestamp": "2026-01-01T00:22:31.570868"
    },
    {
      "symbol": "BNBUSDT",
      "status": "COMPLETED",
      "timeframes_processed": 4,
      "timeframe_results": [
        {
          "symbol": "BNBUSDT",
          "timeframe": "5m",
          "status": "COMPLETED",
          "total_candles": 200,
          "processed_candles": 176,
          "success_rate": 88.0,
          "timestamp": "2026-01-01T00:22:34.109907"
        },
        {
          "symbol": "BNBUSDT",
          "timeframe": "15m",
          "status": "COMPLETED",
          "total_candles": 200,
          "processed_candles": 155,
          "success_rate": 77.5,
          "timestamp": "2026-01-01T00:22:36.332550"
        },
        {
          "symbol": "BNBUSDT",
          "timeframe": "1h",
          "status": "COMPLETED",
          "total_candles": 200,
          "processed_candles": 80,
          "success_rate": 40.0,
          "timestamp": "2026-01-01T00:22:37.924421"
        },
        {
          "symbol": "BNBUSDT",
          "timeframe": "4h",
          "status": "COMPLETED",
          "total_candles": 200,
          "processed_candles": 1,
          "success_rate": 0.5,
          "timestamp": "2026-01-01T00:22:38.736236"
        }
      ],
      "total_candles": 800,
      "processed_candles": 412,
      "success_rate": 51.5,
      "timestamp": "2026-01-01T00:22:38.736236"
    }
  ],
  "status": "COMPLETED"
}