{
  "block_id": 7,
  "start_time": "2026-01-03T04:42:03.421337",
  "end_time": "2026-01-03T04:44:13.197731",
  "duration_seconds": 129.776394,
  "summary": {
    "total_coins": 13,
    "coins_completed": 13,
    "coins_failed": 0,
    "coins_no_data": 0,
    "total_candles": 7800,
    "processed_candles": 6687,
    "success_rate": 85.73076923076923
  },
  "coin_results": [
    {
      "symbol": "XAIUSDT",
      "status": "COMPLETED",
      "timeframes_processed": 3,
      "timeframe_results": [
        {
          "symbol": "XAIUSDT",
          "timeframe": "15m",
          "status": "COMPLETED",
          "total_candles": 200,
          "processed_candles": 176,
          "success_rate": 88.0,
          "timestamp": "2026-01-03T04:42:06.839406"
        },
        {
          "symbol": "XAIUSDT",
          "timeframe": "1h",
          "status": "COMPLETED",
          "total_candles": 200,
          "processed_candles": 170,
          "success_rate": 85.0,
          "timestamp": "2026-01-03T04:42:10.209563"
        },
        {
          "symbol": "XAIUSDT",
          "timeframe": "4h",
          "status": "COMPLETED",
          "total_candles": 200,
          "processed_candles": 169,
          "success_rate": 84.5,
          "timestamp": "2026-01-03T04:42:13.605496"
        }
      ],
      "total_candles": 600,
      "processed_candles": 515,
      "success_rate": 85.83333333333333,
      "timestamp": "2026-01-03T04:42:13.606581"
    },
    {
      "symbol": "RESOLVUSDT",
      "status": "COMPLETED",
      "timeframes_processed": 3,
      "timeframe_results": [
        {
          "symbol": "RESOLVUSDT",
          "timeframe": "15m",
          "status": "COMPLETED",
          "total_candles": 200,
          "processed_candles": 176,
          "success_rate": 88.0,
          "timestamp": "2026-01-03T04:42:17.453792"
        },
        {
          "symbol": "RESOLVUSDT",
          "timeframe": "1h",
          "status": "COMPLETED",
          "total_candles": 200,
          "processed_candles": 170,
          "success_rate": 85.0,
          "timestamp": "2026-01-03T04:42:20.798767"
        },
        {
          "symbol": "RESOLVUSDT",
          "timeframe": "4h",
          "status": "COMPLETED",
          "total_candles": 200,
          "processed_candles": 169,
          "success_rate": 84.5,
          "timestamp": "2026-01-03T04:42:24.145178"
        }
      ],
      "total_candles": 600,
      "processed_candles": 515,
      "success_rate": 85.83333333333333,
      "timestamp": "2026-01-03T04:42:24.145178"
    },
    {
      "symbol": "TNSRUSDT",
      "status": "COMPLETED",
      "timeframes_processed": 3,
      "timeframe_results": [
        {
          "symbol": "TNSRUSDT",
          "timeframe": "15m",
          "status": "COMPLETED",
          "total_candles": 200,
          "processed_candles": 176,
          "success_rate": 88.0,
          "timestamp": "2026-01-03T04:42:27.934427"
        },
        {
          "symbol": "TNSRUSDT",
          "timeframe": "1h",
          "status": "COMPLETED",
          "total_candles": 200,
          "processed_candles": 170,
          "success_rate": 85.0,
          "timestamp": "2026-01-03T04:42:31.228859"
        },
        {
          "symbol": "TNSRUSDT",
          "timeframe": "4h",
          "status": "COMPLETED",
          "total_candles": 200,
          "processed_candles": 168,
          "success_rate": 84.0,
          "timestamp": "2026-01-03T04:42:34.166911"
        }
      ],
      "total_candles": 600,
      "processed_candles": 514,
      "success_rate": 85.66666666666667,
      "timestamp": "2026-01-03T04:42:34.166911"
    },
    {
      "symbol": "IDUSDT",
      "status": "COMPLETED",
      "timeframes_processed": 3,
      "timeframe_results": [
        {
          "symbol": "IDUSDT",
          "timeframe": "15m",
          "status": "COMPLETED",
          "total_candles": 200,
          "processed_candles": 176,
          "success_rate": 88.0,
          "timestamp": "2026-01-03T04:42:37.602246"
        },
        {
          "symbol": "IDUSDT",
          "timeframe": "1h",
          "status": "COMPLETED",
          "total_candles": 200,
          "processed_candles": 170,
          "success_rate": 85.0,
          "timestamp": "2026-01-03T04:42:40.758430"
        },
        {
          "symbol": "IDUSDT",
          "timeframe": "4h",
          "status": "COMPLETED",
          "total_candles": 200,
          "processed_candles": 168,
          "success_rate": 84.0,
          "timestamp": "2026-01-03T04:42:43.870725"
        }
      ],
      "total_candles": 600,
      "processed_candles": 514,
      "success_rate": 85.66666666666667,
      "timestamp": "2026-01-03T04:42:43.870725"
    },
    {
      "symbol": "HYPERUSDT",
      "status": "COMPLETED",
      "timeframes_processed": 3,
      "timeframe_results": [
        {
          "symbol": "HYPERUSDT",
          "timeframe": "15m",
          "status": "COMPLETED",
          "total_candles": 200,
          "processed_candles": 176,
          "success_rate": 88.0,
          "timestamp": "2026-01-03T04:42:47.540228"
        },
        {
          "symbol": "HYPERUSDT",
          "timeframe": "1h",
          "status": "COMPLETED",
          "total_candles": 200,
          "processed_candles": 170,
          "success_rate": 85.0,
          "timestamp": "2026-01-03T04:42:50.447403"
        },
        {
          "symbol": "HYPERUSDT",
          "timeframe": "4h",
          "status": "COMPLETED",
          "total_candles": 200,
          "processed_candles": 168,
          "success_rate": 84.0,
          "timestamp": "2026-01-03T04:42:53.465142"
        }
      ],
      "total_candles": 600,
      "processed_candles": 514,
      "success_rate": 85.66666666666667,
      "timestamp": "2026-01-03T04:42:53.465142"
    },
    {
      "symbol": "MIRAUSDT",
      "status": "COMPLETED",
      "timeframes_processed": 3,
      "timeframe_results": [
        {
          "symbol": "MIRAUSDT",
          "timeframe": "15m",
          "status": "COMPLETED",
          "total_candles": 200,
          "processed_candles": 176,
          "success_rate": 88.0,
          "timestamp": "2026-01-03T04:42:56.790460"
        },
        {
          "symbol": "MIRAUSDT",
          "timeframe": "1h",
          "status": "COMPLETED",
          "total_candles": 200,
          "processed_candles": 170,
          "success_rate": 85.0,
          "timestamp": "2026-01-03T04:43:00.157740"
        },
        {
          "symbol": "MIRAUSDT",
          "timeframe": "4h",
          "status": "COMPLETED",
          "total_candles": 200,
          "processed_candles": 168,
          "success_rate": 84.0,
          "timestamp": "2026-01-03T04:43:03.170856"
        }
      ],
      "total_candles": 600,
      "processed_candles": 514,
      "success_rate": 85.66666666666667,
      "timestamp": "2026-01-03T04:43:03.171858"
    },
    {
      "symbol": "STOUSDT",
      "status": "COMPLETED",
      "timeframes_processed": 3,
      "timeframe_results": [
        {
          "symbol": "STOUSDT",
          "timeframe": "15m",
          "status": "COMPLETED",
          "total_candles": 200,
          "processed_candles": 176,
          "success_rate": 88.0,
          "timestamp": "2026-01-03T04:43:06.699968"
        },
        {
          "symbol": "STOUSDT",
          "timeframe": "1h",
          "status": "COMPLETED",
          "total_candles": 200,
          "processed_candles": 170,
          "success_rate": 85.0,
          "timestamp": "2026-01-03T04:43:09.814824"
        },
        {
          "symbol": "STOUSDT",
          "timeframe": "4h",
          "status": "COMPLETED",
          "total_candles": 200,
          "processed_candles": 168,
          "success_rate": 84.0,
          "timestamp": "2026-01-03T04:43:12.757429"
        }
      ],
      "total_candles": 600,
      "processed_candles": 514,
      "success_rate": 85.66666666666667,
      "timestamp": "2026-01-03T04:43:12.757429"
    },
    {
      "symbol": "BANANAUSDT",
      "status": "COMPLETED",
      "timeframes_processed": 3,
      "timeframe_results": [
        {
          "symbol": "BANANAUSDT",
          "timeframe": "15m",
          "status": "COMPLETED",
          "total_candles": 200,
          "processed_candles": 176,
          "success_rate": 88.0,
          "timestamp": "2026-01-03T04:43:16.145448"
        },
        {
          "symbol": "BANANAUSDT",
          "timeframe": "1h",
          "status": "COMPLETED",
          "total_candles": 200,
          "processed_candles": 170,
          "success_rate": 85.0,
          "timestamp": "2026-01-03T04:43:19.265512"
        },
        {
          "symbol": "BANANAUSDT",
          "timeframe": "4h",
          "status": "COMPLETED",
          "total_candles": 200,
          "processed_candles": 168,
          "success_rate": 84.0,
          "timestamp": "2026-01-03T04:43:22.235331"
        }
      ],
      "total_candles": 600,
      "processed_candles": 514,
      "success_rate": 85.66666666666667,
      "timestamp": "2026-01-03T04:43:22.236331"
    },
    {
      "symbol": "PARTIUSDT",
      "status": "COMPLETED",
      "timeframes_processed": 3,
      "timeframe_results": [
        {
          "symbol": "PARTIUSDT",
          "timeframe": "15m",
          "status": "COMPLETED",
          "total_candles": 200,
          "processed_candles": 176,
          "success_rate": 88.0,
          "timestamp": "2026-01-03T04:43:25.367083"
        },
        {
          "symbol": "PARTIUSDT",
          "timeframe": "1h",
          "status": "COMPLETED",
          "total_candles": 200,
          "processed_candles": 170,
          "success_rate": 85.0,
          "timestamp": "2026-01-03T04:43:28.096431"
        },
        {
          "symbol": "PARTIUSDT",
          "timeframe": "4h",
          "status": "COMPLETED",
          "total_candles": 200,
          "processed_candles": 168,
          "success_rate": 84.0,
          "timestamp": "2026-01-03T04:43:30.887959"
        }
      ],
      "total_candles": 600,
      "processed_candles": 514,
      "success_rate": 85.66666666666667,
      "timestamp": "2026-01-03T04:43:30.890962"
    },
    {
      "symbol": "HOLOUSDT",
      "status": "COMPLETED",
      "timeframes_processed": 3,
      "timeframe_results": [
        {
          "symbol": "HOLOUSDT",
          "timeframe": "15m",
          "status": "COMPLETED",
          "total_candles": 200,
          "processed_candles": 176,
          "success_rate": 88.0,
          "timestamp": "2026-01-03T04:43:34.171962"
        },
        {
          "symbol": "HOLOUSDT",
          "timeframe": "1h",
          "status": "COMPLETED",
          "total_candles": 200,
          "processed_candles": 170,
          "success_rate": 85.0,
          "timestamp": "2026-01-03T04:43:36.970278"
        },
        {
          "symbol": "HOLOUSDT",
          "timeframe": "4h",
          "status": "COMPLETED",
          "total_candles": 200,
          "processed_candles": 169,
          "success_rate": 84.5,
          "timestamp": "2026-01-03T04:43:40.453386"
        }
      ],
      "total_candles": 600,
      "processed_candles": 515,
      "success_rate": 85.83333333333333,
      "timestamp": "2026-01-03T04:43:40.460388"
    },
    {
      "symbol": "BBUSDT",
      "status": "COMPLETED",
      "timeframes_processed": 3,
      "timeframe_results": [
        {
          "symbol": "BBUSDT",
          "timeframe": "15m",
          "status": "COMPLETED",
          "total_candles": 200,
          "processed_candles": 176,
          "success_rate": 88.0,
          "timestamp": "2026-01-03T04:43:44.683095"
        },
        {
          "symbol": "BBUSDT",
          "timeframe": "1h",
          "status": "COMPLETED",
          "total_candles": 200,
          "processed_candles": 170,
          "success_rate": 85.0,
          "timestamp": "2026-01-03T04:43:47.459448"
        },
        {
          "symbol": "BBUSDT",
          "timeframe": "4h",
          "status": "COMPLETED",
          "total_candles": 200,
          "processed_candles": 169,
          "success_rate": 84.5,
          "timestamp": "2026-01-03T04:43:50.407623"
        }
      ],
      "total_candles": 600,
      "processed_candles": 515,
      "success_rate": 85.83333333333333,
      "timestamp": "2026-01-03T04:43:50.408626"
    },
    {
      "symbol": "ZKCUSDT",
      "status": "COMPLETED",
      "timeframes_processed": 3,
      "timeframe_results": [
        {
          "symbol": "ZKCUSDT",
          "timeframe": "15m",
          "status": "COMPLETED",
          "total_candles": 200,
          "processed_candles": 176,
          "success_rate": 88.0,
          "timestamp": "2026-01-03T04:43:53.618485"
        },
        {
          "symbol": "ZKCUSDT",
          "timeframe": "1h",
          "status": "COMPLETED",
          "total_candles": 200,
          "processed_candles": 170,
          "success_rate": 85.0,
          "timestamp": "2026-01-03T04:43:57.351301"
        },
        {
          "symbol": "ZKCUSDT",
          "timeframe": "4h",
          "status": "COMPLETED",
          "total_candles": 200,
          "processed_candles": 169,
          "success_rate": 84.5,
          "timestamp": "2026-01-03T04:44:01.724624"
        }
      ],
      "total_candles": 600,
      "processed_candles": 515,
      "success_rate": 85.83333333333333,
      "timestamp": "2026-01-03T04:44:01.724624"
    },
    {
      "symbol": "ALLOUSDT",
      "status": "COMPLETED",
      "timeframes_processed": 3,
      "timeframe_results": [
        {
          "symbol": "ALLOUSDT",
          "timeframe": "15m",
          "status": "COMPLETED",
          "total_candles": 200,
          "processed_candles": 176,
          "success_rate": 88.0,
          "timestamp": "2026-01-03T04:44:06.759197"
        },
        {
          "symbol": "ALLOUSDT",
          "timeframe": "1h",
          "status": "COMPLETED",
          "total_candles": 200,
          "processed_candles": 170,
          "success_rate": 85.0,
          "timestamp": "2026-01-03T04:44:09.992576"
        },
        {
          "symbol": "ALLOUSDT",
          "timeframe": "4h",
          "status": "COMPLETED",
          "total_candles": 200,
          "processed_candles": 168,
          "success_rate": 84.0,
          "timestamp": "2026-01-03T04:44:13.196731"
        }
      ],
      "total_candles": 600,
      "processed_candles": 514,
      "success_rate": 85.66666666666667,
      "timestamp": "2026-01-03T04:44:13.197731"
    }
  ],
  "status": "COMPLETED"
}