{
  "block_id": 11,
  "start_time": "2026-01-03T05:01:04.779451",
  "end_time": "2026-01-03T05:01:16.384401",
  "duration_seconds": 11.60495,
  "summary": {
    "total_coins": 3,
    "coins_completed": 3,
    "coins_failed": 0,
    "coins_no_data": 0,
    "total_candles": 1800,
    "processed_candles": 367,
    "success_rate": 20.38888888888889
  },
  "coin_results": [
    {
      "symbol": "BTCUSDT",
      "status": "COMPLETED",
      "timeframes_processed": 3,
      "timeframe_results": [
        {
          "symbol": "BTCUSDT",
          "timeframe": "15m",
          "status": "COMPLETED",
          "total_candles": 200,
          "processed_candles": 1,
          "success_rate": 0.5,
          "timestamp": "2026-01-03T05:01:05.487523"
        },
        {
          "symbol": "BTCUSDT",
          "timeframe": "1h",
          "status": "COMPLETED",
          "total_candles": 200,
          "processed_candles": 1,
          "success_rate": 0.5,
          "timestamp": "2026-01-03T05:01:06.106770"
        },
        {
          "symbol": "BTCUSDT",
          "timeframe": "4h",
          "status": "COMPLETED",
          "total_candles": 200,
          "processed_candles": 1,
          "success_rate": 0.5,
          "timestamp": "2026-01-03T05:01:06.712700"
        }
      ],
      "total_candles": 600,
      "processed_candles": 3,
      "success_rate": 0.5,
      "timestamp": "2026-01-03T05:01:06.712700"
    },
    {
      "symbol": "ETHUSDT",
      "status": "COMPLETED",
      "timeframes_processed": 3,
      "timeframe_results": [
        {
          "symbol": "ETHUSDT",
          "timeframe": "15m",
          "status": "COMPLETED",
          "total_candles": 200,
          "processed_candles": 63,
          "success_rate": 31.5,
          "timestamp": "2026-01-03T05:01:08.757616"
        },
        {
          "symbol": "ETHUSDT",
          "timeframe": "1h",
          "status": "COMPLETED",
          "total_candles": 200,
          "processed_candles": 16,
          "success_rate": 8.0,
          "timestamp": "2026-01-03T05:01:09.558956"
        },
        {
          "symbol": "ETHUSDT",
          "timeframe": "4h",
          "status": "COMPLETED",
          "total_candles": 200,
          "processed_candles": 4,
          "success_rate": 2.0,
          "timestamp": "2026-01-03T05:01:10.222230"
        }
      ],
      "total_candles": 600,
      "processed_candles": 83,
      "success_rate": 13.833333333333334,
      "timestamp": "2026-01-03T05:01:10.224236"
    },
    {
      "symbol": "BNBUSDT",
      "status": "COMPLETED",
      "timeframes_processed": 3,
      "timeframe_results": [
        {
          "symbol": "BNBUSDT",
          "timeframe": "15m",
          "status": "COMPLETED",
          "total_candles": 200,
          "processed_candles": 155,
          "success_rate": 77.5,
          "timestamp": "2026-01-03T05:01:13.362728"
        },
        {
          "symbol": "BNBUSDT",
          "timeframe": "1h",
          "status": "COMPLETED",
          "total_candles": 200,
          "processed_candles": 99,
          "success_rate": 49.5,
          "timestamp": "2026-01-03T05:01:15.312820"
        },
        {
          "symbol": "BNBUSDT",
          "timeframe": "4h",
          "status": "COMPLETED",
          "total_candles": 200,
          "processed_candles": 27,
          "success_rate": 13.5,
          "timestamp": "2026-01-03T05:01:16.382888"
        }
      ],
      "total_candles": 600,
      "processed_candles": 281,
      "success_rate": 46.833333333333336,
      "timestamp": "2026-01-03T05:01:16.384401"
    }
  ],
  "status": "COMPLETED"
}