{
  "block_id": 7,
  "start_time": "2026-01-02T02:46:38.122703",
  "end_time": "2026-01-02T02:49:41.155138",
  "duration_seconds": 183.032435,
  "summary": {
    "total_coins": 20,
    "coins_completed": 20,
    "coins_failed": 0,
    "coins_no_data": 0,
    "total_candles": 12000,
    "processed_candles": 10280,
    "success_rate": 85.66666666666667
  },
  "coin_results": [
    {
      "symbol": "WLFIUSDT",
      "status": "COMPLETED",
      "timeframes_processed": 3,
      "timeframe_results": [
        {
          "symbol": "WLFIUSDT",
          "timeframe": "15m",
          "status": "COMPLETED",
          "total_candles": 200,
          "processed_candles": 176,
          "success_rate": 88.0,
          "timestamp": "2026-01-02T02:46:41.341620"
        },
        {
          "symbol": "WLFIUSDT",
          "timeframe": "1h",
          "status": "COMPLETED",
          "total_candles": 200,
          "processed_candles": 170,
          "success_rate": 85.0,
          "timestamp": "2026-01-02T02:46:44.124683"
        },
        {
          "symbol": "WLFIUSDT",
          "timeframe": "4h",
          "status": "COMPLETED",
          "total_candles": 200,
          "processed_candles": 168,
          "success_rate": 84.0,
          "timestamp": "2026-01-02T02:46:46.844926"
        }
      ],
      "total_candles": 600,
      "processed_candles": 514,
      "success_rate": 85.66666666666667,
      "timestamp": "2026-01-02T02:46:46.844926"
    },
    {
      "symbol": "USD1USDT",
      "status": "COMPLETED",
      "timeframes_processed": 3,
      "timeframe_results": [
        {
          "symbol": "USD1USDT",
          "timeframe": "15m",
          "status": "COMPLETED",
          "total_candles": 200,
          "processed_candles": 176,
          "success_rate": 88.0,
          "timestamp": "2026-01-02T02:46:50.051420"
        },
        {
          "symbol": "USD1USDT",
          "timeframe": "1h",
          "status": "COMPLETED",
          "total_candles": 200,
          "processed_candles": 170,
          "success_rate": 85.0,
          "timestamp": "2026-01-02T02:46:52.717942"
        },
        {
          "symbol": "USD1USDT",
          "timeframe": "4h",
          "status": "COMPLETED",
          "total_candles": 200,
          "processed_candles": 168,
          "success_rate": 84.0,
          "timestamp": "2026-01-02T02:46:55.440360"
        }
      ],
      "total_candles": 600,
      "processed_candles": 514,
      "success_rate": 85.66666666666667,
      "timestamp": "2026-01-02T02:46:55.441362"
    },
    {
      "symbol": "ASTERUSDT",
      "status": "COMPLETED",
      "timeframes_processed": 3,
      "timeframe_results": [
        {
          "symbol": "ASTERUSDT",
          "timeframe": "15m",
          "status": "COMPLETED",
          "total_candles": 200,
          "processed_candles": 176,
          "success_rate": 88.0,
          "timestamp": "2026-01-02T02:46:58.586937"
        },
        {
          "symbol": "ASTERUSDT",
          "timeframe": "1h",
          "status": "COMPLETED",
          "total_candles": 200,
          "processed_candles": 170,
          "success_rate": 85.0,
          "timestamp": "2026-01-02T02:47:01.225415"
        },
        {
          "symbol": "ASTERUSDT",
          "timeframe": "4h",
          "status": "COMPLETED",
          "total_candles": 200,
          "processed_candles": 168,
          "success_rate": 84.0,
          "timestamp": "2026-01-02T02:47:04.222885"
        }
      ],
      "total_candles": 600,
      "processed_candles": 514,
      "success_rate": 85.66666666666667,
      "timestamp": "2026-01-02T02:47:04.222885"
    },
    {
      "symbol": "SKYUSDT",
      "status": "COMPLETED",
      "timeframes_processed": 3,
      "timeframe_results": [
        {
          "symbol": "SKYUSDT",
          "timeframe": "15m",
          "status": "COMPLETED",
          "total_candles": 200,
          "processed_candles": 176,
          "success_rate": 88.0,
          "timestamp": "2026-01-02T02:47:07.417831"
        },
        {
          "symbol": "SKYUSDT",
          "timeframe": "1h",
          "status": "COMPLETED",
          "total_candles": 200,
          "processed_candles": 170,
          "success_rate": 85.0,
          "timestamp": "2026-01-02T02:47:10.325156"
        },
        {
          "symbol": "SKYUSDT",
          "timeframe": "4h",
          "status": "COMPLETED",
          "total_candles": 200,
          "processed_candles": 168,
          "success_rate": 84.0,
          "timestamp": "2026-01-02T02:47:13.236600"
        }
      ],
      "total_candles": 600,
      "processed_candles": 514,
      "success_rate": 85.66666666666667,
      "timestamp": "2026-01-02T02:47:13.236600"
    },
    {
      "symbol": "ONDOUSDT",
      "status": "COMPLETED",
      "timeframes_processed": 3,
      "timeframe_results": [
        {
          "symbol": "ONDOUSDT",
          "timeframe": "15m",
          "status": "COMPLETED",
          "total_candles": 200,
          "processed_candles": 176,
          "success_rate": 88.0,
          "timestamp": "2026-01-02T02:47:16.751721"
        },
        {
          "symbol": "ONDOUSDT",
          "timeframe": "1h",
          "status": "COMPLETED",
          "total_candles": 200,
          "processed_candles": 170,
          "success_rate": 85.0,
          "timestamp": "2026-01-02T02:47:19.551128"
        },
        {
          "symbol": "ONDOUSDT",
          "timeframe": "4h",
          "status": "COMPLETED",
          "total_candles": 200,
          "processed_candles": 168,
          "success_rate": 84.0,
          "timestamp": "2026-01-02T02:47:22.408813"
        }
      ],
      "total_candles": 600,
      "processed_candles": 514,
      "success_rate": 85.66666666666667,
      "timestamp": "2026-01-02T02:47:22.408813"
    },
    {
      "symbol": "PUMPUSDT",
      "status": "COMPLETED",
      "timeframes_processed": 3,
      "timeframe_results": [
        {
          "symbol": "PUMPUSDT",
          "timeframe": "15m",
          "status": "COMPLETED",
          "total_candles": 200,
          "processed_candles": 176,
          "success_rate": 88.0,
          "timestamp": "2026-01-02T02:47:25.963604"
        },
        {
          "symbol": "PUMPUSDT",
          "timeframe": "1h",
          "status": "COMPLETED",
          "total_candles": 200,
          "processed_candles": 170,
          "success_rate": 85.0,
          "timestamp": "2026-01-02T02:47:28.770833"
        },
        {
          "symbol": "PUMPUSDT",
          "timeframe": "4h",
          "status": "COMPLETED",
          "total_candles": 200,
          "processed_candles": 168,
          "success_rate": 84.0,
          "timestamp": "2026-01-02T02:47:31.553245"
        }
      ],
      "total_candles": 600,
      "processed_candles": 514,
      "success_rate": 85.66666666666667,
      "timestamp": "2026-01-02T02:47:31.553245"
    },
    {
      "symbol": "TRUMPUSDT",
      "status": "COMPLETED",
      "timeframes_processed": 3,
      "timeframe_results": [
        {
          "symbol": "TRUMPUSDT",
          "timeframe": "15m",
          "status": "COMPLETED",
          "total_candles": 200,
          "processed_candles": 176,
          "success_rate": 88.0,
          "timestamp": "2026-01-02T02:47:34.954158"
        },
        {
          "symbol": "TRUMPUSDT",
          "timeframe": "1h",
          "status": "COMPLETED",
          "total_candles": 200,
          "processed_candles": 170,
          "success_rate": 85.0,
          "timestamp": "2026-01-02T02:47:37.927782"
        },
        {
          "symbol": "TRUMPUSDT",
          "timeframe": "4h",
          "status": "COMPLETED",
          "total_candles": 200,
          "processed_candles": 168,
          "success_rate": 84.0,
          "timestamp": "2026-01-02T02:47:40.680412"
        }
      ],
      "total_candles": 600,
      "processed_candles": 514,
      "success_rate": 85.66666666666667,
      "timestamp": "2026-01-02T02:47:40.680412"
    },
    {
      "symbol": "MORPHOUSDT",
      "status": "COMPLETED",
      "timeframes_processed": 3,
      "timeframe_results": [
        {
          "symbol": "MORPHOUSDT",
          "timeframe": "15m",
          "status": "COMPLETED",
          "total_candles": 200,
          "processed_candles": 176,
          "success_rate": 88.0,
          "timestamp": "2026-01-02T02:47:43.752955"
        },
        {
          "symbol": "MORPHOUSDT",
          "timeframe": "1h",
          "status": "COMPLETED",
          "total_candles": 200,
          "processed_candles": 170,
          "success_rate": 85.0,
          "timestamp": "2026-01-02T02:47:46.735088"
        },
        {
          "symbol": "MORPHOUSDT",
          "timeframe": "4h",
          "status": "COMPLETED",
          "total_candles": 200,
          "processed_candles": 168,
          "success_rate": 84.0,
          "timestamp": "2026-01-02T02:47:49.512198"
        }
      ],
      "total_candles": 600,
      "processed_candles": 514,
      "success_rate": 85.66666666666667,
      "timestamp": "2026-01-02T02:47:49.513197"
    },
    {
      "symbol": "VIRTUALUSDT",
      "status": "COMPLETED",
      "timeframes_processed": 3,
      "timeframe_results": [
        {
          "symbol": "VIRTUALUSDT",
          "timeframe": "15m",
          "status": "COMPLETED",
          "total_candles": 200,
          "processed_candles": 176,
          "success_rate": 88.0,
          "timestamp": "2026-01-02T02:47:52.831168"
        },
        {
          "symbol": "VIRTUALUSDT",
          "timeframe": "1h",
          "status": "COMPLETED",
          "total_candles": 200,
          "processed_candles": 170,
          "success_rate": 85.0,
          "timestamp": "2026-01-02T02:47:55.571474"
        },
        {
          "symbol": "VIRTUALUSDT",
          "timeframe": "4h",
          "status": "COMPLETED",
          "total_candles": 200,
          "processed_candles": 168,
          "success_rate": 84.0,
          "timestamp": "2026-01-02T02:47:58.305027"
        }
      ],
      "total_candles": 600,
      "processed_candles": 514,
      "success_rate": 85.66666666666667,
      "timestamp": "2026-01-02T02:47:58.305027"
    },
    {
      "symbol": "DCRUSDT",
      "status": "COMPLETED",
      "timeframes_processed": 3,
      "timeframe_results": [
        {
          "symbol": "DCRUSDT",
          "timeframe": "15m",
          "status": "COMPLETED",
          "total_candles": 200,
          "processed_candles": 176,
          "success_rate": 88.0,
          "timestamp": "2026-01-02T02:48:01.716911"
        },
        {
          "symbol": "DCRUSDT",
          "timeframe": "1h",
          "status": "COMPLETED",
          "total_candles": 200,
          "processed_candles": 170,
          "success_rate": 85.0,
          "timestamp": "2026-01-02T02:48:04.424047"
        },
        {
          "symbol": "DCRUSDT",
          "timeframe": "4h",
          "status": "COMPLETED",
          "total_candles": 200,
          "processed_candles": 168,
          "success_rate": 84.0,
          "timestamp": "2026-01-02T02:48:07.224488"
        }
      ],
      "total_candles": 600,
      "processed_candles": 514,
      "success_rate": 85.66666666666667,
      "timestamp": "2026-01-02T02:48:07.224488"
    },
    {
      "symbol": "XPLUSDT",
      "status": "COMPLETED",
      "timeframes_processed": 3,
      "timeframe_results": [
        {
          "symbol": "XPLUSDT",
          "timeframe": "15m",
          "status": "COMPLETED",
          "total_candles": 200,
          "processed_candles": 176,
          "success_rate": 88.0,
          "timestamp": "2026-01-02T02:48:10.458583"
        },
        {
          "symbol": "XPLUSDT",
          "timeframe": "1h",
          "status": "COMPLETED",
          "total_candles": 200,
          "processed_candles": 170,
          "success_rate": 85.0,
          "timestamp": "2026-01-02T02:48:13.454553"
        },
        {
          "symbol": "XPLUSDT",
          "timeframe": "4h",
          "status": "COMPLETED",
          "total_candles": 200,
          "processed_candles": 168,
          "success_rate": 84.0,
          "timestamp": "2026-01-02T02:48:16.344153"
        }
      ],
      "total_candles": 600,
      "processed_candles": 514,
      "success_rate": 85.66666666666667,
      "timestamp": "2026-01-02T02:48:16.345157"
    },
    {
      "symbol": "FFUSDT",
      "status": "COMPLETED",
      "timeframes_processed": 3,
      "timeframe_results": [
        {
          "symbol": "FFUSDT",
          "timeframe": "15m",
          "status": "COMPLETED",
          "total_candles": 200,
          "processed_candles": 176,
          "success_rate": 88.0,
          "timestamp": "2026-01-02T02:48:19.619118"
        },
        {
          "symbol": "FFUSDT",
          "timeframe": "1h",
          "status": "COMPLETED",
          "total_candles": 200,
          "processed_candles": 170,
          "success_rate": 85.0,
          "timestamp": "2026-01-02T02:48:22.602787"
        },
        {
          "symbol": "FFUSDT",
          "timeframe": "4h",
          "status": "COMPLETED",
          "total_candles": 200,
          "processed_candles": 168,
          "success_rate": 84.0,
          "timestamp": "2026-01-02T02:48:25.501822"
        }
      ],
      "total_candles": 600,
      "processed_candles": 514,
      "success_rate": 85.66666666666667,
      "timestamp": "2026-01-02T02:48:25.501822"
    },
    {
      "symbol": "BARDUSDT",
      "status": "COMPLETED",
      "timeframes_processed": 3,
      "timeframe_results": [
        {
          "symbol": "BARDUSDT",
          "timeframe": "15m",
          "status": "COMPLETED",
          "total_candles": 200,
          "processed_candles": 176,
          "success_rate": 88.0,
          "timestamp": "2026-01-02T02:48:28.833005"
        },
        {
          "symbol": "BARDUSDT",
          "timeframe": "1h",
          "status": "COMPLETED",
          "total_candles": 200,
          "processed_candles": 170,
          "success_rate": 85.0,
          "timestamp": "2026-01-02T02:48:31.599921"
        },
        {
          "symbol": "BARDUSDT",
          "timeframe": "4h",
          "status": "COMPLETED",
          "total_candles": 200,
          "processed_candles": 168,
          "success_rate": 84.0,
          "timestamp": "2026-01-02T02:48:34.562574"
        }
      ],
      "total_candles": 600,
      "processed_candles": 514,
      "success_rate": 85.66666666666667,
      "timestamp": "2026-01-02T02:48:34.563575"
    },
    {
      "symbol": "KMNOUSDT",
      "status": "COMPLETED",
      "timeframes_processed": 3,
      "timeframe_results": [
        {
          "symbol": "KMNOUSDT",
          "timeframe": "15m",
          "status": "COMPLETED",
          "total_candles": 200,
          "processed_candles": 176,
          "success_rate": 88.0,
          "timestamp": "2026-01-02T02:48:37.725051"
        },
        {
          "symbol": "KMNOUSDT",
          "timeframe": "1h",
          "status": "COMPLETED",
          "total_candles": 200,
          "processed_candles": 170,
          "success_rate": 85.0,
          "timestamp": "2026-01-02T02:48:40.611377"
        },
        {
          "symbol": "KMNOUSDT",
          "timeframe": "4h",
          "status": "COMPLETED",
          "total_candles": 200,
          "processed_candles": 168,
          "success_rate": 84.0,
          "timestamp": "2026-01-02T02:48:43.365714"
        }
      ],
      "total_candles": 600,
      "processed_candles": 514,
      "success_rate": 85.66666666666667,
      "timestamp": "2026-01-02T02:48:43.366715"
    },
    {
      "symbol": "KITEUSDT",
      "status": "COMPLETED",
      "timeframes_processed": 3,
      "timeframe_results": [
        {
          "symbol": "KITEUSDT",
          "timeframe": "15m",
          "status": "COMPLETED",
          "total_candles": 200,
          "processed_candles": 176,
          "success_rate": 88.0,
          "timestamp": "2026-01-02T02:48:46.624653"
        },
        {
          "symbol": "KITEUSDT",
          "timeframe": "1h",
          "status": "COMPLETED",
          "total_candles": 200,
          "processed_candles": 170,
          "success_rate": 85.0,
          "timestamp": "2026-01-02T02:48:49.347111"
        },
        {
          "symbol": "KITEUSDT",
          "timeframe": "4h",
          "status": "COMPLETED",
          "total_candles": 200,
          "processed_candles": 168,
          "success_rate": 84.0,
          "timestamp": "2026-01-02T02:48:52.175198"
        }
      ],
      "total_candles": 600,
      "processed_candles": 514,
      "success_rate": 85.66666666666667,
      "timestamp": "2026-01-02T02:48:52.176199"
    },
    {
      "symbol": "FORMUSDT",
      "status": "COMPLETED",
      "timeframes_processed": 3,
      "timeframe_results": [
        {
          "symbol": "FORMUSDT",
          "timeframe": "15m",
          "status": "COMPLETED",
          "total_candles": 200,
          "processed_candles": 176,
          "success_rate": 88.0,
          "timestamp": "2026-01-02T02:48:55.954132"
        },
        {
          "symbol": "FORMUSDT",
          "timeframe": "1h",
          "status": "COMPLETED",
          "total_candles": 200,
          "processed_candles": 170,
          "success_rate": 85.0,
          "timestamp": "2026-01-02T02:49:01.771081"
        },
        {
          "symbol": "FORMUSDT",
          "timeframe": "4h",
          "status": "COMPLETED",
          "total_candles": 200,
          "processed_candles": 168,
          "success_rate": 84.0,
          "timestamp": "2026-01-02T02:49:04.667990"
        }
      ],
      "total_candles": 600,
      "processed_candles": 514,
      "success_rate": 85.66666666666667,
      "timestamp": "2026-01-02T02:49:04.668992"
    },
    {
      "symbol": "KAITOUSDT",
      "status": "COMPLETED",
      "timeframes_processed": 3,
      "timeframe_results": [
        {
          "symbol": "KAITOUSDT",
          "timeframe": "15m",
          "status": "COMPLETED",
          "total_candles": 200,
          "processed_candles": 176,
          "success_rate": 88.0,
          "timestamp": "2026-01-02T02:49:07.964779"
        },
        {
          "symbol": "KAITOUSDT",
          "timeframe": "1h",
          "status": "COMPLETED",
          "total_candles": 200,
          "processed_candles": 170,
          "success_rate": 85.0,
          "timestamp": "2026-01-02T02:49:10.816962"
        },
        {
          "symbol": "KAITOUSDT",
          "timeframe": "4h",
          "status": "COMPLETED",
          "total_candles": 200,
          "processed_candles": 168,
          "success_rate": 84.0,
          "timestamp": "2026-01-02T02:49:13.720291"
        }
      ],
      "total_candles": 600,
      "processed_candles": 514,
      "success_rate": 85.66666666666667,
      "timestamp": "2026-01-02T02:49:13.720291"
    },
    {
      "symbol": "LINEAUSDT",
      "status": "COMPLETED",
      "timeframes_processed": 3,
      "timeframe_results": [
        {
          "symbol": "LINEAUSDT",
          "timeframe": "15m",
          "status": "COMPLETED",
          "total_candles": 200,
          "processed_candles": 176,
          "success_rate": 88.0,
          "timestamp": "2026-01-02T02:49:17.281813"
        },
        {
          "symbol": "LINEAUSDT",
          "timeframe": "1h",
          "status": "COMPLETED",
          "total_candles": 200,
          "processed_candles": 170,
          "success_rate": 85.0,
          "timestamp": "2026-01-02T02:49:20.158573"
        },
        {
          "symbol": "LINEAUSDT",
          "timeframe": "4h",
          "status": "COMPLETED",
          "total_candles": 200,
          "processed_candles": 168,
          "success_rate": 84.0,
          "timestamp": "2026-01-02T02:49:22.971285"
        }
      ],
      "total_candles": 600,
      "processed_candles": 514,
      "success_rate": 85.66666666666667,
      "timestamp": "2026-01-02T02:49:22.972285"
    },
    {
      "symbol": "METUSDT",
      "status": "COMPLETED",
      "timeframes_processed": 3,
      "timeframe_results": [
        {
          "symbol": "METUSDT",
          "timeframe": "15m",
          "status": "COMPLETED",
          "total_candles": 200,
          "processed_candles": 176,
          "success_rate": 88.0,
          "timestamp": "2026-01-02T02:49:26.520991"
        },
        {
          "symbol": "METUSDT",
          "timeframe": "1h",
          "status": "COMPLETED",
          "total_candles": 200,
          "processed_candles": 170,
          "success_rate": 85.0,
          "timestamp": "2026-01-02T02:49:29.497983"
        },
        {
          "symbol": "METUSDT",
          "timeframe": "4h",
          "status": "COMPLETED",
          "total_candles": 200,
          "processed_candles": 168,
          "success_rate": 84.0,
          "timestamp": "2026-01-02T02:49:32.305693"
        }
      ],
      "total_candles": 600,
      "processed_candles": 514,
      "success_rate": 85.66666666666667,
      "timestamp": "2026-01-02T02:49:32.305693"
    },
    {
      "symbol": "BERAUSDT",
      "status": "COMPLETED",
      "timeframes_processed": 3,
      "timeframe_results": [
        {
          "symbol": "BERAUSDT",
          "timeframe": "15m",
          "status": "COMPLETED",
          "total_candles": 200,
          "processed_candles": 176,
          "success_rate": 88.0,
          "timestamp": "2026-01-02T02:49:35.539614"
        },
        {
          "symbol": "BERAUSDT",
          "timeframe": "1h",
          "status": "COMPLETED",
          "total_candles": 200,
          "processed_candles": 170,
          "success_rate": 85.0,
          "timestamp": "2026-01-02T02:49:38.477949"
        },
        {
          "symbol": "BERAUSDT",
          "timeframe": "4h",
          "status": "COMPLETED",
          "total_candles": 200,
          "processed_candles": 168,
          "success_rate": 84.0,
          "timestamp": "2026-01-02T02:49:41.154138"
        }
      ],
      "total_candles": 600,
      "processed_candles": 514,
      "success_rate": 85.66666666666667,
      "timestamp": "2026-01-02T02:49:41.155138"
    }
  ],
  "status": "COMPLETED"
}