{
  "block_id": 4,
  "start_time": "2025-12-26T09:26:31.730913",
  "end_time": "2025-12-26T09:28:19.489863",
  "duration_seconds": 107.75895,
  "summary": {
    "total_coins": 39,
    "coins_completed": 39,
    "coins_failed": 0,
    "coins_no_data": 0,
    "total_candles": 7800,
    "processed_candles": 7800,
    "success_rate": 100.0
  },
  "coin_results": [
    {
      "symbol": "SXTUSDT",
      "status": "COMPLETED",
      "total_candles": 200,
      "processed_candles": 200,
      "success_rate": 100.0,
      "timestamp": "2025-12-26T09:26:36.739820"
    },
    {
      "symbol": "SANTOSUSDT",
      "status": "COMPLETED",
      "total_candles": 200,
      "processed_candles": 200,
      "success_rate": 100.0,
      "timestamp": "2025-12-26T09:26:41.030847"
    },
    {
      "symbol": "USDSUSDT",
      "status": "COMPLETED",
      "total_candles": 200,
      "processed_candles": 200,
      "success_rate": 100.0,
      "timestamp": "2025-12-26T09:26:43.403945"
    },
    {
      "symbol": "PORTOUSDT",
      "status": "COMPLETED",
      "total_candles": 200,
      "processed_candles": 200,
      "success_rate": 100.0,
      "timestamp": "2025-12-26T09:26:45.795758"
    },
    {
      "symbol": "ALTUSDT",
      "status": "COMPLETED",
      "total_candles": 200,
      "processed_candles": 200,
      "success_rate": 100.0,
      "timestamp": "2025-12-26T09:26:48.151505"
    },
    {
      "symbol": "JUVUSDT",
      "status": "COMPLETED",
      "total_candles": 200,
      "processed_candles": 200,
      "success_rate": 100.0,
      "timestamp": "2025-12-26T09:26:51.425266"
    },
    {
      "symbol": "KNCUSDT",
      "status": "COMPLETED",
      "total_candles": 200,
      "processed_candles": 200,
      "success_rate": 100.0,
      "timestamp": "2025-12-26T09:26:57.625135"
    },
    {
      "symbol": "CUSDT",
      "status": "COMPLETED",
      "total_candles": 200,
      "processed_candles": 200,
      "success_rate": 100.0,
      "timestamp": "2025-12-26T09:27:02.487843"
    },
    {
      "symbol": "VANRYUSDT",
      "status": "COMPLETED",
      "total_candles": 200,
      "processed_candles": 200,
      "success_rate": 100.0,
      "timestamp": "2025-12-26T09:27:04.613229"
    },
    {
      "symbol": "THETAUSDT",
      "status": "COMPLETED",
      "total_candles": 200,
      "processed_candles": 200,
      "success_rate": 100.0,
      "timestamp": "2025-12-26T09:27:06.577175"
    },
    {
      "symbol": "XPLUSDT",
      "status": "COMPLETED",
      "total_candles": 200,
      "processed_candles": 200,
      "success_rate": 100.0,
      "timestamp": "2025-12-26T09:27:08.881866"
    },
    {
      "symbol": "CVCUSDT",
      "status": "COMPLETED",
      "total_candles": 200,
      "processed_candles": 200,
      "success_rate": 100.0,
      "timestamp": "2025-12-26T09:27:11.020963"
    },
    {
      "symbol": "AEVOUSDT",
      "status": "COMPLETED",
      "total_candles": 200,
      "processed_candles": 200,
      "success_rate": 100.0,
      "timestamp": "2025-12-26T09:27:13.680314"
    },
    {
      "symbol": "GTCUSDT",
      "status": "COMPLETED",
      "total_candles": 200,
      "processed_candles": 200,
      "success_rate": 100.0,
      "timestamp": "2025-12-26T09:27:15.871903"
    },
    {
      "symbol": "MBLUSDT",
      "status": "COMPLETED",
      "total_candles": 200,
      "processed_candles": 200,
      "success_rate": 100.0,
      "timestamp": "2025-12-26T09:27:18.249534"
    },
    {
      "symbol": "DEXEUSDT",
      "status": "COMPLETED",
      "total_candles": 200,
      "processed_candles": 200,
      "success_rate": 100.0,
      "timestamp": "2025-12-26T09:27:20.691765"
    },
    {
      "symbol": "BALUSDT",
      "status": "COMPLETED",
      "total_candles": 200,
      "processed_candles": 200,
      "success_rate": 100.0,
      "timestamp": "2025-12-26T09:27:22.876670"
    },
    {
      "symbol": "TOWNSUSDT",
      "status": "COMPLETED",
      "total_candles": 200,
      "processed_candles": 200,
      "success_rate": 100.0,
      "timestamp": "2025-12-26T09:27:25.042174"
    },
    {
      "symbol": "HOLOUSDT",
      "status": "COMPLETED",
      "total_candles": 200,
      "processed_candles": 200,
      "success_rate": 100.0,
      "timestamp": "2025-12-26T09:27:27.985223"
    },
    {
      "symbol": "BANANAUSDT",
      "status": "COMPLETED",
      "total_candles": 200,
      "processed_candles": 200,
      "success_rate": 100.0,
      "timestamp": "2025-12-26T09:27:33.425155"
    },
    {
      "symbol": "SAGAUSDT",
      "status": "COMPLETED",
      "total_candles": 200,
      "processed_candles": 200,
      "success_rate": 100.0,
      "timestamp": "2025-12-26T09:27:36.153682"
    },
    {
      "symbol": "ALLOUSDT",
      "status": "COMPLETED",
      "total_candles": 200,
      "processed_candles": 200,
      "success_rate": 100.0,
      "timestamp": "2025-12-26T09:27:38.297699"
    },
    {
      "symbol": "MDTUSDT",
      "status": "COMPLETED",
      "total_candles": 200,
      "processed_candles": 200,
      "success_rate": 100.0,
      "timestamp": "2025-12-26T09:27:40.339305"
    },
    {
      "symbol": "HNTUSDT",
      "status": "COMPLETED",
      "total_candles": 200,
      "processed_candles": 200,
      "success_rate": 100.0,
      "timestamp": "2025-12-26T09:27:42.466006"
    },
    {
      "symbol": "SNXUSDT",
      "status": "COMPLETED",
      "total_candles": 200,
      "processed_candles": 200,
      "success_rate": 100.0,
      "timestamp": "2025-12-26T09:27:44.505368"
    },
    {
      "symbol": "OSMOUSDT",
      "status": "COMPLETED",
      "total_candles": 200,
      "processed_candles": 200,
      "success_rate": 100.0,
      "timestamp": "2025-12-26T09:27:46.764558"
    },
    {
      "symbol": "OPENUSDT",
      "status": "COMPLETED",
      "total_candles": 200,
      "processed_candles": 200,
      "success_rate": 100.0,
      "timestamp": "2025-12-26T09:27:48.846719"
    },
    {
      "symbol": "LSKUSDT",
      "status": "COMPLETED",
      "total_candles": 200,
      "processed_candles": 200,
      "success_rate": 100.0,
      "timestamp": "2025-12-26T09:27:51.080474"
    },
    {
      "symbol": "SYNUSDT",
      "status": "COMPLETED",
      "total_candles": 200,
      "processed_candles": 200,
      "success_rate": 100.0,
      "timestamp": "2025-12-26T09:27:53.094815"
    },
    {
      "symbol": "DATAUSDT",
      "status": "COMPLETED",
      "total_candles": 200,
      "processed_candles": 200,
      "success_rate": 100.0,
      "timestamp": "2025-12-26T09:27:55.195080"
    },
    {
      "symbol": "WLFIUSDT",
      "status": "COMPLETED",
      "total_candles": 200,
      "processed_candles": 200,
      "success_rate": 100.0,
      "timestamp": "2025-12-26T09:27:57.517261"
    },
    {
      "symbol": "PHBUSDT",
      "status": "COMPLETED",
      "total_candles": 200,
      "processed_candles": 200,
      "success_rate": 100.0,
      "timestamp": "2025-12-26T09:28:00.084622"
    },
    {
      "symbol": "AVNTUSDT",
      "status": "COMPLETED",
      "total_candles": 200,
      "processed_candles": 200,
      "success_rate": 100.0,
      "timestamp": "2025-12-26T09:28:03.011433"
    },
    {
      "symbol": "PUNDIXUSDT",
      "status": "COMPLETED",
      "total_candles": 200,
      "processed_candles": 200,
      "success_rate": 100.0,
      "timestamp": "2025-12-26T09:28:05.333235"
    },
    {
      "symbol": "IOUSDT",
      "status": "COMPLETED",
      "total_candles": 200,
      "processed_candles": 200,
      "success_rate": 100.0,
      "timestamp": "2025-12-26T09:28:09.585497"
    },
    {
      "symbol": "AVAUSDT",
      "status": "COMPLETED",
      "total_candles": 200,
      "processed_candles": 200,
      "success_rate": 100.0,
      "timestamp": "2025-12-26T09:28:13.111981"
    },
    {
      "symbol": "ZECUSDT",
      "status": "COMPLETED",
      "total_candles": 200,
      "processed_candles": 200,
      "success_rate": 100.0,
      "timestamp": "2025-12-26T09:28:15.181667"
    },
    {
      "symbol": "GHSTUSDT",
      "status": "COMPLETED",
      "total_candles": 200,
      "processed_candles": 200,
      "success_rate": 100.0,
      "timestamp": "2025-12-26T09:28:17.390408"
    },
    {
      "symbol": "GASUSDT",
      "status": "COMPLETED",
      "total_candles": 200,
      "processed_candles": 200,
      "success_rate": 100.0,
      "timestamp": "2025-12-26T09:28:19.489863"
    }
  ],
  "status": "COMPLETED"
}