{
  "block_id": 2,
  "start_time": "2026-01-03T04:16:09.872128",
  "end_time": "2026-01-03T04:19:40.000085",
  "duration_seconds": 210.127957,
  "summary": {
    "total_coins": 20,
    "coins_completed": 20,
    "coins_failed": 0,
    "coins_no_data": 0,
    "total_candles": 12000,
    "processed_candles": 9632,
    "success_rate": 80.26666666666667
  },
  "coin_results": [
    {
      "symbol": "FTMUSDT",
      "status": "COMPLETED",
      "timeframes_processed": 3,
      "timeframe_results": [
        {
          "symbol": "FTMUSDT",
          "timeframe": "15m",
          "status": "COMPLETED",
          "total_candles": 200,
          "processed_candles": 176,
          "success_rate": 88.0,
          "timestamp": "2026-01-03T04:16:13.225303"
        },
        {
          "symbol": "FTMUSDT",
          "timeframe": "1h",
          "status": "COMPLETED",
          "total_candles": 200,
          "processed_candles": 170,
          "success_rate": 85.0,
          "timestamp": "2026-01-03T04:16:19.880000"
        },
        {
          "symbol": "FTMUSDT",
          "timeframe": "4h",
          "status": "COMPLETED",
          "total_candles": 200,
          "processed_candles": 169,
          "success_rate": 84.5,
          "timestamp": "2026-01-03T04:16:25.087842"
        }
      ],
      "total_candles": 600,
      "processed_candles": 515,
      "success_rate": 85.83333333333333,
      "timestamp": "2026-01-03T04:16:25.103369"
    },
    {
      "symbol": "LITUSDT",
      "status": "COMPLETED",
      "timeframes_processed": 3,
      "timeframe_results": [
        {
          "symbol": "LITUSDT",
          "timeframe": "15m",
          "status": "COMPLETED",
          "total_candles": 200,
          "processed_candles": 176,
          "success_rate": 88.0,
          "timestamp": "2026-01-03T04:16:29.902507"
        },
        {
          "symbol": "LITUSDT",
          "timeframe": "1h",
          "status": "COMPLETED",
          "total_candles": 200,
          "processed_candles": 170,
          "success_rate": 85.0,
          "timestamp": "2026-01-03T04:16:33.315328"
        },
        {
          "symbol": "LITUSDT",
          "timeframe": "4h",
          "status": "COMPLETED",
          "total_candles": 200,
          "processed_candles": 169,
          "success_rate": 84.5,
          "timestamp": "2026-01-03T04:16:36.960716"
        }
      ],
      "total_candles": 600,
      "processed_candles": 515,
      "success_rate": 85.83333333333333,
      "timestamp": "2026-01-03T04:16:36.961714"
    },
    {
      "symbol": "ERNUSDT",
      "status": "COMPLETED",
      "timeframes_processed": 3,
      "timeframe_results": [
        {
          "symbol": "ERNUSDT",
          "timeframe": "15m",
          "status": "COMPLETED",
          "total_candles": 200,
          "processed_candles": 176,
          "success_rate": 88.0,
          "timestamp": "2026-01-03T04:16:41.110138"
        },
        {
          "symbol": "ERNUSDT",
          "timeframe": "1h",
          "status": "COMPLETED",
          "total_candles": 200,
          "processed_candles": 170,
          "success_rate": 85.0,
          "timestamp": "2026-01-03T04:16:44.752104"
        },
        {
          "symbol": "ERNUSDT",
          "timeframe": "4h",
          "status": "COMPLETED",
          "total_candles": 200,
          "processed_candles": 169,
          "success_rate": 84.5,
          "timestamp": "2026-01-03T04:16:48.968196"
        }
      ],
      "total_candles": 600,
      "processed_candles": 515,
      "success_rate": 85.83333333333333,
      "timestamp": "2026-01-03T04:16:48.969194"
    },
    {
      "symbol": "BNXUSDT",
      "status": "COMPLETED",
      "timeframes_processed": 3,
      "timeframe_results": [
        {
          "symbol": "BNXUSDT",
          "timeframe": "15m",
          "status": "COMPLETED",
          "total_candles": 200,
          "processed_candles": 176,
          "success_rate": 88.0,
          "timestamp": "2026-01-03T04:16:53.272912"
        },
        {
          "symbol": "BNXUSDT",
          "timeframe": "1h",
          "status": "COMPLETED",
          "total_candles": 200,
          "processed_candles": 170,
          "success_rate": 85.0,
          "timestamp": "2026-01-03T04:16:57.304878"
        },
        {
          "symbol": "BNXUSDT",
          "timeframe": "4h",
          "status": "COMPLETED",
          "total_candles": 200,
          "processed_candles": 169,
          "success_rate": 84.5,
          "timestamp": "2026-01-03T04:17:02.966987"
        }
      ],
      "total_candles": 600,
      "processed_candles": 515,
      "success_rate": 85.83333333333333,
      "timestamp": "2026-01-03T04:17:02.966987"
    },
    {
      "symbol": "ELFUSDT",
      "status": "COMPLETED",
      "timeframes_processed": 3,
      "timeframe_results": [
        {
          "symbol": "ELFUSDT",
          "timeframe": "15m",
          "status": "COMPLETED",
          "total_candles": 200,
          "processed_candles": 176,
          "success_rate": 88.0,
          "timestamp": "2026-01-03T04:17:06.679218"
        },
        {
          "symbol": "ELFUSDT",
          "timeframe": "1h",
          "status": "COMPLETED",
          "total_candles": 200,
          "processed_candles": 170,
          "success_rate": 85.0,
          "timestamp": "2026-01-03T04:17:10.330355"
        },
        {
          "symbol": "ELFUSDT",
          "timeframe": "4h",
          "status": "COMPLETED",
          "total_candles": 200,
          "processed_candles": 169,
          "success_rate": 84.5,
          "timestamp": "2026-01-03T04:17:13.366606"
        }
      ],
      "total_candles": 600,
      "processed_candles": 515,
      "success_rate": 85.83333333333333,
      "timestamp": "2026-01-03T04:17:13.366606"
    },
    {
      "symbol": "EOSUSDT",
      "status": "COMPLETED",
      "timeframes_processed": 3,
      "timeframe_results": [
        {
          "symbol": "EOSUSDT",
          "timeframe": "15m",
          "status": "COMPLETED",
          "total_candles": 200,
          "processed_candles": 176,
          "success_rate": 88.0,
          "timestamp": "2026-01-03T04:17:17.274870"
        },
        {
          "symbol": "EOSUSDT",
          "timeframe": "1h",
          "status": "COMPLETED",
          "total_candles": 200,
          "processed_candles": 170,
          "success_rate": 85.0,
          "timestamp": "2026-01-03T04:17:20.295906"
        },
        {
          "symbol": "EOSUSDT",
          "timeframe": "4h",
          "status": "COMPLETED",
          "total_candles": 200,
          "processed_candles": 169,
          "success_rate": 84.5,
          "timestamp": "2026-01-03T04:17:23.315067"
        }
      ],
      "total_candles": 600,
      "processed_candles": 515,
      "success_rate": 85.83333333333333,
      "timestamp": "2026-01-03T04:17:23.315067"
    },
    {
      "symbol": "LOKAUSDT",
      "status": "COMPLETED",
      "timeframes_processed": 3,
      "timeframe_results": [
        {
          "symbol": "LOKAUSDT",
          "timeframe": "15m",
          "status": "COMPLETED",
          "total_candles": 200,
          "processed_candles": 176,
          "success_rate": 88.0,
          "timestamp": "2026-01-03T04:17:27.181707"
        },
        {
          "symbol": "LOKAUSDT",
          "timeframe": "1h",
          "status": "COMPLETED",
          "total_candles": 200,
          "processed_candles": 170,
          "success_rate": 85.0,
          "timestamp": "2026-01-03T04:17:30.179085"
        },
        {
          "symbol": "LOKAUSDT",
          "timeframe": "4h",
          "status": "COMPLETED",
          "total_candles": 200,
          "processed_candles": 169,
          "success_rate": 84.5,
          "timestamp": "2026-01-03T04:17:33.147728"
        }
      ],
      "total_candles": 600,
      "processed_candles": 515,
      "success_rate": 85.83333333333333,
      "timestamp": "2026-01-03T04:17:33.148728"
    },
    {
      "symbol": "HIFIUSDT",
      "status": "COMPLETED",
      "timeframes_processed": 3,
      "timeframe_results": [
        {
          "symbol": "HIFIUSDT",
          "timeframe": "15m",
          "status": "COMPLETED",
          "total_candles": 200,
          "processed_candles": 176,
          "success_rate": 88.0,
          "timestamp": "2026-01-03T04:17:36.882120"
        },
        {
          "symbol": "HIFIUSDT",
          "timeframe": "1h",
          "status": "COMPLETED",
          "total_candles": 200,
          "processed_candles": 163,
          "success_rate": 81.5,
          "timestamp": "2026-01-03T04:17:39.764401"
        },
        {
          "symbol": "HIFIUSDT",
          "timeframe": "4h",
          "status": "COMPLETED",
          "total_candles": 200,
          "processed_candles": 167,
          "success_rate": 83.5,
          "timestamp": "2026-01-03T04:17:42.664644"
        }
      ],
      "total_candles": 600,
      "processed_candles": 506,
      "success_rate": 84.33333333333334,
      "timestamp": "2026-01-03T04:17:42.665642"
    },
    {
      "symbol": "BAKEUSDT",
      "status": "COMPLETED",
      "timeframes_processed": 3,
      "timeframe_results": [
        {
          "symbol": "BAKEUSDT",
          "timeframe": "15m",
          "status": "COMPLETED",
          "total_candles": 200,
          "processed_candles": 176,
          "success_rate": 88.0,
          "timestamp": "2026-01-03T04:17:46.435874"
        },
        {
          "symbol": "BAKEUSDT",
          "timeframe": "1h",
          "status": "COMPLETED",
          "total_candles": 200,
          "processed_candles": 162,
          "success_rate": 81.0,
          "timestamp": "2026-01-03T04:17:49.320780"
        },
        {
          "symbol": "BAKEUSDT",
          "timeframe": "4h",
          "status": "COMPLETED",
          "total_candles": 200,
          "processed_candles": 167,
          "success_rate": 83.5,
          "timestamp": "2026-01-03T04:17:52.410753"
        }
      ],
      "total_candles": 600,
      "processed_candles": 505,
      "success_rate": 84.16666666666667,
      "timestamp": "2026-01-03T04:17:52.411277"
    },
    {
      "symbol": "OMNIUSDT",
      "status": "COMPLETED",
      "timeframes_processed": 3,
      "timeframe_results": [
        {
          "symbol": "OMNIUSDT",
          "timeframe": "15m",
          "status": "COMPLETED",
          "total_candles": 200,
          "processed_candles": 176,
          "success_rate": 88.0,
          "timestamp": "2026-01-03T04:17:56.028459"
        },
        {
          "symbol": "OMNIUSDT",
          "timeframe": "1h",
          "status": "COMPLETED",
          "total_candles": 200,
          "processed_candles": 170,
          "success_rate": 85.0,
          "timestamp": "2026-01-03T04:17:58.947524"
        },
        {
          "symbol": "OMNIUSDT",
          "timeframe": "4h",
          "status": "COMPLETED",
          "total_candles": 200,
          "processed_candles": 169,
          "success_rate": 84.5,
          "timestamp": "2026-01-03T04:18:01.848264"
        }
      ],
      "total_candles": 600,
      "processed_candles": 515,
      "success_rate": 85.83333333333333,
      "timestamp": "2026-01-03T04:18:01.849260"
    },
    {
      "symbol": "VOXELUSDT",
      "status": "COMPLETED",
      "timeframes_processed": 3,
      "timeframe_results": [
        {
          "symbol": "VOXELUSDT",
          "timeframe": "15m",
          "status": "COMPLETED",
          "total_candles": 200,
          "processed_candles": 176,
          "success_rate": 88.0,
          "timestamp": "2026-01-03T04:18:05.733880"
        },
        {
          "symbol": "VOXELUSDT",
          "timeframe": "1h",
          "status": "COMPLETED",
          "total_candles": 200,
          "processed_candles": 170,
          "success_rate": 85.0,
          "timestamp": "2026-01-03T04:18:09.919458"
        },
        {
          "symbol": "VOXELUSDT",
          "timeframe": "4h",
          "status": "COMPLETED",
          "total_candles": 200,
          "processed_candles": 169,
          "success_rate": 84.5,
          "timestamp": "2026-01-03T04:18:13.073506"
        }
      ],
      "total_candles": 600,
      "processed_candles": 515,
      "success_rate": 85.83333333333333,
      "timestamp": "2026-01-03T04:18:13.074505"
    },
    {
      "symbol": "FISUSDT",
      "status": "COMPLETED",
      "timeframes_processed": 3,
      "timeframe_results": [
        {
          "symbol": "FISUSDT",
          "timeframe": "15m",
          "status": "COMPLETED",
          "total_candles": 200,
          "processed_candles": 176,
          "success_rate": 88.0,
          "timestamp": "2026-01-03T04:18:16.684162"
        },
        {
          "symbol": "FISUSDT",
          "timeframe": "1h",
          "status": "COMPLETED",
          "total_candles": 200,
          "processed_candles": 170,
          "success_rate": 85.0,
          "timestamp": "2026-01-03T04:18:19.907189"
        },
        {
          "symbol": "FISUSDT",
          "timeframe": "4h",
          "status": "COMPLETED",
          "total_candles": 200,
          "processed_candles": 169,
          "success_rate": 84.5,
          "timestamp": "2026-01-03T04:18:23.249182"
        }
      ],
      "total_candles": 600,
      "processed_candles": 515,
      "success_rate": 85.83333333333333,
      "timestamp": "2026-01-03T04:18:23.249182"
    },
    {
      "symbol": "REIUSDT",
      "status": "COMPLETED",
      "timeframes_processed": 3,
      "timeframe_results": [
        {
          "symbol": "REIUSDT",
          "timeframe": "15m",
          "status": "COMPLETED",
          "total_candles": 200,
          "processed_candles": 176,
          "success_rate": 88.0,
          "timestamp": "2026-01-03T04:18:27.864936"
        },
        {
          "symbol": "REIUSDT",
          "timeframe": "1h",
          "status": "COMPLETED",
          "total_candles": 200,
          "processed_candles": 170,
          "success_rate": 85.0,
          "timestamp": "2026-01-03T04:18:32.696983"
        },
        {
          "symbol": "REIUSDT",
          "timeframe": "4h",
          "status": "COMPLETED",
          "total_candles": 200,
          "processed_candles": 169,
          "success_rate": 84.5,
          "timestamp": "2026-01-03T04:18:35.694379"
        }
      ],
      "total_candles": 600,
      "processed_candles": 515,
      "success_rate": 85.83333333333333,
      "timestamp": "2026-01-03T04:18:35.694379"
    },
    {
      "symbol": "ETHUSDT",
      "status": "COMPLETED",
      "timeframes_processed": 3,
      "timeframe_results": [
        {
          "symbol": "ETHUSDT",
          "timeframe": "15m",
          "status": "COMPLETED",
          "total_candles": 200,
          "processed_candles": 63,
          "success_rate": 31.5,
          "timestamp": "2026-01-03T04:18:37.750031"
        },
        {
          "symbol": "ETHUSDT",
          "timeframe": "1h",
          "status": "COMPLETED",
          "total_candles": 200,
          "processed_candles": 16,
          "success_rate": 8.0,
          "timestamp": "2026-01-03T04:18:38.863029"
        },
        {
          "symbol": "ETHUSDT",
          "timeframe": "4h",
          "status": "COMPLETED",
          "total_candles": 200,
          "processed_candles": 4,
          "success_rate": 2.0,
          "timestamp": "2026-01-03T04:18:39.562487"
        }
      ],
      "total_candles": 600,
      "processed_candles": 83,
      "success_rate": 13.833333333333334,
      "timestamp": "2026-01-03T04:18:39.563490"
    },
    {
      "symbol": "ZECUSDT",
      "status": "COMPLETED",
      "timeframes_processed": 3,
      "timeframe_results": [
        {
          "symbol": "ZECUSDT",
          "timeframe": "15m",
          "status": "COMPLETED",
          "total_candles": 200,
          "processed_candles": 156,
          "success_rate": 78.0,
          "timestamp": "2026-01-03T04:18:43.045305"
        },
        {
          "symbol": "ZECUSDT",
          "timeframe": "1h",
          "status": "COMPLETED",
          "total_candles": 200,
          "processed_candles": 116,
          "success_rate": 57.99999999999999,
          "timestamp": "2026-01-03T04:18:45.576536"
        },
        {
          "symbol": "ZECUSDT",
          "timeframe": "4h",
          "status": "COMPLETED",
          "total_candles": 200,
          "processed_candles": 30,
          "success_rate": 15.0,
          "timestamp": "2026-01-03T04:18:46.736805"
        }
      ],
      "total_candles": 600,
      "processed_candles": 302,
      "success_rate": 50.33333333333333,
      "timestamp": "2026-01-03T04:18:46.737806"
    },
    {
      "symbol": "XLMUSDT",
      "status": "COMPLETED",
      "timeframes_processed": 3,
      "timeframe_results": [
        {
          "symbol": "XLMUSDT",
          "timeframe": "15m",
          "status": "COMPLETED",
          "total_candles": 200,
          "processed_candles": 176,
          "success_rate": 88.0,
          "timestamp": "2026-01-03T04:18:50.522745"
        },
        {
          "symbol": "XLMUSDT",
          "timeframe": "1h",
          "status": "COMPLETED",
          "total_candles": 200,
          "processed_candles": 170,
          "success_rate": 85.0,
          "timestamp": "2026-01-03T04:18:53.654891"
        },
        {
          "symbol": "XLMUSDT",
          "timeframe": "4h",
          "status": "COMPLETED",
          "total_candles": 200,
          "processed_candles": 168,
          "success_rate": 84.0,
          "timestamp": "2026-01-03T04:18:57.123257"
        }
      ],
      "total_candles": 600,
      "processed_candles": 514,
      "success_rate": 85.66666666666667,
      "timestamp": "2026-01-03T04:18:57.124257"
    },
    {
      "symbol": "LTCUSDT",
      "status": "COMPLETED",
      "timeframes_processed": 3,
      "timeframe_results": [
        {
          "symbol": "LTCUSDT",
          "timeframe": "15m",
          "status": "COMPLETED",
          "total_candles": 200,
          "processed_candles": 176,
          "success_rate": 88.0,
          "timestamp": "2026-01-03T04:19:01.061573"
        },
        {
          "symbol": "LTCUSDT",
          "timeframe": "1h",
          "status": "COMPLETED",
          "total_candles": 200,
          "processed_candles": 170,
          "success_rate": 85.0,
          "timestamp": "2026-01-03T04:19:04.223369"
        },
        {
          "symbol": "LTCUSDT",
          "timeframe": "4h",
          "status": "COMPLETED",
          "total_candles": 200,
          "processed_candles": 168,
          "success_rate": 84.0,
          "timestamp": "2026-01-03T04:19:07.583424"
        }
      ],
      "total_candles": 600,
      "processed_candles": 514,
      "success_rate": 85.66666666666667,
      "timestamp": "2026-01-03T04:19:07.584425"
    },
    {
      "symbol": "SUIUSDT",
      "status": "COMPLETED",
      "timeframes_processed": 3,
      "timeframe_results": [
        {
          "symbol": "SUIUSDT",
          "timeframe": "15m",
          "status": "COMPLETED",
          "total_candles": 200,
          "processed_candles": 176,
          "success_rate": 88.0,
          "timestamp": "2026-01-03T04:19:11.422580"
        },
        {
          "symbol": "SUIUSDT",
          "timeframe": "1h",
          "status": "COMPLETED",
          "total_candles": 200,
          "processed_candles": 170,
          "success_rate": 85.0,
          "timestamp": "2026-01-03T04:19:14.545563"
        },
        {
          "symbol": "SUIUSDT",
          "timeframe": "4h",
          "status": "COMPLETED",
          "total_candles": 200,
          "processed_candles": 169,
          "success_rate": 84.5,
          "timestamp": "2026-01-03T04:19:17.838804"
        }
      ],
      "total_candles": 600,
      "processed_candles": 515,
      "success_rate": 85.83333333333333,
      "timestamp": "2026-01-03T04:19:17.838804"
    },
    {
      "symbol": "HBARUSDT",
      "status": "COMPLETED",
      "timeframes_processed": 3,
      "timeframe_results": [
        {
          "symbol": "HBARUSDT",
          "timeframe": "15m",
          "status": "COMPLETED",
          "total_candles": 200,
          "processed_candles": 176,
          "success_rate": 88.0,
          "timestamp": "2026-01-03T04:19:21.514763"
        },
        {
          "symbol": "HBARUSDT",
          "timeframe": "1h",
          "status": "COMPLETED",
          "total_candles": 200,
          "processed_candles": 170,
          "success_rate": 85.0,
          "timestamp": "2026-01-03T04:19:25.051039"
        },
        {
          "symbol": "HBARUSDT",
          "timeframe": "4h",
          "status": "COMPLETED",
          "total_candles": 200,
          "processed_candles": 168,
          "success_rate": 84.0,
          "timestamp": "2026-01-03T04:19:28.597876"
        }
      ],
      "total_candles": 600,
      "processed_candles": 514,
      "success_rate": 85.66666666666667,
      "timestamp": "2026-01-03T04:19:28.598405"
    },
    {
      "symbol": "UNIUSDT",
      "status": "COMPLETED",
      "timeframes_processed": 3,
      "timeframe_results": [
        {
          "symbol": "UNIUSDT",
          "timeframe": "15m",
          "status": "COMPLETED",
          "total_candles": 200,
          "processed_candles": 176,
          "success_rate": 88.0,
          "timestamp": "2026-01-03T04:19:32.721210"
        },
        {
          "symbol": "UNIUSDT",
          "timeframe": "1h",
          "status": "COMPLETED",
          "total_candles": 200,
          "processed_candles": 170,
          "success_rate": 85.0,
          "timestamp": "2026-01-03T04:19:36.236617"
        },
        {
          "symbol": "UNIUSDT",
          "timeframe": "4h",
          "status": "COMPLETED",
          "total_candles": 200,
          "processed_candles": 168,
          "success_rate": 84.0,
          "timestamp": "2026-01-03T04:19:39.993956"
        }
      ],
      "total_candles": 600,
      "processed_candles": 514,
      "success_rate": 85.66666666666667,
      "timestamp": "2026-01-03T04:19:40.000085"
    }
  ],
  "status": "COMPLETED"
}