{
  "block_id": 5,
  "start_time": "2025-12-25T22:45:35.711642",
  "end_time": "2025-12-25T22:46:57.391859",
  "duration_seconds": 81.680217,
  "summary": {
    "total_coins": 41,
    "coins_completed": 38,
    "coins_failed": 0,
    "coins_no_data": 3,
    "total_candles": 7600,
    "processed_candles": 7600,
    "success_rate": 100.0
  },
  "coin_results": [
    {
      "symbol": "KSMUSDT",
      "status": "COMPLETED",
      "total_candles": 200,
      "processed_candles": 200,
      "success_rate": 100.0,
      "timestamp": "2025-12-25T22:45:37.384100"
    },
    {
      "symbol": "ETH+USDT",
      "status": "NO_DATA",
      "processed": 0
    },
    {
      "symbol": "DUSDT",
      "status": "COMPLETED",
      "total_candles": 200,
      "processed_candles": 200,
      "success_rate": 100.0,
      "timestamp": "2025-12-25T22:45:39.404777"
    },
    {
      "symbol": "SANDUSDT",
      "status": "COMPLETED",
      "total_candles": 200,
      "processed_candles": 200,
      "success_rate": 100.0,
      "timestamp": "2025-12-25T22:45:41.352831"
    },
    {
      "symbol": "NEOUSDT",
      "status": "COMPLETED",
      "total_candles": 200,
      "processed_candles": 200,
      "success_rate": 100.0,
      "timestamp": "2025-12-25T22:45:43.285617"
    },
    {
      "symbol": "TREEUSDT",
      "status": "COMPLETED",
      "total_candles": 200,
      "processed_candles": 200,
      "success_rate": 100.0,
      "timestamp": "2025-12-25T22:45:45.244108"
    },
    {
      "symbol": "BABYUSDT",
      "status": "COMPLETED",
      "total_candles": 200,
      "processed_candles": 200,
      "success_rate": 100.0,
      "timestamp": "2025-12-25T22:45:47.200291"
    },
    {
      "symbol": "AVICIUSDT",
      "status": "NO_DATA",
      "processed": 0
    },
    {
      "symbol": "MIRAUSDT",
      "status": "COMPLETED",
      "total_candles": 200,
      "processed_candles": 200,
      "success_rate": 100.0,
      "timestamp": "2025-12-25T22:45:49.262741"
    },
    {
      "symbol": "SOPHUSDT",
      "status": "COMPLETED",
      "total_candles": 200,
      "processed_candles": 200,
      "success_rate": 100.0,
      "timestamp": "2025-12-25T22:45:51.276874"
    },
    {
      "symbol": "LINKUSDT",
      "status": "COMPLETED",
      "total_candles": 200,
      "processed_candles": 200,
      "success_rate": 100.0,
      "timestamp": "2025-12-25T22:45:53.129534"
    },
    {
      "symbol": "IOTXUSDT",
      "status": "COMPLETED",
      "total_candles": 200,
      "processed_candles": 200,
      "success_rate": 100.0,
      "timestamp": "2025-12-25T22:45:55.037485"
    },
    {
      "symbol": "LUNAUSDT",
      "status": "COMPLETED",
      "total_candles": 200,
      "processed_candles": 200,
      "success_rate": 100.0,
      "timestamp": "2025-12-25T22:45:56.982061"
    },
    {
      "symbol": "MANTAUSDT",
      "status": "COMPLETED",
      "total_candles": 200,
      "processed_candles": 200,
      "success_rate": 100.0,
      "timestamp": "2025-12-25T22:45:58.909023"
    },
    {
      "symbol": "TOWNSUSDT",
      "status": "COMPLETED",
      "total_candles": 200,
      "processed_candles": 200,
      "success_rate": 100.0,
      "timestamp": "2025-12-25T22:46:00.837685"
    },
    {
      "symbol": "TRUMPUSDT",
      "status": "COMPLETED",
      "total_candles": 200,
      "processed_candles": 200,
      "success_rate": 100.0,
      "timestamp": "2025-12-25T22:46:02.763669"
    },
    {
      "symbol": "AVAUSDT",
      "status": "COMPLETED",
      "total_candles": 200,
      "processed_candles": 200,
      "success_rate": 100.0,
      "timestamp": "2025-12-25T22:46:04.756038"
    },
    {
      "symbol": "ZROUSDT",
      "status": "COMPLETED",
      "total_candles": 200,
      "processed_candles": 200,
      "success_rate": 100.0,
      "timestamp": "2025-12-25T22:46:06.749508"
    },
    {
      "symbol": "WALUSDT",
      "status": "COMPLETED",
      "total_candles": 200,
      "processed_candles": 200,
      "success_rate": 100.0,
      "timestamp": "2025-12-25T22:46:08.655975"
    },
    {
      "symbol": "JSTUSDT",
      "status": "COMPLETED",
      "total_candles": 200,
      "processed_candles": 200,
      "success_rate": 100.0,
      "timestamp": "2025-12-25T22:46:11.140690"
    },
    {
      "symbol": "CVXUSDT",
      "status": "COMPLETED",
      "total_candles": 200,
      "processed_candles": 200,
      "success_rate": 100.0,
      "timestamp": "2025-12-25T22:46:14.499179"
    },
    {
      "symbol": "TUSDUSDT",
      "status": "COMPLETED",
      "total_candles": 200,
      "processed_candles": 200,
      "success_rate": 100.0,
      "timestamp": "2025-12-25T22:46:17.926045"
    },
    {
      "symbol": "REZUSDT",
      "status": "COMPLETED",
      "total_candles": 200,
      "processed_candles": 200,
      "success_rate": 100.0,
      "timestamp": "2025-12-25T22:46:20.443008"
    },
    {
      "symbol": "FIROUSDT",
      "status": "COMPLETED",
      "total_candles": 200,
      "processed_candles": 200,
      "success_rate": 100.0,
      "timestamp": "2025-12-25T22:46:22.491369"
    },
    {
      "symbol": "TSTUSDT",
      "status": "COMPLETED",
      "total_candles": 200,
      "processed_candles": 200,
      "success_rate": 100.0,
      "timestamp": "2025-12-25T22:46:24.444730"
    },
    {
      "symbol": "MORPHOUSDT",
      "status": "COMPLETED",
      "total_candles": 200,
      "processed_candles": 200,
      "success_rate": 100.0,
      "timestamp": "2025-12-25T22:46:26.420617"
    },
    {
      "symbol": "OXTUSDT",
      "status": "COMPLETED",
      "total_candles": 200,
      "processed_candles": 200,
      "success_rate": 100.0,
      "timestamp": "2025-12-25T22:46:28.478318"
    },
    {
      "symbol": "GHSTUSDT",
      "status": "COMPLETED",
      "total_candles": 200,
      "processed_candles": 200,
      "success_rate": 100.0,
      "timestamp": "2025-12-25T22:46:30.516117"
    },
    {
      "symbol": "SADUSDT",
      "status": "NO_DATA",
      "processed": 0
    },
    {
      "symbol": "SCUSDT",
      "status": "COMPLETED",
      "total_candles": 200,
      "processed_candles": 200,
      "success_rate": 100.0,
      "timestamp": "2025-12-25T22:46:32.729938"
    },
    {
      "symbol": "RVNUSDT",
      "status": "COMPLETED",
      "total_candles": 200,
      "processed_candles": 200,
      "success_rate": 100.0,
      "timestamp": "2025-12-25T22:46:34.777756"
    },
    {
      "symbol": "SUIUSDT",
      "status": "COMPLETED",
      "total_candles": 200,
      "processed_candles": 200,
      "success_rate": 100.0,
      "timestamp": "2025-12-25T22:46:37.533919"
    },
    {
      "symbol": "SKYUSDT",
      "status": "COMPLETED",
      "total_candles": 200,
      "processed_candles": 200,
      "success_rate": 100.0,
      "timestamp": "2025-12-25T22:46:41.681949"
    },
    {
      "symbol": "XTZUSDT",
      "status": "COMPLETED",
      "total_candles": 200,
      "processed_candles": 200,
      "success_rate": 100.0,
      "timestamp": "2025-12-25T22:46:43.612542"
    },
    {
      "symbol": "PROMUSDT",
      "status": "COMPLETED",
      "total_candles": 200,
      "processed_candles": 200,
      "success_rate": 100.0,
      "timestamp": "2025-12-25T22:46:45.574629"
    },
    {
      "symbol": "GPSUSDT",
      "status": "COMPLETED",
      "total_candles": 200,
      "processed_candles": 200,
      "success_rate": 100.0,
      "timestamp": "2025-12-25T22:46:47.544895"
    },
    {
      "symbol": "BATUSDT",
      "status": "COMPLETED",
      "total_candles": 200,
      "processed_candles": 200,
      "success_rate": 100.0,
      "timestamp": "2025-12-25T22:46:49.570353"
    },
    {
      "symbol": "BCHUSDT",
      "status": "COMPLETED",
      "total_candles": 200,
      "processed_candles": 200,
      "success_rate": 100.0,
      "timestamp": "2025-12-25T22:46:51.516528"
    },
    {
      "symbol": "WIFUSDT",
      "status": "COMPLETED",
      "total_candles": 200,
      "processed_candles": 200,
      "success_rate": 100.0,
      "timestamp": "2025-12-25T22:46:53.469669"
    },
    {
      "symbol": "SANTOSUSDT",
      "status": "COMPLETED",
      "total_candles": 200,
      "processed_candles": 200,
      "success_rate": 100.0,
      "timestamp": "2025-12-25T22:46:55.477258"
    },
    {
      "symbol": "API3USDT",
      "status": "COMPLETED",
      "total_candles": 200,
      "processed_candles": 200,
      "success_rate": 100.0,
      "timestamp": "2025-12-25T22:46:57.390859"
    }
  ],
  "status": "COMPLETED"
}