{
  "block_id": 3,
  "start_time": "2025-12-24T14:58:34.006514",
  "end_time": "2025-12-24T15:00:26.765868",
  "duration_seconds": 112.759354,
  "summary": {
    "total_coins": 45,
    "coins_completed": 45,
    "coins_failed": 0,
    "coins_no_data": 0,
    "total_candles": 9000,
    "processed_candles": 9000,
    "success_rate": 100.0
  },
  "coin_results": [
    {
      "symbol": "C98USDT",
      "status": "COMPLETED",
      "total_candles": 200,
      "processed_candles": 200,
      "success_rate": 100.0,
      "timestamp": "2025-12-24T14:58:36.340726"
    },
    {
      "symbol": "ENSOUSDT",
      "status": "COMPLETED",
      "total_candles": 200,
      "processed_candles": 200,
      "success_rate": 100.0,
      "timestamp": "2025-12-24T14:58:39.139159"
    },
    {
      "symbol": "IOTXUSDT",
      "status": "COMPLETED",
      "total_candles": 200,
      "processed_candles": 200,
      "success_rate": 100.0,
      "timestamp": "2025-12-24T14:58:41.729857"
    },
    {
      "symbol": "MORPHOUSDT",
      "status": "COMPLETED",
      "total_candles": 200,
      "processed_candles": 200,
      "success_rate": 100.0,
      "timestamp": "2025-12-24T14:58:44.406013"
    },
    {
      "symbol": "HNTUSDT",
      "status": "COMPLETED",
      "total_candles": 200,
      "processed_candles": 200,
      "success_rate": 100.0,
      "timestamp": "2025-12-24T14:58:46.783874"
    },
    {
      "symbol": "AVNTUSDT",
      "status": "COMPLETED",
      "total_candles": 200,
      "processed_candles": 200,
      "success_rate": 100.0,
      "timestamp": "2025-12-24T14:58:49.175352"
    },
    {
      "symbol": "PORTALUSDT",
      "status": "COMPLETED",
      "total_candles": 200,
      "processed_candles": 200,
      "success_rate": 100.0,
      "timestamp": "2025-12-24T14:58:51.421209"
    },
    {
      "symbol": "JUPUSDT",
      "status": "COMPLETED",
      "total_candles": 200,
      "processed_candles": 200,
      "success_rate": 100.0,
      "timestamp": "2025-12-24T14:58:53.889852"
    },
    {
      "symbol": "BROCCOLI714USDT",
      "status": "COMPLETED",
      "total_candles": 200,
      "processed_candles": 200,
      "success_rate": 100.0,
      "timestamp": "2025-12-24T14:58:55.923191"
    },
    {
      "symbol": "XUSDUSDT",
      "status": "COMPLETED",
      "total_candles": 200,
      "processed_candles": 200,
      "success_rate": 100.0,
      "timestamp": "2025-12-24T14:58:57.917801"
    },
    {
      "symbol": "SOMIUSDT",
      "status": "COMPLETED",
      "total_candles": 200,
      "processed_candles": 200,
      "success_rate": 100.0,
      "timestamp": "2025-12-24T14:58:59.960480"
    },
    {
      "symbol": "ARUSDT",
      "status": "COMPLETED",
      "total_candles": 200,
      "processed_candles": 200,
      "success_rate": 100.0,
      "timestamp": "2025-12-24T14:59:01.950305"
    },
    {
      "symbol": "AUSDT",
      "status": "COMPLETED",
      "total_candles": 200,
      "processed_candles": 200,
      "success_rate": 100.0,
      "timestamp": "2025-12-24T14:59:03.969087"
    },
    {
      "symbol": "CYBERUSDT",
      "status": "COMPLETED",
      "total_candles": 200,
      "processed_candles": 200,
      "success_rate": 100.0,
      "timestamp": "2025-12-24T14:59:06.884743"
    },
    {
      "symbol": "GHSTUSDT",
      "status": "COMPLETED",
      "total_candles": 200,
      "processed_candles": 200,
      "success_rate": 100.0,
      "timestamp": "2025-12-24T14:59:10.162174"
    },
    {
      "symbol": "CELRUSDT",
      "status": "COMPLETED",
      "total_candles": 200,
      "processed_candles": 200,
      "success_rate": 100.0,
      "timestamp": "2025-12-24T14:59:13.701576"
    },
    {
      "symbol": "LUMIAUSDT",
      "status": "COMPLETED",
      "total_candles": 200,
      "processed_candles": 200,
      "success_rate": 100.0,
      "timestamp": "2025-12-24T14:59:17.736406"
    },
    {
      "symbol": "UNIUSDT",
      "status": "COMPLETED",
      "total_candles": 200,
      "processed_candles": 200,
      "success_rate": 100.0,
      "timestamp": "2025-12-24T14:59:20.167116"
    },
    {
      "symbol": "IOTAUSDT",
      "status": "COMPLETED",
      "total_candles": 200,
      "processed_candles": 200,
      "success_rate": 100.0,
      "timestamp": "2025-12-24T14:59:22.521482"
    },
    {
      "symbol": "ALCXUSDT",
      "status": "COMPLETED",
      "total_candles": 200,
      "processed_candles": 200,
      "success_rate": 100.0,
      "timestamp": "2025-12-24T14:59:24.636741"
    },
    {
      "symbol": "COSUSDT",
      "status": "COMPLETED",
      "total_candles": 200,
      "processed_candles": 200,
      "success_rate": 100.0,
      "timestamp": "2025-12-24T14:59:27.177502"
    },
    {
      "symbol": "PROMUSDT",
      "status": "COMPLETED",
      "total_candles": 200,
      "processed_candles": 200,
      "success_rate": 100.0,
      "timestamp": "2025-12-24T14:59:29.205275"
    },
    {
      "symbol": "STXUSDT",
      "status": "COMPLETED",
      "total_candles": 200,
      "processed_candles": 200,
      "success_rate": 100.0,
      "timestamp": "2025-12-24T14:59:31.202716"
    },
    {
      "symbol": "QUICKUSDT",
      "status": "COMPLETED",
      "total_candles": 200,
      "processed_candles": 200,
      "success_rate": 100.0,
      "timestamp": "2025-12-24T14:59:33.186528"
    },
    {
      "symbol": "PNUTUSDT",
      "status": "COMPLETED",
      "total_candles": 200,
      "processed_candles": 200,
      "success_rate": 100.0,
      "timestamp": "2025-12-24T14:59:35.160948"
    },
    {
      "symbol": "BCHUSDT",
      "status": "COMPLETED",
      "total_candles": 200,
      "processed_candles": 200,
      "success_rate": 100.0,
      "timestamp": "2025-12-24T14:59:37.105338"
    },
    {
      "symbol": "EURUSDT",
      "status": "COMPLETED",
      "total_candles": 200,
      "processed_candles": 200,
      "success_rate": 100.0,
      "timestamp": "2025-12-24T14:59:39.093510"
    },
    {
      "symbol": "TRUMPUSDT",
      "status": "COMPLETED",
      "total_candles": 200,
      "processed_candles": 200,
      "success_rate": 100.0,
      "timestamp": "2025-12-24T14:59:41.216514"
    },
    {
      "symbol": "VANAUSDT",
      "status": "COMPLETED",
      "total_candles": 200,
      "processed_candles": 200,
      "success_rate": 100.0,
      "timestamp": "2025-12-24T14:59:43.422971"
    },
    {
      "symbol": "PROVEUSDT",
      "status": "COMPLETED",
      "total_candles": 200,
      "processed_candles": 200,
      "success_rate": 100.0,
      "timestamp": "2025-12-24T14:59:45.469287"
    },
    {
      "symbol": "SOPHUSDT",
      "status": "COMPLETED",
      "total_candles": 200,
      "processed_candles": 200,
      "success_rate": 100.0,
      "timestamp": "2025-12-24T14:59:47.554698"
    },
    {
      "symbol": "BEAMUSDT",
      "status": "COMPLETED",
      "total_candles": 200,
      "processed_candles": 200,
      "success_rate": 100.0,
      "timestamp": "2025-12-24T14:59:49.676899"
    },
    {
      "symbol": "NXPCUSDT",
      "status": "COMPLETED",
      "total_candles": 200,
      "processed_candles": 200,
      "success_rate": 100.0,
      "timestamp": "2025-12-24T14:59:51.738348"
    },
    {
      "symbol": "EULUSDT",
      "status": "COMPLETED",
      "total_candles": 200,
      "processed_candles": 200,
      "success_rate": 100.0,
      "timestamp": "2025-12-24T14:59:53.927458"
    },
    {
      "symbol": "ETCUSDT",
      "status": "COMPLETED",
      "total_candles": 200,
      "processed_candles": 200,
      "success_rate": 100.0,
      "timestamp": "2025-12-24T14:59:56.026527"
    },
    {
      "symbol": "XNOUSDT",
      "status": "COMPLETED",
      "total_candles": 200,
      "processed_candles": 200,
      "success_rate": 100.0,
      "timestamp": "2025-12-24T14:59:58.134187"
    },
    {
      "symbol": "ARDRUSDT",
      "status": "COMPLETED",
      "total_candles": 200,
      "processed_candles": 200,
      "success_rate": 100.0,
      "timestamp": "2025-12-24T15:00:00.127945"
    },
    {
      "symbol": "OMUSDT",
      "status": "COMPLETED",
      "total_candles": 200,
      "processed_candles": 200,
      "success_rate": 100.0,
      "timestamp": "2025-12-24T15:00:03.000298"
    },
    {
      "symbol": "GUNUSDT",
      "status": "COMPLETED",
      "total_candles": 200,
      "processed_candles": 200,
      "success_rate": 100.0,
      "timestamp": "2025-12-24T15:00:06.288745"
    },
    {
      "symbol": "PEOPLEUSDT",
      "status": "COMPLETED",
      "total_candles": 200,
      "processed_candles": 200,
      "success_rate": 100.0,
      "timestamp": "2025-12-24T15:00:09.929130"
    },
    {
      "symbol": "THEUSDT",
      "status": "COMPLETED",
      "total_candles": 200,
      "processed_candles": 200,
      "success_rate": 100.0,
      "timestamp": "2025-12-24T15:00:13.231560"
    },
    {
      "symbol": "USD1USDT",
      "status": "COMPLETED",
      "total_candles": 200,
      "processed_candles": 200,
      "success_rate": 100.0,
      "timestamp": "2025-12-24T15:00:16.977455"
    },
    {
      "symbol": "DYMUSDT",
      "status": "COMPLETED",
      "total_candles": 200,
      "processed_candles": 200,
      "success_rate": 100.0,
      "timestamp": "2025-12-24T15:00:19.619840"
    },
    {
      "symbol": "APEUSDT",
      "status": "COMPLETED",
      "total_candles": 200,
      "processed_candles": 200,
      "success_rate": 100.0,
      "timestamp": "2025-12-24T15:00:23.421048"
    },
    {
      "symbol": "ALGOUSDT",
      "status": "COMPLETED",
      "total_candles": 200,
      "processed_candles": 200,
      "success_rate": 100.0,
      "timestamp": "2025-12-24T15:00:26.765868"
    }
  ],
  "status": "COMPLETED"
}