{
  "block_id": 4,
  "start_time": "2025-12-25T01:59:15.661270",
  "end_time": "2025-12-25T02:00:07.791300",
  "duration_seconds": 52.13003,
  "summary": {
    "total_coins": 26,
    "coins_completed": 26,
    "coins_failed": 0,
    "coins_no_data": 0,
    "total_candles": 5200,
    "processed_candles": 5200,
    "success_rate": 100.0
  },
  "coin_results": [
    {
      "symbol": "FFUSDT",
      "status": "COMPLETED",
      "total_candles": 200,
      "processed_candles": 200,
      "success_rate": 100.0,
      "timestamp": "2025-12-25T01:59:17.862577"
    },
    {
      "symbol": "ARKMUSDT",
      "status": "COMPLETED",
      "total_candles": 200,
      "processed_candles": 200,
      "success_rate": 100.0,
      "timestamp": "2025-12-25T01:59:19.855188"
    },
    {
      "symbol": "SPKUSDT",
      "status": "COMPLETED",
      "total_candles": 200,
      "processed_candles": 200,
      "success_rate": 100.0,
      "timestamp": "2025-12-25T01:59:22.005902"
    },
    {
      "symbol": "HAEDALUSDT",
      "status": "COMPLETED",
      "total_candles": 200,
      "processed_candles": 200,
      "success_rate": 100.0,
      "timestamp": "2025-12-25T01:59:24.123864"
    },
    {
      "symbol": "XMRUSDT",
      "status": "COMPLETED",
      "total_candles": 200,
      "processed_candles": 200,
      "success_rate": 100.0,
      "timestamp": "2025-12-25T01:59:26.241340"
    },
    {
      "symbol": "MITOUSDT",
      "status": "COMPLETED",
      "total_candles": 200,
      "processed_candles": 200,
      "success_rate": 100.0,
      "timestamp": "2025-12-25T01:59:28.389460"
    },
    {
      "symbol": "SUNUSDT",
      "status": "COMPLETED",
      "total_candles": 200,
      "processed_candles": 200,
      "success_rate": 100.0,
      "timestamp": "2025-12-25T01:59:30.227915"
    },
    {
      "symbol": "SOMIUSDT",
      "status": "COMPLETED",
      "total_candles": 200,
      "processed_candles": 200,
      "success_rate": 100.0,
      "timestamp": "2025-12-25T01:59:32.079671"
    },
    {
      "symbol": "PYTHUSDT",
      "status": "COMPLETED",
      "total_candles": 200,
      "processed_candles": 200,
      "success_rate": 100.0,
      "timestamp": "2025-12-25T01:59:34.005898"
    },
    {
      "symbol": "PROVEUSDT",
      "status": "COMPLETED",
      "total_candles": 200,
      "processed_candles": 200,
      "success_rate": 100.0,
      "timestamp": "2025-12-25T01:59:35.934203"
    },
    {
      "symbol": "WLFIUSDT",
      "status": "COMPLETED",
      "total_candles": 200,
      "processed_candles": 200,
      "success_rate": 100.0,
      "timestamp": "2025-12-25T01:59:37.957983"
    },
    {
      "symbol": "SUIUSDT",
      "status": "COMPLETED",
      "total_candles": 200,
      "processed_candles": 200,
      "success_rate": 100.0,
      "timestamp": "2025-12-25T01:59:39.919653"
    },
    {
      "symbol": "ORCAUSDT",
      "status": "COMPLETED",
      "total_candles": 200,
      "processed_candles": 200,
      "success_rate": 100.0,
      "timestamp": "2025-12-25T01:59:42.053337"
    },
    {
      "symbol": "ONEUSDT",
      "status": "COMPLETED",
      "total_candles": 200,
      "processed_candles": 200,
      "success_rate": 100.0,
      "timestamp": "2025-12-25T01:59:44.063090"
    },
    {
      "symbol": "MANAUSDT",
      "status": "COMPLETED",
      "total_candles": 200,
      "processed_candles": 200,
      "success_rate": 100.0,
      "timestamp": "2025-12-25T01:59:46.018819"
    },
    {
      "symbol": "FUSDT",
      "status": "COMPLETED",
      "total_candles": 200,
      "processed_candles": 200,
      "success_rate": 100.0,
      "timestamp": "2025-12-25T01:59:47.983387"
    },
    {
      "symbol": "USD1USDT",
      "status": "COMPLETED",
      "total_candles": 200,
      "processed_candles": 200,
      "success_rate": 100.0,
      "timestamp": "2025-12-25T01:59:50.009681"
    },
    {
      "symbol": "ZENUSDT",
      "status": "COMPLETED",
      "total_candles": 200,
      "processed_candles": 200,
      "success_rate": 100.0,
      "timestamp": "2025-12-25T01:59:51.891134"
    },
    {
      "symbol": "SCRUSDT",
      "status": "COMPLETED",
      "total_candles": 200,
      "processed_candles": 200,
      "success_rate": 100.0,
      "timestamp": "2025-12-25T01:59:53.729462"
    },
    {
      "symbol": "TOWNSUSDT",
      "status": "COMPLETED",
      "total_candles": 200,
      "processed_candles": 200,
      "success_rate": 100.0,
      "timestamp": "2025-12-25T01:59:55.734576"
    },
    {
      "symbol": "PAXGUSDT",
      "status": "COMPLETED",
      "total_candles": 200,
      "processed_candles": 200,
      "success_rate": 100.0,
      "timestamp": "2025-12-25T01:59:57.916963"
    },
    {
      "symbol": "IOSTUSDT",
      "status": "COMPLETED",
      "total_candles": 200,
      "processed_candles": 200,
      "success_rate": 100.0,
      "timestamp": "2025-12-25T01:59:59.880560"
    },
    {
      "symbol": "SUSHIUSDT",
      "status": "COMPLETED",
      "total_candles": 200,
      "processed_candles": 200,
      "success_rate": 100.0,
      "timestamp": "2025-12-25T02:00:01.840654"
    },
    {
      "symbol": "TIAUSDT",
      "status": "COMPLETED",
      "total_candles": 200,
      "processed_candles": 200,
      "success_rate": 100.0,
      "timestamp": "2025-12-25T02:00:03.804859"
    },
    {
      "symbol": "ALCXUSDT",
      "status": "COMPLETED",
      "total_candles": 200,
      "processed_candles": 200,
      "success_rate": 100.0,
      "timestamp": "2025-12-25T02:00:05.750187"
    },
    {
      "symbol": "HOLOUSDT",
      "status": "COMPLETED",
      "total_candles": 200,
      "processed_candles": 200,
      "success_rate": 100.0,
      "timestamp": "2025-12-25T02:00:07.790303"
    }
  ],
  "status": "COMPLETED"
}