{
  "block_id": 15,
  "start_time": "2025-12-25T23:13:19.655416",
  "end_time": "2025-12-25T23:14:12.452241",
  "duration_seconds": 52.796825,
  "summary": {
    "total_coins": 23,
    "coins_completed": 22,
    "coins_failed": 0,
    "coins_no_data": 1,
    "total_candles": 4400,
    "processed_candles": 4400,
    "success_rate": 100.0
  },
  "coin_results": [
    {
      "symbol": "AERGOUSDT",
      "status": "COMPLETED",
      "total_candles": 200,
      "processed_candles": 200,
      "success_rate": 100.0,
      "timestamp": "2025-12-25T23:13:21.410858"
    },
    {
      "symbol": "HIGHUSDT",
      "status": "COMPLETED",
      "total_candles": 200,
      "processed_candles": 200,
      "success_rate": 100.0,
      "timestamp": "2025-12-25T23:13:23.998798"
    },
    {
      "symbol": "FORTHUSDT",
      "status": "COMPLETED",
      "total_candles": 200,
      "processed_candles": 200,
      "success_rate": 100.0,
      "timestamp": "2025-12-25T23:13:27.869416"
    },
    {
      "symbol": "COWUSDT",
      "status": "COMPLETED",
      "total_candles": 200,
      "processed_candles": 200,
      "success_rate": 100.0,
      "timestamp": "2025-12-25T23:13:30.971469"
    },
    {
      "symbol": "BERAUSDT",
      "status": "COMPLETED",
      "total_candles": 200,
      "processed_candles": 200,
      "success_rate": 100.0,
      "timestamp": "2025-12-25T23:13:34.000991"
    },
    {
      "symbol": "SAHARAUSDT",
      "status": "COMPLETED",
      "total_candles": 200,
      "processed_candles": 200,
      "success_rate": 100.0,
      "timestamp": "2025-12-25T23:13:37.079509"
    },
    {
      "symbol": "SXTUSDT",
      "status": "COMPLETED",
      "total_candles": 200,
      "processed_candles": 200,
      "success_rate": 100.0,
      "timestamp": "2025-12-25T23:13:40.246746"
    },
    {
      "symbol": "POWRUSDT",
      "status": "COMPLETED",
      "total_candles": 200,
      "processed_candles": 200,
      "success_rate": 100.0,
      "timestamp": "2025-12-25T23:13:43.211169"
    },
    {
      "symbol": "HEMIUSDT",
      "status": "COMPLETED",
      "total_candles": 200,
      "processed_candles": 200,
      "success_rate": 100.0,
      "timestamp": "2025-12-25T23:13:46.540380"
    },
    {
      "symbol": "BMTUSDT",
      "status": "COMPLETED",
      "total_candles": 200,
      "processed_candles": 200,
      "success_rate": 100.0,
      "timestamp": "2025-12-25T23:13:49.216056"
    },
    {
      "symbol": "GNSUSDT",
      "status": "COMPLETED",
      "total_candles": 200,
      "processed_candles": 200,
      "success_rate": 100.0,
      "timestamp": "2025-12-25T23:13:51.140165"
    },
    {
      "symbol": "ACEUSDT",
      "status": "COMPLETED",
      "total_candles": 200,
      "processed_candles": 200,
      "success_rate": 100.0,
      "timestamp": "2025-12-25T23:13:53.014758"
    },
    {
      "symbol": "ORCAUSDT",
      "status": "COMPLETED",
      "total_candles": 200,
      "processed_candles": 200,
      "success_rate": 100.0,
      "timestamp": "2025-12-25T23:13:54.990675"
    },
    {
      "symbol": "ZECUSDT",
      "status": "COMPLETED",
      "total_candles": 200,
      "processed_candles": 200,
      "success_rate": 100.0,
      "timestamp": "2025-12-25T23:13:56.978180"
    },
    {
      "symbol": "HEIUSDT",
      "status": "COMPLETED",
      "total_candles": 200,
      "processed_candles": 200,
      "success_rate": 100.0,
      "timestamp": "2025-12-25T23:13:58.884372"
    },
    {
      "symbol": "FETUSDT",
      "status": "COMPLETED",
      "total_candles": 200,
      "processed_candles": 200,
      "success_rate": 100.0,
      "timestamp": "2025-12-25T23:14:00.778418"
    },
    {
      "symbol": "DEXEUSDT",
      "status": "COMPLETED",
      "total_candles": 200,
      "processed_candles": 200,
      "success_rate": 100.0,
      "timestamp": "2025-12-25T23:14:02.685607"
    },
    {
      "symbol": "HBARUSDT",
      "status": "COMPLETED",
      "total_candles": 200,
      "processed_candles": 200,
      "success_rate": 100.0,
      "timestamp": "2025-12-25T23:14:04.597228"
    },
    {
      "symbol": "EIGENUSDT",
      "status": "COMPLETED",
      "total_candles": 200,
      "processed_candles": 200,
      "success_rate": 100.0,
      "timestamp": "2025-12-25T23:14:06.497663"
    },
    {
      "symbol": "ASRUSDT",
      "status": "COMPLETED",
      "total_candles": 200,
      "processed_candles": 200,
      "success_rate": 100.0,
      "timestamp": "2025-12-25T23:14:08.410739"
    },
    {
      "symbol": "ZBTUSDT",
      "status": "COMPLETED",
      "total_candles": 200,
      "processed_candles": 200,
      "success_rate": 100.0,
      "timestamp": "2025-12-25T23:14:10.338840"
    },
    {
      "symbol": "ETCUSDT",
      "status": "COMPLETED",
      "total_candles": 200,
      "processed_candles": 200,
      "success_rate": 100.0,
      "timestamp": "2025-12-25T23:14:12.339240"
    },
    {
      "symbol": "NOSUSDT",
      "status": "NO_DATA",
      "processed": 0
    }
  ],
  "status": "COMPLETED"
}