{
  "block_id": 7,
  "start_time": "2026-01-02T23:25:41.230575",
  "end_time": "2026-01-02T23:29:29.048689",
  "duration_seconds": 227.818114,
  "summary": {
    "total_coins": 20,
    "coins_completed": 20,
    "coins_failed": 0,
    "coins_no_data": 0,
    "total_candles": 12000,
    "processed_candles": 10281,
    "success_rate": 85.675
  },
  "coin_results": [
    {
      "symbol": "SPKUSDT",
      "status": "COMPLETED",
      "timeframes_processed": 3,
      "timeframe_results": [
        {
          "symbol": "SPKUSDT",
          "timeframe": "15m",
          "status": "COMPLETED",
          "total_candles": 200,
          "processed_candles": 176,
          "success_rate": 88.0,
          "timestamp": "2026-01-02T23:25:44.083491"
        },
        {
          "symbol": "SPKUSDT",
          "timeframe": "1h",
          "status": "COMPLETED",
          "total_candles": 200,
          "processed_candles": 170,
          "success_rate": 85.0,
          "timestamp": "2026-01-02T23:25:46.685994"
        },
        {
          "symbol": "SPKUSDT",
          "timeframe": "4h",
          "status": "COMPLETED",
          "total_candles": 200,
          "processed_candles": 168,
          "success_rate": 84.0,
          "timestamp": "2026-01-02T23:25:49.210284"
        }
      ],
      "total_candles": 600,
      "processed_candles": 514,
      "success_rate": 85.66666666666667,
      "timestamp": "2026-01-02T23:25:49.211284"
    },
    {
      "symbol": "OPENUSDT",
      "status": "COMPLETED",
      "timeframes_processed": 3,
      "timeframe_results": [
        {
          "symbol": "OPENUSDT",
          "timeframe": "15m",
          "status": "COMPLETED",
          "total_candles": 200,
          "processed_candles": 176,
          "success_rate": 88.0,
          "timestamp": "2026-01-02T23:25:52.177259"
        },
        {
          "symbol": "OPENUSDT",
          "timeframe": "1h",
          "status": "COMPLETED",
          "total_candles": 200,
          "processed_candles": 170,
          "success_rate": 85.0,
          "timestamp": "2026-01-02T23:25:54.972432"
        },
        {
          "symbol": "OPENUSDT",
          "timeframe": "4h",
          "status": "COMPLETED",
          "total_candles": 200,
          "processed_candles": 168,
          "success_rate": 84.0,
          "timestamp": "2026-01-02T23:25:59.885959"
        }
      ],
      "total_candles": 600,
      "processed_candles": 514,
      "success_rate": 85.66666666666667,
      "timestamp": "2026-01-02T23:25:59.887995"
    },
    {
      "symbol": "MMTUSDT",
      "status": "COMPLETED",
      "timeframes_processed": 3,
      "timeframe_results": [
        {
          "symbol": "MMTUSDT",
          "timeframe": "15m",
          "status": "COMPLETED",
          "total_candles": 200,
          "processed_candles": 176,
          "success_rate": 88.0,
          "timestamp": "2026-01-02T23:26:03.963318"
        },
        {
          "symbol": "MMTUSDT",
          "timeframe": "1h",
          "status": "COMPLETED",
          "total_candles": 200,
          "processed_candles": 170,
          "success_rate": 85.0,
          "timestamp": "2026-01-02T23:26:07.937538"
        },
        {
          "symbol": "MMTUSDT",
          "timeframe": "4h",
          "status": "COMPLETED",
          "total_candles": 200,
          "processed_candles": 168,
          "success_rate": 84.0,
          "timestamp": "2026-01-02T23:26:11.224714"
        }
      ],
      "total_candles": 600,
      "processed_candles": 514,
      "success_rate": 85.66666666666667,
      "timestamp": "2026-01-02T23:26:11.224714"
    },
    {
      "symbol": "SOMIUSDT",
      "status": "COMPLETED",
      "timeframes_processed": 3,
      "timeframe_results": [
        {
          "symbol": "SOMIUSDT",
          "timeframe": "15m",
          "status": "COMPLETED",
          "total_candles": 200,
          "processed_candles": 176,
          "success_rate": 88.0,
          "timestamp": "2026-01-02T23:26:15.751889"
        },
        {
          "symbol": "SOMIUSDT",
          "timeframe": "1h",
          "status": "COMPLETED",
          "total_candles": 200,
          "processed_candles": 170,
          "success_rate": 85.0,
          "timestamp": "2026-01-02T23:26:19.946494"
        },
        {
          "symbol": "SOMIUSDT",
          "timeframe": "4h",
          "status": "COMPLETED",
          "total_candles": 200,
          "processed_candles": 168,
          "success_rate": 84.0,
          "timestamp": "2026-01-02T23:26:22.505802"
        }
      ],
      "total_candles": 600,
      "processed_candles": 514,
      "success_rate": 85.66666666666667,
      "timestamp": "2026-01-02T23:26:22.505802"
    },
    {
      "symbol": "USUALUSDT",
      "status": "COMPLETED",
      "timeframes_processed": 3,
      "timeframe_results": [
        {
          "symbol": "USUALUSDT",
          "timeframe": "15m",
          "status": "COMPLETED",
          "total_candles": 200,
          "processed_candles": 176,
          "success_rate": 88.0,
          "timestamp": "2026-01-02T23:26:25.635493"
        },
        {
          "symbol": "USUALUSDT",
          "timeframe": "1h",
          "status": "COMPLETED",
          "total_candles": 200,
          "processed_candles": 170,
          "success_rate": 85.0,
          "timestamp": "2026-01-02T23:26:28.274510"
        },
        {
          "symbol": "USUALUSDT",
          "timeframe": "4h",
          "status": "COMPLETED",
          "total_candles": 200,
          "processed_candles": 168,
          "success_rate": 84.0,
          "timestamp": "2026-01-02T23:26:30.964972"
        }
      ],
      "total_candles": 600,
      "processed_candles": 514,
      "success_rate": 85.66666666666667,
      "timestamp": "2026-01-02T23:26:30.965971"
    },
    {
      "symbol": "ANIMEUSDT",
      "status": "COMPLETED",
      "timeframes_processed": 3,
      "timeframe_results": [
        {
          "symbol": "ANIMEUSDT",
          "timeframe": "15m",
          "status": "COMPLETED",
          "total_candles": 200,
          "processed_candles": 176,
          "success_rate": 88.0,
          "timestamp": "2026-01-02T23:26:34.049262"
        },
        {
          "symbol": "ANIMEUSDT",
          "timeframe": "1h",
          "status": "COMPLETED",
          "total_candles": 200,
          "processed_candles": 170,
          "success_rate": 85.0,
          "timestamp": "2026-01-02T23:26:36.810778"
        },
        {
          "symbol": "ANIMEUSDT",
          "timeframe": "4h",
          "status": "COMPLETED",
          "total_candles": 200,
          "processed_candles": 168,
          "success_rate": 84.0,
          "timestamp": "2026-01-02T23:26:39.637259"
        }
      ],
      "total_candles": 600,
      "processed_candles": 514,
      "success_rate": 85.66666666666667,
      "timestamp": "2026-01-02T23:26:39.637259"
    },
    {
      "symbol": "TONUSDT",
      "status": "COMPLETED",
      "timeframes_processed": 3,
      "timeframe_results": [
        {
          "symbol": "TONUSDT",
          "timeframe": "15m",
          "status": "COMPLETED",
          "total_candles": 200,
          "processed_candles": 176,
          "success_rate": 88.0,
          "timestamp": "2026-01-02T23:26:43.183118"
        },
        {
          "symbol": "TONUSDT",
          "timeframe": "1h",
          "status": "COMPLETED",
          "total_candles": 200,
          "processed_candles": 170,
          "success_rate": 85.0,
          "timestamp": "2026-01-02T23:26:46.058785"
        },
        {
          "symbol": "TONUSDT",
          "timeframe": "4h",
          "status": "COMPLETED",
          "total_candles": 200,
          "processed_candles": 168,
          "success_rate": 84.0,
          "timestamp": "2026-01-02T23:26:49.065664"
        }
      ],
      "total_candles": 600,
      "processed_candles": 514,
      "success_rate": 85.66666666666667,
      "timestamp": "2026-01-02T23:26:49.065664"
    },
    {
      "symbol": "BIGTIMEUSDT",
      "status": "COMPLETED",
      "timeframes_processed": 3,
      "timeframe_results": [
        {
          "symbol": "BIGTIMEUSDT",
          "timeframe": "15m",
          "status": "COMPLETED",
          "total_candles": 200,
          "processed_candles": 176,
          "success_rate": 88.0,
          "timestamp": "2026-01-02T23:26:52.336475"
        },
        {
          "symbol": "BIGTIMEUSDT",
          "timeframe": "1h",
          "status": "COMPLETED",
          "total_candles": 200,
          "processed_candles": 170,
          "success_rate": 85.0,
          "timestamp": "2026-01-02T23:26:55.133952"
        },
        {
          "symbol": "BIGTIMEUSDT",
          "timeframe": "4h",
          "status": "COMPLETED",
          "total_candles": 200,
          "processed_candles": 168,
          "success_rate": 84.0,
          "timestamp": "2026-01-02T23:26:58.394889"
        }
      ],
      "total_candles": 600,
      "processed_candles": 514,
      "success_rate": 85.66666666666667,
      "timestamp": "2026-01-02T23:26:58.396892"
    },
    {
      "symbol": "IOUSDT",
      "status": "COMPLETED",
      "timeframes_processed": 3,
      "timeframe_results": [
        {
          "symbol": "IOUSDT",
          "timeframe": "15m",
          "status": "COMPLETED",
          "total_candles": 200,
          "processed_candles": 176,
          "success_rate": 88.0,
          "timestamp": "2026-01-02T23:27:01.973845"
        },
        {
          "symbol": "IOUSDT",
          "timeframe": "1h",
          "status": "COMPLETED",
          "total_candles": 200,
          "processed_candles": 170,
          "success_rate": 85.0,
          "timestamp": "2026-01-02T23:27:05.404451"
        },
        {
          "symbol": "IOUSDT",
          "timeframe": "4h",
          "status": "COMPLETED",
          "total_candles": 200,
          "processed_candles": 168,
          "success_rate": 84.0,
          "timestamp": "2026-01-02T23:27:09.185627"
        }
      ],
      "total_candles": 600,
      "processed_candles": 514,
      "success_rate": 85.66666666666667,
      "timestamp": "2026-01-02T23:27:09.189527"
    },
    {
      "symbol": "USTCUSDT",
      "status": "COMPLETED",
      "timeframes_processed": 3,
      "timeframe_results": [
        {
          "symbol": "USTCUSDT",
          "timeframe": "15m",
          "status": "COMPLETED",
          "total_candles": 200,
          "processed_candles": 176,
          "success_rate": 88.0,
          "timestamp": "2026-01-02T23:27:13.539876"
        },
        {
          "symbol": "USTCUSDT",
          "timeframe": "1h",
          "status": "COMPLETED",
          "total_candles": 200,
          "processed_candles": 170,
          "success_rate": 85.0,
          "timestamp": "2026-01-02T23:27:18.111417"
        },
        {
          "symbol": "USTCUSDT",
          "timeframe": "4h",
          "status": "COMPLETED",
          "total_candles": 200,
          "processed_candles": 168,
          "success_rate": 84.0,
          "timestamp": "2026-01-02T23:27:22.363161"
        }
      ],
      "total_candles": 600,
      "processed_candles": 514,
      "success_rate": 85.66666666666667,
      "timestamp": "2026-01-02T23:27:22.364161"
    },
    {
      "symbol": "METISUSDT",
      "status": "COMPLETED",
      "timeframes_processed": 3,
      "timeframe_results": [
        {
          "symbol": "METISUSDT",
          "timeframe": "15m",
          "status": "COMPLETED",
          "total_candles": 200,
          "processed_candles": 176,
          "success_rate": 88.0,
          "timestamp": "2026-01-02T23:27:25.788457"
        },
        {
          "symbol": "METISUSDT",
          "timeframe": "1h",
          "status": "COMPLETED",
          "total_candles": 200,
          "processed_candles": 170,
          "success_rate": 85.0,
          "timestamp": "2026-01-02T23:27:28.610988"
        },
        {
          "symbol": "METISUSDT",
          "timeframe": "4h",
          "status": "COMPLETED",
          "total_candles": 200,
          "processed_candles": 168,
          "success_rate": 84.0,
          "timestamp": "2026-01-02T23:27:32.956694"
        }
      ],
      "total_candles": 600,
      "processed_candles": 514,
      "success_rate": 85.66666666666667,
      "timestamp": "2026-01-02T23:27:32.957697"
    },
    {
      "symbol": "LAYERUSDT",
      "status": "COMPLETED",
      "timeframes_processed": 3,
      "timeframe_results": [
        {
          "symbol": "LAYERUSDT",
          "timeframe": "15m",
          "status": "COMPLETED",
          "total_candles": 200,
          "processed_candles": 176,
          "success_rate": 88.0,
          "timestamp": "2026-01-02T23:27:36.830930"
        },
        {
          "symbol": "LAYERUSDT",
          "timeframe": "1h",
          "status": "COMPLETED",
          "total_candles": 200,
          "processed_candles": 170,
          "success_rate": 85.0,
          "timestamp": "2026-01-02T23:27:39.808368"
        },
        {
          "symbol": "LAYERUSDT",
          "timeframe": "4h",
          "status": "COMPLETED",
          "total_candles": 200,
          "processed_candles": 168,
          "success_rate": 84.0,
          "timestamp": "2026-01-02T23:27:42.669846"
        }
      ],
      "total_candles": 600,
      "processed_candles": 514,
      "success_rate": 85.66666666666667,
      "timestamp": "2026-01-02T23:27:42.670845"
    },
    {
      "symbol": "BANANAS31USDT",
      "status": "COMPLETED",
      "timeframes_processed": 3,
      "timeframe_results": [
        {
          "symbol": "BANANAS31USDT",
          "timeframe": "15m",
          "status": "COMPLETED",
          "total_candles": 200,
          "processed_candles": 176,
          "success_rate": 88.0,
          "timestamp": "2026-01-02T23:27:50.495822"
        },
        {
          "symbol": "BANANAS31USDT",
          "timeframe": "1h",
          "status": "COMPLETED",
          "total_candles": 200,
          "processed_candles": 170,
          "success_rate": 85.0,
          "timestamp": "2026-01-02T23:27:59.269595"
        },
        {
          "symbol": "BANANAS31USDT",
          "timeframe": "4h",
          "status": "COMPLETED",
          "total_candles": 200,
          "processed_candles": 168,
          "success_rate": 84.0,
          "timestamp": "2026-01-02T23:28:05.123376"
        }
      ],
      "total_candles": 600,
      "processed_candles": 514,
      "success_rate": 85.66666666666667,
      "timestamp": "2026-01-02T23:28:05.123376"
    },
    {
      "symbol": "YBUSDT",
      "status": "COMPLETED",
      "timeframes_processed": 3,
      "timeframe_results": [
        {
          "symbol": "YBUSDT",
          "timeframe": "15m",
          "status": "COMPLETED",
          "total_candles": 200,
          "processed_candles": 176,
          "success_rate": 88.0,
          "timestamp": "2026-01-02T23:28:11.108441"
        },
        {
          "symbol": "YBUSDT",
          "timeframe": "1h",
          "status": "COMPLETED",
          "total_candles": 200,
          "processed_candles": 170,
          "success_rate": 85.0,
          "timestamp": "2026-01-02T23:28:15.793865"
        },
        {
          "symbol": "YBUSDT",
          "timeframe": "4h",
          "status": "COMPLETED",
          "total_candles": 200,
          "processed_candles": 168,
          "success_rate": 84.0,
          "timestamp": "2026-01-02T23:28:20.670617"
        }
      ],
      "total_candles": 600,
      "processed_candles": 514,
      "success_rate": 85.66666666666667,
      "timestamp": "2026-01-02T23:28:20.671616"
    },
    {
      "symbol": "STEEMUSDT",
      "status": "COMPLETED",
      "timeframes_processed": 3,
      "timeframe_results": [
        {
          "symbol": "STEEMUSDT",
          "timeframe": "15m",
          "status": "COMPLETED",
          "total_candles": 200,
          "processed_candles": 176,
          "success_rate": 88.0,
          "timestamp": "2026-01-02T23:28:26.276717"
        },
        {
          "symbol": "STEEMUSDT",
          "timeframe": "1h",
          "status": "COMPLETED",
          "total_candles": 200,
          "processed_candles": 170,
          "success_rate": 85.0,
          "timestamp": "2026-01-02T23:28:30.714656"
        },
        {
          "symbol": "STEEMUSDT",
          "timeframe": "4h",
          "status": "COMPLETED",
          "total_candles": 200,
          "processed_candles": 168,
          "success_rate": 84.0,
          "timestamp": "2026-01-02T23:28:35.739277"
        }
      ],
      "total_candles": 600,
      "processed_candles": 514,
      "success_rate": 85.66666666666667,
      "timestamp": "2026-01-02T23:28:35.744281"
    },
    {
      "symbol": "MANTAUSDT",
      "status": "COMPLETED",
      "timeframes_processed": 3,
      "timeframe_results": [
        {
          "symbol": "MANTAUSDT",
          "timeframe": "15m",
          "status": "COMPLETED",
          "total_candles": 200,
          "processed_candles": 176,
          "success_rate": 88.0,
          "timestamp": "2026-01-02T23:28:41.155746"
        },
        {
          "symbol": "MANTAUSDT",
          "timeframe": "1h",
          "status": "COMPLETED",
          "total_candles": 200,
          "processed_candles": 170,
          "success_rate": 85.0,
          "timestamp": "2026-01-02T23:28:48.521740"
        },
        {
          "symbol": "MANTAUSDT",
          "timeframe": "4h",
          "status": "COMPLETED",
          "total_candles": 200,
          "processed_candles": 168,
          "success_rate": 84.0,
          "timestamp": "2026-01-02T23:28:52.848236"
        }
      ],
      "total_candles": 600,
      "processed_candles": 514,
      "success_rate": 85.66666666666667,
      "timestamp": "2026-01-02T23:28:52.848744"
    },
    {
      "symbol": "ACTUSDT",
      "status": "COMPLETED",
      "timeframes_processed": 3,
      "timeframe_results": [
        {
          "symbol": "ACTUSDT",
          "timeframe": "15m",
          "status": "COMPLETED",
          "total_candles": 200,
          "processed_candles": 176,
          "success_rate": 88.0,
          "timestamp": "2026-01-02T23:28:56.672096"
        },
        {
          "symbol": "ACTUSDT",
          "timeframe": "1h",
          "status": "COMPLETED",
          "total_candles": 200,
          "processed_candles": 170,
          "success_rate": 85.0,
          "timestamp": "2026-01-02T23:28:59.841280"
        },
        {
          "symbol": "ACTUSDT",
          "timeframe": "4h",
          "status": "COMPLETED",
          "total_candles": 200,
          "processed_candles": 168,
          "success_rate": 84.0,
          "timestamp": "2026-01-02T23:29:02.804339"
        }
      ],
      "total_candles": 600,
      "processed_candles": 514,
      "success_rate": 85.66666666666667,
      "timestamp": "2026-01-02T23:29:02.805339"
    },
    {
      "symbol": "SAPIENUSDT",
      "status": "COMPLETED",
      "timeframes_processed": 3,
      "timeframe_results": [
        {
          "symbol": "SAPIENUSDT",
          "timeframe": "15m",
          "status": "COMPLETED",
          "total_candles": 200,
          "processed_candles": 176,
          "success_rate": 88.0,
          "timestamp": "2026-01-02T23:29:06.296418"
        },
        {
          "symbol": "SAPIENUSDT",
          "timeframe": "1h",
          "status": "COMPLETED",
          "total_candles": 200,
          "processed_candles": 170,
          "success_rate": 85.0,
          "timestamp": "2026-01-02T23:29:09.670256"
        },
        {
          "symbol": "SAPIENUSDT",
          "timeframe": "4h",
          "status": "COMPLETED",
          "total_candles": 200,
          "processed_candles": 169,
          "success_rate": 84.5,
          "timestamp": "2026-01-02T23:29:12.690804"
        }
      ],
      "total_candles": 600,
      "processed_candles": 515,
      "success_rate": 85.83333333333333,
      "timestamp": "2026-01-02T23:29:12.691800"
    },
    {
      "symbol": "SOPHUSDT",
      "status": "COMPLETED",
      "timeframes_processed": 3,
      "timeframe_results": [
        {
          "symbol": "SOPHUSDT",
          "timeframe": "15m",
          "status": "COMPLETED",
          "total_candles": 200,
          "processed_candles": 176,
          "success_rate": 88.0,
          "timestamp": "2026-01-02T23:29:15.694296"
        },
        {
          "symbol": "SOPHUSDT",
          "timeframe": "1h",
          "status": "COMPLETED",
          "total_candles": 200,
          "processed_candles": 170,
          "success_rate": 85.0,
          "timestamp": "2026-01-02T23:29:18.196097"
        },
        {
          "symbol": "SOPHUSDT",
          "timeframe": "4h",
          "status": "COMPLETED",
          "total_candles": 200,
          "processed_candles": 168,
          "success_rate": 84.0,
          "timestamp": "2026-01-02T23:29:20.950259"
        }
      ],
      "total_candles": 600,
      "processed_candles": 514,
      "success_rate": 85.66666666666667,
      "timestamp": "2026-01-02T23:29:20.951258"
    },
    {
      "symbol": "AIXBTUSDT",
      "status": "COMPLETED",
      "timeframes_processed": 3,
      "timeframe_results": [
        {
          "symbol": "AIXBTUSDT",
          "timeframe": "15m",
          "status": "COMPLETED",
          "total_candles": 200,
          "processed_candles": 176,
          "success_rate": 88.0,
          "timestamp": "2026-01-02T23:29:23.858888"
        },
        {
          "symbol": "AIXBTUSDT",
          "timeframe": "1h",
          "status": "COMPLETED",
          "total_candles": 200,
          "processed_candles": 170,
          "success_rate": 85.0,
          "timestamp": "2026-01-02T23:29:26.398370"
        },
        {
          "symbol": "AIXBTUSDT",
          "timeframe": "4h",
          "status": "COMPLETED",
          "total_candles": 200,
          "processed_candles": 168,
          "success_rate": 84.0,
          "timestamp": "2026-01-02T23:29:29.047688"
        }
      ],
      "total_candles": 600,
      "processed_candles": 514,
      "success_rate": 85.66666666666667,
      "timestamp": "2026-01-02T23:29:29.047688"
    }
  ],
  "status": "COMPLETED"
}