{
  "block_id": 1,
  "start_time": "2025-12-27T16:34:07.661615",
  "end_time": "2025-12-27T16:35:38.531798",
  "duration_seconds": 90.870183,
  "summary": {
    "total_coins": 50,
    "coins_completed": 48,
    "coins_failed": 0,
    "coins_no_data": 2,
    "total_candles": 9600,
    "processed_candles": 4817,
    "success_rate": 50.177083333333336
  },
  "coin_results": [
    {
      "symbol": "REQUSDT",
      "status": "COMPLETED",
      "total_candles": 200,
      "processed_candles": 101,
      "success_rate": 50.5,
      "timestamp": "2025-12-27T16:34:09.198443"
    },
    {
      "symbol": "APTUSDT",
      "status": "COMPLETED",
      "total_candles": 200,
      "processed_candles": 101,
      "success_rate": 50.5,
      "timestamp": "2025-12-27T16:34:10.898756"
    },
    {
      "symbol": "XVGUSDT",
      "status": "COMPLETED",
      "total_candles": 200,
      "processed_candles": 101,
      "success_rate": 50.5,
      "timestamp": "2025-12-27T16:34:12.571161"
    },
    {
      "symbol": "STRAXUSDT",
      "status": "COMPLETED",
      "total_candles": 200,
      "processed_candles": 101,
      "success_rate": 50.5,
      "timestamp": "2025-12-27T16:34:14.346325"
    },
    {
      "symbol": "YFIUSDT",
      "status": "COMPLETED",
      "total_candles": 200,
      "processed_candles": 70,
      "success_rate": 35.0,
      "timestamp": "2025-12-27T16:34:15.688502"
    },
    {
      "symbol": "AAVEUSDT",
      "status": "COMPLETED",
      "total_candles": 200,
      "processed_candles": 101,
      "success_rate": 50.5,
      "timestamp": "2025-12-27T16:34:17.263121"
    },
    {
      "symbol": "PIVXUSDT",
      "status": "COMPLETED",
      "total_candles": 200,
      "processed_candles": 101,
      "success_rate": 50.5,
      "timestamp": "2025-12-27T16:34:18.890944"
    },
    {
      "symbol": "STGUSDT",
      "status": "COMPLETED",
      "total_candles": 200,
      "processed_candles": 101,
      "success_rate": 50.5,
      "timestamp": "2025-12-27T16:34:20.459263"
    },
    {
      "symbol": "ZENUSDT",
      "status": "COMPLETED",
      "total_candles": 200,
      "processed_candles": 101,
      "success_rate": 50.5,
      "timestamp": "2025-12-27T16:34:22.077795"
    },
    {
      "symbol": "LISTAUSDT",
      "status": "COMPLETED",
      "total_candles": 200,
      "processed_candles": 101,
      "success_rate": 50.5,
      "timestamp": "2025-12-27T16:34:23.715061"
    },
    {
      "symbol": "DYDXUSDT",
      "status": "COMPLETED",
      "total_candles": 200,
      "processed_candles": 101,
      "success_rate": 50.5,
      "timestamp": "2025-12-27T16:34:25.361883"
    },
    {
      "symbol": "AGLDUSDT",
      "status": "COMPLETED",
      "total_candles": 200,
      "processed_candles": 101,
      "success_rate": 50.5,
      "timestamp": "2025-12-27T16:34:27.057140"
    },
    {
      "symbol": "ARUSDT",
      "status": "COMPLETED",
      "total_candles": 200,
      "processed_candles": 101,
      "success_rate": 50.5,
      "timestamp": "2025-12-27T16:34:28.615431"
    },
    {
      "symbol": "NILUSDT",
      "status": "COMPLETED",
      "total_candles": 200,
      "processed_candles": 101,
      "success_rate": 50.5,
      "timestamp": "2025-12-27T16:34:30.226865"
    },
    {
      "symbol": "GMXUSDT",
      "status": "COMPLETED",
      "total_candles": 200,
      "processed_candles": 101,
      "success_rate": 50.5,
      "timestamp": "2025-12-27T16:34:31.849824"
    },
    {
      "symbol": "HAEDALUSDT",
      "status": "COMPLETED",
      "total_candles": 200,
      "processed_candles": 101,
      "success_rate": 50.5,
      "timestamp": "2025-12-27T16:34:33.556615"
    },
    {
      "symbol": "PRIMEUSDT",
      "status": "NO_DATA",
      "processed": 0
    },
    {
      "symbol": "COWUSDT",
      "status": "COMPLETED",
      "total_candles": 200,
      "processed_candles": 101,
      "success_rate": 50.5,
      "timestamp": "2025-12-27T16:34:35.356620"
    },
    {
      "symbol": "AIUSDT",
      "status": "COMPLETED",
      "total_candles": 200,
      "processed_candles": 101,
      "success_rate": 50.5,
      "timestamp": "2025-12-27T16:34:37.042518"
    },
    {
      "symbol": "ACEUSDT",
      "status": "COMPLETED",
      "total_candles": 200,
      "processed_candles": 101,
      "success_rate": 50.5,
      "timestamp": "2025-12-27T16:34:39.230269"
    },
    {
      "symbol": "EURUSDT",
      "status": "COMPLETED",
      "total_candles": 200,
      "processed_candles": 101,
      "success_rate": 50.5,
      "timestamp": "2025-12-27T16:34:41.237960"
    },
    {
      "symbol": "RAYUSDT",
      "status": "COMPLETED",
      "total_candles": 200,
      "processed_candles": 101,
      "success_rate": 50.5,
      "timestamp": "2025-12-27T16:34:42.944275"
    },
    {
      "symbol": "ELFUSDT",
      "status": "COMPLETED",
      "total_candles": 200,
      "processed_candles": 101,
      "success_rate": 50.5,
      "timestamp": "2025-12-27T16:34:45.423018"
    },
    {
      "symbol": "WANUSDT",
      "status": "COMPLETED",
      "total_candles": 200,
      "processed_candles": 101,
      "success_rate": 50.5,
      "timestamp": "2025-12-27T16:34:47.762069"
    },
    {
      "symbol": "METUSDT",
      "status": "COMPLETED",
      "total_candles": 200,
      "processed_candles": 101,
      "success_rate": 50.5,
      "timestamp": "2025-12-27T16:34:50.616648"
    },
    {
      "symbol": "JTOUSDT",
      "status": "COMPLETED",
      "total_candles": 200,
      "processed_candles": 101,
      "success_rate": 50.5,
      "timestamp": "2025-12-27T16:34:52.489738"
    },
    {
      "symbol": "TUTUSDT",
      "status": "COMPLETED",
      "total_candles": 200,
      "processed_candles": 101,
      "success_rate": 50.5,
      "timestamp": "2025-12-27T16:34:54.700006"
    },
    {
      "symbol": "GRTUSDT",
      "status": "COMPLETED",
      "total_candles": 200,
      "processed_candles": 101,
      "success_rate": 50.5,
      "timestamp": "2025-12-27T16:34:57.018741"
    },
    {
      "symbol": "WCTUSDT",
      "status": "COMPLETED",
      "total_candles": 200,
      "processed_candles": 101,
      "success_rate": 50.5,
      "timestamp": "2025-12-27T16:34:58.628712"
    },
    {
      "symbol": "EIGENUSDT",
      "status": "COMPLETED",
      "total_candles": 200,
      "processed_candles": 101,
      "success_rate": 50.5,
      "timestamp": "2025-12-27T16:35:00.264009"
    },
    {
      "symbol": "NEWTUSDT",
      "status": "COMPLETED",
      "total_candles": 200,
      "processed_candles": 101,
      "success_rate": 50.5,
      "timestamp": "2025-12-27T16:35:02.053337"
    },
    {
      "symbol": "LGCTUSDT",
      "status": "NO_DATA",
      "processed": 0
    },
    {
      "symbol": "SXPUSDT",
      "status": "COMPLETED",
      "total_candles": 200,
      "processed_candles": 101,
      "success_rate": 50.5,
      "timestamp": "2025-12-27T16:35:04.210119"
    },
    {
      "symbol": "VANAUSDT",
      "status": "COMPLETED",
      "total_candles": 200,
      "processed_candles": 101,
      "success_rate": 50.5,
      "timestamp": "2025-12-27T16:35:06.782832"
    },
    {
      "symbol": "COTIUSDT",
      "status": "COMPLETED",
      "total_candles": 200,
      "processed_candles": 101,
      "success_rate": 50.5,
      "timestamp": "2025-12-27T16:35:09.800349"
    },
    {
      "symbol": "KERNELUSDT",
      "status": "COMPLETED",
      "total_candles": 200,
      "processed_candles": 101,
      "success_rate": 50.5,
      "timestamp": "2025-12-27T16:35:11.538786"
    },
    {
      "symbol": "DYMUSDT",
      "status": "COMPLETED",
      "total_candles": 200,
      "processed_candles": 101,
      "success_rate": 50.5,
      "timestamp": "2025-12-27T16:35:13.197965"
    },
    {
      "symbol": "BEAMXUSDT",
      "status": "COMPLETED",
      "total_candles": 200,
      "processed_candles": 101,
      "success_rate": 50.5,
      "timestamp": "2025-12-27T16:35:15.308370"
    },
    {
      "symbol": "NTRNUSDT",
      "status": "COMPLETED",
      "total_candles": 200,
      "processed_candles": 101,
      "success_rate": 50.5,
      "timestamp": "2025-12-27T16:35:17.380647"
    },
    {
      "symbol": "TIAUSDT",
      "status": "COMPLETED",
      "total_candles": 200,
      "processed_candles": 101,
      "success_rate": 50.5,
      "timestamp": "2025-12-27T16:35:20.239454"
    },
    {
      "symbol": "TUSDT",
      "status": "COMPLETED",
      "total_candles": 200,
      "processed_candles": 101,
      "success_rate": 50.5,
      "timestamp": "2025-12-27T16:35:22.337391"
    },
    {
      "symbol": "RDNTUSDT",
      "status": "COMPLETED",
      "total_candles": 200,
      "processed_candles": 101,
      "success_rate": 50.5,
      "timestamp": "2025-12-27T16:35:24.179673"
    },
    {
      "symbol": "ARPAUSDT",
      "status": "COMPLETED",
      "total_candles": 200,
      "processed_candles": 101,
      "success_rate": 50.5,
      "timestamp": "2025-12-27T16:35:26.565433"
    },
    {
      "symbol": "ARKUSDT",
      "status": "COMPLETED",
      "total_candles": 200,
      "processed_candles": 101,
      "success_rate": 50.5,
      "timestamp": "2025-12-27T16:35:28.271983"
    },
    {
      "symbol": "ATOMUSDT",
      "status": "COMPLETED",
      "total_candles": 200,
      "processed_candles": 101,
      "success_rate": 50.5,
      "timestamp": "2025-12-27T16:35:30.016780"
    },
    {
      "symbol": "RADUSDT",
      "status": "COMPLETED",
      "total_candles": 200,
      "processed_candles": 101,
      "success_rate": 50.5,
      "timestamp": "2025-12-27T16:35:31.901103"
    },
    {
      "symbol": "ENAUSDT",
      "status": "COMPLETED",
      "total_candles": 200,
      "processed_candles": 101,
      "success_rate": 50.5,
      "timestamp": "2025-12-27T16:35:33.630409"
    },
    {
      "symbol": "AWEUSDT",
      "status": "COMPLETED",
      "total_candles": 200,
      "processed_candles": 101,
      "success_rate": 50.5,
      "timestamp": "2025-12-27T16:35:35.335398"
    },
    {
      "symbol": "SCUSDT",
      "status": "COMPLETED",
      "total_candles": 200,
      "processed_candles": 101,
      "success_rate": 50.5,
      "timestamp": "2025-12-27T16:35:36.978653"
    },
    {
      "symbol": "CTSIUSDT",
      "status": "COMPLETED",
      "total_candles": 200,
      "processed_candles": 101,
      "success_rate": 50.5,
      "timestamp": "2025-12-27T16:35:38.530796"
    }
  ],
  "status": "COMPLETED"
}