{
  "block_id": 3,
  "start_time": "2025-12-25T22:39:08.021315",
  "end_time": "2025-12-25T22:40:15.950507",
  "duration_seconds": 67.929192,
  "summary": {
    "total_coins": 29,
    "coins_completed": 29,
    "coins_failed": 0,
    "coins_no_data": 0,
    "total_candles": 5800,
    "processed_candles": 5800,
    "success_rate": 100.0
  },
  "coin_results": [
    {
      "symbol": "BANANAS31USDT",
      "status": "COMPLETED",
      "total_candles": 200,
      "processed_candles": 200,
      "success_rate": 100.0,
      "timestamp": "2025-12-25T22:39:09.725039"
    },
    {
      "symbol": "MOVEUSDT",
      "status": "COMPLETED",
      "total_candles": 200,
      "processed_candles": 200,
      "success_rate": 100.0,
      "timestamp": "2025-12-25T22:39:11.895787"
    },
    {
      "symbol": "BTCUSDT",
      "status": "COMPLETED",
      "total_candles": 200,
      "processed_candles": 200,
      "success_rate": 100.0,
      "timestamp": "2025-12-25T22:39:14.978091"
    },
    {
      "symbol": "MLNUSDT",
      "status": "COMPLETED",
      "total_candles": 200,
      "processed_candles": 200,
      "success_rate": 100.0,
      "timestamp": "2025-12-25T22:39:18.916660"
    },
    {
      "symbol": "DOTUSDT",
      "status": "COMPLETED",
      "total_candles": 200,
      "processed_candles": 200,
      "success_rate": 100.0,
      "timestamp": "2025-12-25T22:39:22.469971"
    },
    {
      "symbol": "FIDAUSDT",
      "status": "COMPLETED",
      "total_candles": 200,
      "processed_candles": 200,
      "success_rate": 100.0,
      "timestamp": "2025-12-25T22:39:24.392653"
    },
    {
      "symbol": "FILUSDT",
      "status": "COMPLETED",
      "total_candles": 200,
      "processed_candles": 200,
      "success_rate": 100.0,
      "timestamp": "2025-12-25T22:39:26.353587"
    },
    {
      "symbol": "AWEUSDT",
      "status": "COMPLETED",
      "total_candles": 200,
      "processed_candles": 200,
      "success_rate": 100.0,
      "timestamp": "2025-12-25T22:39:28.232839"
    },
    {
      "symbol": "XLMUSDT",
      "status": "COMPLETED",
      "total_candles": 200,
      "processed_candles": 200,
      "success_rate": 100.0,
      "timestamp": "2025-12-25T22:39:30.107151"
    },
    {
      "symbol": "OMUSDT",
      "status": "COMPLETED",
      "total_candles": 200,
      "processed_candles": 200,
      "success_rate": 100.0,
      "timestamp": "2025-12-25T22:39:31.991628"
    },
    {
      "symbol": "ETHFIUSDT",
      "status": "COMPLETED",
      "total_candles": 200,
      "processed_candles": 200,
      "success_rate": 100.0,
      "timestamp": "2025-12-25T22:39:34.002207"
    },
    {
      "symbol": "USTCUSDT",
      "status": "COMPLETED",
      "total_candles": 200,
      "processed_candles": 200,
      "success_rate": 100.0,
      "timestamp": "2025-12-25T22:39:35.968869"
    },
    {
      "symbol": "BROCCOLI714USDT",
      "status": "COMPLETED",
      "total_candles": 200,
      "processed_candles": 200,
      "success_rate": 100.0,
      "timestamp": "2025-12-25T22:39:37.933820"
    },
    {
      "symbol": "ONEUSDT",
      "status": "COMPLETED",
      "total_candles": 200,
      "processed_candles": 200,
      "success_rate": 100.0,
      "timestamp": "2025-12-25T22:39:40.035715"
    },
    {
      "symbol": "ARUSDT",
      "status": "COMPLETED",
      "total_candles": 200,
      "processed_candles": 200,
      "success_rate": 100.0,
      "timestamp": "2025-12-25T22:39:42.270863"
    },
    {
      "symbol": "MAVUSDT",
      "status": "COMPLETED",
      "total_candles": 200,
      "processed_candles": 200,
      "success_rate": 100.0,
      "timestamp": "2025-12-25T22:39:46.494879"
    },
    {
      "symbol": "RENDERUSDT",
      "status": "COMPLETED",
      "total_candles": 200,
      "processed_candles": 200,
      "success_rate": 100.0,
      "timestamp": "2025-12-25T22:39:50.514931"
    },
    {
      "symbol": "SKLUSDT",
      "status": "COMPLETED",
      "total_candles": 200,
      "processed_candles": 200,
      "success_rate": 100.0,
      "timestamp": "2025-12-25T22:39:54.034384"
    },
    {
      "symbol": "NMRUSDT",
      "status": "COMPLETED",
      "total_candles": 200,
      "processed_candles": 200,
      "success_rate": 100.0,
      "timestamp": "2025-12-25T22:39:55.986689"
    },
    {
      "symbol": "COTIUSDT",
      "status": "COMPLETED",
      "total_candles": 200,
      "processed_candles": 200,
      "success_rate": 100.0,
      "timestamp": "2025-12-25T22:39:58.025402"
    },
    {
      "symbol": "EURUSDT",
      "status": "COMPLETED",
      "total_candles": 200,
      "processed_candles": 200,
      "success_rate": 100.0,
      "timestamp": "2025-12-25T22:40:00.044143"
    },
    {
      "symbol": "INJUSDT",
      "status": "COMPLETED",
      "total_candles": 200,
      "processed_candles": 200,
      "success_rate": 100.0,
      "timestamp": "2025-12-25T22:40:01.942080"
    },
    {
      "symbol": "FORMUSDT",
      "status": "COMPLETED",
      "total_candles": 200,
      "processed_candles": 200,
      "success_rate": 100.0,
      "timestamp": "2025-12-25T22:40:04.089941"
    },
    {
      "symbol": "USDCUSDT",
      "status": "COMPLETED",
      "total_candles": 200,
      "processed_candles": 200,
      "success_rate": 100.0,
      "timestamp": "2025-12-25T22:40:06.094194"
    },
    {
      "symbol": "ETHUSDT",
      "status": "COMPLETED",
      "total_candles": 200,
      "processed_candles": 200,
      "success_rate": 100.0,
      "timestamp": "2025-12-25T22:40:08.115561"
    },
    {
      "symbol": "BLURUSDT",
      "status": "COMPLETED",
      "total_candles": 200,
      "processed_candles": 200,
      "success_rate": 100.0,
      "timestamp": "2025-12-25T22:40:10.107302"
    },
    {
      "symbol": "EURIUSDT",
      "status": "COMPLETED",
      "total_candles": 200,
      "processed_candles": 200,
      "success_rate": 100.0,
      "timestamp": "2025-12-25T22:40:12.021778"
    },
    {
      "symbol": "APTUSDT",
      "status": "COMPLETED",
      "total_candles": 200,
      "processed_candles": 200,
      "success_rate": 100.0,
      "timestamp": "2025-12-25T22:40:14.003195"
    },
    {
      "symbol": "QKCUSDT",
      "status": "COMPLETED",
      "total_candles": 200,
      "processed_candles": 200,
      "success_rate": 100.0,
      "timestamp": "2025-12-25T22:40:15.950507"
    }
  ],
  "status": "COMPLETED"
}