{
  "block_id": 2,
  "start_time": "2025-12-31T23:03:31.953546",
  "end_time": "2025-12-31T23:06:31.006549",
  "duration_seconds": 179.053003,
  "summary": {
    "total_coins": 20,
    "coins_completed": 20,
    "coins_failed": 0,
    "coins_no_data": 0,
    "total_candles": 12200,
    "processed_candles": 10102,
    "success_rate": 82.8032786885246
  },
  "coin_results": [
    {
      "symbol": "YFIIUSDT",
      "status": "COMPLETED",
      "timeframes_processed": 3,
      "timeframe_results": [
        {
          "symbol": "YFIIUSDT",
          "timeframe": "15m",
          "status": "COMPLETED",
          "total_candles": 200,
          "processed_candles": 154,
          "success_rate": 77.0,
          "timestamp": "2025-12-31T23:03:34.327901"
        },
        {
          "symbol": "YFIIUSDT",
          "timeframe": "1h",
          "status": "COMPLETED",
          "total_candles": 200,
          "processed_candles": 81,
          "success_rate": 40.5,
          "timestamp": "2025-12-31T23:03:36.011260"
        },
        {
          "symbol": "YFIIUSDT",
          "timeframe": "4h",
          "status": "COMPLETED",
          "total_candles": 200,
          "processed_candles": 101,
          "success_rate": 50.5,
          "timestamp": "2025-12-31T23:03:37.845320"
        }
      ],
      "total_candles": 600,
      "processed_candles": 336,
      "success_rate": 56.00000000000001,
      "timestamp": "2025-12-31T23:03:37.845320"
    },
    {
      "symbol": "BETHUSDT",
      "status": "COMPLETED",
      "timeframes_processed": 3,
      "timeframe_results": [
        {
          "symbol": "BETHUSDT",
          "timeframe": "15m",
          "status": "COMPLETED",
          "total_candles": 200,
          "processed_candles": 1,
          "success_rate": 0.5,
          "timestamp": "2025-12-31T23:03:38.815227"
        },
        {
          "symbol": "BETHUSDT",
          "timeframe": "1h",
          "status": "COMPLETED",
          "total_candles": 200,
          "processed_candles": 105,
          "success_rate": 52.5,
          "timestamp": "2025-12-31T23:03:40.893798"
        },
        {
          "symbol": "BETHUSDT",
          "timeframe": "4h",
          "status": "COMPLETED",
          "total_candles": 200,
          "processed_candles": 1,
          "success_rate": 0.5,
          "timestamp": "2025-12-31T23:03:41.705449"
        }
      ],
      "total_candles": 600,
      "processed_candles": 107,
      "success_rate": 17.833333333333336,
      "timestamp": "2025-12-31T23:03:41.705449"
    },
    {
      "symbol": "MCUSDT",
      "status": "COMPLETED",
      "timeframes_processed": 3,
      "timeframe_results": [
        {
          "symbol": "MCUSDT",
          "timeframe": "15m",
          "status": "COMPLETED",
          "total_candles": 200,
          "processed_candles": 176,
          "success_rate": 88.0,
          "timestamp": "2025-12-31T23:03:46.464195"
        },
        {
          "symbol": "MCUSDT",
          "timeframe": "1h",
          "status": "COMPLETED",
          "total_candles": 200,
          "processed_candles": 176,
          "success_rate": 88.0,
          "timestamp": "2025-12-31T23:03:50.032621"
        },
        {
          "symbol": "MCUSDT",
          "timeframe": "4h",
          "status": "COMPLETED",
          "total_candles": 200,
          "processed_candles": 176,
          "success_rate": 88.0,
          "timestamp": "2025-12-31T23:03:52.670352"
        }
      ],
      "total_candles": 600,
      "processed_candles": 528,
      "success_rate": 88.0,
      "timestamp": "2025-12-31T23:03:52.671354"
    },
    {
      "symbol": "TOMOUSDT",
      "status": "COMPLETED",
      "timeframes_processed": 3,
      "timeframe_results": [
        {
          "symbol": "TOMOUSDT",
          "timeframe": "15m",
          "status": "COMPLETED",
          "total_candles": 200,
          "processed_candles": 176,
          "success_rate": 88.0,
          "timestamp": "2025-12-31T23:03:55.376631"
        },
        {
          "symbol": "TOMOUSDT",
          "timeframe": "1h",
          "status": "COMPLETED",
          "total_candles": 200,
          "processed_candles": 176,
          "success_rate": 88.0,
          "timestamp": "2025-12-31T23:03:57.998545"
        },
        {
          "symbol": "TOMOUSDT",
          "timeframe": "4h",
          "status": "COMPLETED",
          "total_candles": 200,
          "processed_candles": 176,
          "success_rate": 88.0,
          "timestamp": "2025-12-31T23:04:00.573011"
        }
      ],
      "total_candles": 600,
      "processed_candles": 528,
      "success_rate": 88.0,
      "timestamp": "2025-12-31T23:04:00.574013"
    },
    {
      "symbol": "TVKUSDT",
      "status": "COMPLETED",
      "timeframes_processed": 3,
      "timeframe_results": [
        {
          "symbol": "TVKUSDT",
          "timeframe": "15m",
          "status": "COMPLETED",
          "total_candles": 200,
          "processed_candles": 176,
          "success_rate": 88.0,
          "timestamp": "2025-12-31T23:04:03.287260"
        },
        {
          "symbol": "TVKUSDT",
          "timeframe": "1h",
          "status": "COMPLETED",
          "total_candles": 200,
          "processed_candles": 176,
          "success_rate": 88.0,
          "timestamp": "2025-12-31T23:04:05.972901"
        },
        {
          "symbol": "TVKUSDT",
          "timeframe": "4h",
          "status": "COMPLETED",
          "total_candles": 200,
          "processed_candles": 176,
          "success_rate": 88.0,
          "timestamp": "2025-12-31T23:04:08.588438"
        }
      ],
      "total_candles": 600,
      "processed_candles": 528,
      "success_rate": 88.0,
      "timestamp": "2025-12-31T23:04:08.588438"
    },
    {
      "symbol": "XMRUSDT",
      "status": "COMPLETED",
      "timeframes_processed": 4,
      "timeframe_results": [
        {
          "symbol": "XMRUSDT",
          "timeframe": "5m",
          "status": "COMPLETED",
          "total_candles": 200,
          "processed_candles": 176,
          "success_rate": 88.0,
          "timestamp": "2025-12-31T23:04:11.545600"
        },
        {
          "symbol": "XMRUSDT",
          "timeframe": "15m",
          "status": "COMPLETED",
          "total_candles": 200,
          "processed_candles": 176,
          "success_rate": 88.0,
          "timestamp": "2025-12-31T23:04:14.241284"
        },
        {
          "symbol": "XMRUSDT",
          "timeframe": "1h",
          "status": "COMPLETED",
          "total_candles": 200,
          "processed_candles": 176,
          "success_rate": 88.0,
          "timestamp": "2025-12-31T23:04:16.950711"
        },
        {
          "symbol": "XMRUSDT",
          "timeframe": "4h",
          "status": "COMPLETED",
          "total_candles": 200,
          "processed_candles": 155,
          "success_rate": 77.5,
          "timestamp": "2025-12-31T23:04:19.445706"
        }
      ],
      "total_candles": 800,
      "processed_candles": 683,
      "success_rate": 85.375,
      "timestamp": "2025-12-31T23:04:19.446708"
    },
    {
      "symbol": "PLAUSDT",
      "status": "COMPLETED",
      "timeframes_processed": 3,
      "timeframe_results": [
        {
          "symbol": "PLAUSDT",
          "timeframe": "15m",
          "status": "COMPLETED",
          "total_candles": 200,
          "processed_candles": 176,
          "success_rate": 88.0,
          "timestamp": "2025-12-31T23:04:22.277734"
        },
        {
          "symbol": "PLAUSDT",
          "timeframe": "1h",
          "status": "COMPLETED",
          "total_candles": 200,
          "processed_candles": 176,
          "success_rate": 88.0,
          "timestamp": "2025-12-31T23:04:25.015825"
        },
        {
          "symbol": "PLAUSDT",
          "timeframe": "4h",
          "status": "COMPLETED",
          "total_candles": 200,
          "processed_candles": 176,
          "success_rate": 88.0,
          "timestamp": "2025-12-31T23:04:29.280902"
        }
      ],
      "total_candles": 600,
      "processed_candles": 528,
      "success_rate": 88.0,
      "timestamp": "2025-12-31T23:04:29.281903"
    },
    {
      "symbol": "OMGUSDT",
      "status": "COMPLETED",
      "timeframes_processed": 3,
      "timeframe_results": [
        {
          "symbol": "OMGUSDT",
          "timeframe": "15m",
          "status": "COMPLETED",
          "total_candles": 200,
          "processed_candles": 176,
          "success_rate": 88.0,
          "timestamp": "2025-12-31T23:04:33.022306"
        },
        {
          "symbol": "OMGUSDT",
          "timeframe": "1h",
          "status": "COMPLETED",
          "total_candles": 200,
          "processed_candles": 176,
          "success_rate": 88.0,
          "timestamp": "2025-12-31T23:04:37.550967"
        },
        {
          "symbol": "OMGUSDT",
          "timeframe": "4h",
          "status": "COMPLETED",
          "total_candles": 200,
          "processed_candles": 176,
          "success_rate": 88.0,
          "timestamp": "2025-12-31T23:04:40.427316"
        }
      ],
      "total_candles": 600,
      "processed_candles": 528,
      "success_rate": 88.0,
      "timestamp": "2025-12-31T23:04:40.427316"
    },
    {
      "symbol": "AGIXUSDT",
      "status": "COMPLETED",
      "timeframes_processed": 3,
      "timeframe_results": [
        {
          "symbol": "AGIXUSDT",
          "timeframe": "15m",
          "status": "COMPLETED",
          "total_candles": 200,
          "processed_candles": 176,
          "success_rate": 88.0,
          "timestamp": "2025-12-31T23:04:43.113225"
        },
        {
          "symbol": "AGIXUSDT",
          "timeframe": "1h",
          "status": "COMPLETED",
          "total_candles": 200,
          "processed_candles": 176,
          "success_rate": 88.0,
          "timestamp": "2025-12-31T23:04:45.742785"
        },
        {
          "symbol": "AGIXUSDT",
          "timeframe": "4h",
          "status": "COMPLETED",
          "total_candles": 200,
          "processed_candles": 176,
          "success_rate": 88.0,
          "timestamp": "2025-12-31T23:04:48.348604"
        }
      ],
      "total_candles": 600,
      "processed_candles": 528,
      "success_rate": 88.0,
      "timestamp": "2025-12-31T23:04:48.348604"
    },
    {
      "symbol": "GALUSDT",
      "status": "COMPLETED",
      "timeframes_processed": 3,
      "timeframe_results": [
        {
          "symbol": "GALUSDT",
          "timeframe": "15m",
          "status": "COMPLETED",
          "total_candles": 200,
          "processed_candles": 176,
          "success_rate": 88.0,
          "timestamp": "2025-12-31T23:04:51.091620"
        },
        {
          "symbol": "GALUSDT",
          "timeframe": "1h",
          "status": "COMPLETED",
          "total_candles": 200,
          "processed_candles": 176,
          "success_rate": 88.0,
          "timestamp": "2025-12-31T23:04:53.736665"
        },
        {
          "symbol": "GALUSDT",
          "timeframe": "4h",
          "status": "COMPLETED",
          "total_candles": 200,
          "processed_candles": 176,
          "success_rate": 88.0,
          "timestamp": "2025-12-31T23:04:56.587511"
        }
      ],
      "total_candles": 600,
      "processed_candles": 528,
      "success_rate": 88.0,
      "timestamp": "2025-12-31T23:04:56.588511"
    },
    {
      "symbol": "RNDRUSDT",
      "status": "COMPLETED",
      "timeframes_processed": 3,
      "timeframe_results": [
        {
          "symbol": "RNDRUSDT",
          "timeframe": "15m",
          "status": "COMPLETED",
          "total_candles": 200,
          "processed_candles": 176,
          "success_rate": 88.0,
          "timestamp": "2025-12-31T23:04:59.328265"
        },
        {
          "symbol": "RNDRUSDT",
          "timeframe": "1h",
          "status": "COMPLETED",
          "total_candles": 200,
          "processed_candles": 176,
          "success_rate": 88.0,
          "timestamp": "2025-12-31T23:05:02.044079"
        },
        {
          "symbol": "RNDRUSDT",
          "timeframe": "4h",
          "status": "COMPLETED",
          "total_candles": 200,
          "processed_candles": 176,
          "success_rate": 88.0,
          "timestamp": "2025-12-31T23:05:04.873706"
        }
      ],
      "total_candles": 600,
      "processed_candles": 528,
      "success_rate": 88.0,
      "timestamp": "2025-12-31T23:05:04.874711"
    },
    {
      "symbol": "BONDUSDT",
      "status": "COMPLETED",
      "timeframes_processed": 3,
      "timeframe_results": [
        {
          "symbol": "BONDUSDT",
          "timeframe": "15m",
          "status": "COMPLETED",
          "total_candles": 200,
          "processed_candles": 176,
          "success_rate": 88.0,
          "timestamp": "2025-12-31T23:05:07.608677"
        },
        {
          "symbol": "BONDUSDT",
          "timeframe": "1h",
          "status": "COMPLETED",
          "total_candles": 200,
          "processed_candles": 176,
          "success_rate": 88.0,
          "timestamp": "2025-12-31T23:05:10.431650"
        },
        {
          "symbol": "BONDUSDT",
          "timeframe": "4h",
          "status": "COMPLETED",
          "total_candles": 200,
          "processed_candles": 176,
          "success_rate": 88.0,
          "timestamp": "2025-12-31T23:05:13.182166"
        }
      ],
      "total_candles": 600,
      "processed_candles": 528,
      "success_rate": 88.0,
      "timestamp": "2025-12-31T23:05:13.182166"
    },
    {
      "symbol": "LOOMUSDT",
      "status": "COMPLETED",
      "timeframes_processed": 3,
      "timeframe_results": [
        {
          "symbol": "LOOMUSDT",
          "timeframe": "15m",
          "status": "COMPLETED",
          "total_candles": 200,
          "processed_candles": 176,
          "success_rate": 88.0,
          "timestamp": "2025-12-31T23:05:15.946631"
        },
        {
          "symbol": "LOOMUSDT",
          "timeframe": "1h",
          "status": "COMPLETED",
          "total_candles": 200,
          "processed_candles": 176,
          "success_rate": 88.0,
          "timestamp": "2025-12-31T23:05:19.397550"
        },
        {
          "symbol": "LOOMUSDT",
          "timeframe": "4h",
          "status": "COMPLETED",
          "total_candles": 200,
          "processed_candles": 176,
          "success_rate": 88.0,
          "timestamp": "2025-12-31T23:05:22.194464"
        }
      ],
      "total_candles": 600,
      "processed_candles": 528,
      "success_rate": 88.0,
      "timestamp": "2025-12-31T23:05:22.195465"
    },
    {
      "symbol": "MATICUSDT",
      "status": "COMPLETED",
      "timeframes_processed": 3,
      "timeframe_results": [
        {
          "symbol": "MATICUSDT",
          "timeframe": "15m",
          "status": "COMPLETED",
          "total_candles": 200,
          "processed_candles": 176,
          "success_rate": 88.0,
          "timestamp": "2025-12-31T23:05:25.013891"
        },
        {
          "symbol": "MATICUSDT",
          "timeframe": "1h",
          "status": "COMPLETED",
          "total_candles": 200,
          "processed_candles": 176,
          "success_rate": 88.0,
          "timestamp": "2025-12-31T23:05:27.912310"
        },
        {
          "symbol": "MATICUSDT",
          "timeframe": "4h",
          "status": "COMPLETED",
          "total_candles": 200,
          "processed_candles": 176,
          "success_rate": 88.0,
          "timestamp": "2025-12-31T23:05:31.140385"
        }
      ],
      "total_candles": 600,
      "processed_candles": 528,
      "success_rate": 88.0,
      "timestamp": "2025-12-31T23:05:31.141384"
    },
    {
      "symbol": "KLAYUSDT",
      "status": "COMPLETED",
      "timeframes_processed": 3,
      "timeframe_results": [
        {
          "symbol": "KLAYUSDT",
          "timeframe": "15m",
          "status": "COMPLETED",
          "total_candles": 200,
          "processed_candles": 176,
          "success_rate": 88.0,
          "timestamp": "2025-12-31T23:05:35.574895"
        },
        {
          "symbol": "KLAYUSDT",
          "timeframe": "1h",
          "status": "COMPLETED",
          "total_candles": 200,
          "processed_candles": 176,
          "success_rate": 88.0,
          "timestamp": "2025-12-31T23:05:40.959227"
        },
        {
          "symbol": "KLAYUSDT",
          "timeframe": "4h",
          "status": "COMPLETED",
          "total_candles": 200,
          "processed_candles": 176,
          "success_rate": 88.0,
          "timestamp": "2025-12-31T23:05:44.153379"
        }
      ],
      "total_candles": 600,
      "processed_candles": 528,
      "success_rate": 88.0,
      "timestamp": "2025-12-31T23:05:44.154378"
    },
    {
      "symbol": "BLZUSDT",
      "status": "COMPLETED",
      "timeframes_processed": 3,
      "timeframe_results": [
        {
          "symbol": "BLZUSDT",
          "timeframe": "15m",
          "status": "COMPLETED",
          "total_candles": 200,
          "processed_candles": 176,
          "success_rate": 88.0,
          "timestamp": "2025-12-31T23:05:47.149555"
        },
        {
          "symbol": "BLZUSDT",
          "timeframe": "1h",
          "status": "COMPLETED",
          "total_candles": 200,
          "processed_candles": 176,
          "success_rate": 88.0,
          "timestamp": "2025-12-31T23:05:50.000331"
        },
        {
          "symbol": "BLZUSDT",
          "timeframe": "4h",
          "status": "COMPLETED",
          "total_candles": 200,
          "processed_candles": 176,
          "success_rate": 88.0,
          "timestamp": "2025-12-31T23:05:52.845971"
        }
      ],
      "total_candles": 600,
      "processed_candles": 528,
      "success_rate": 88.0,
      "timestamp": "2025-12-31T23:05:52.846973"
    },
    {
      "symbol": "DARUSDT",
      "status": "COMPLETED",
      "timeframes_processed": 3,
      "timeframe_results": [
        {
          "symbol": "DARUSDT",
          "timeframe": "15m",
          "status": "COMPLETED",
          "total_candles": 200,
          "processed_candles": 176,
          "success_rate": 88.0,
          "timestamp": "2025-12-31T23:05:55.882981"
        },
        {
          "symbol": "DARUSDT",
          "timeframe": "1h",
          "status": "COMPLETED",
          "total_candles": 200,
          "processed_candles": 176,
          "success_rate": 88.0,
          "timestamp": "2025-12-31T23:05:59.258980"
        },
        {
          "symbol": "DARUSDT",
          "timeframe": "4h",
          "status": "COMPLETED",
          "total_candles": 200,
          "processed_candles": 176,
          "success_rate": 88.0,
          "timestamp": "2025-12-31T23:06:02.345817"
        }
      ],
      "total_candles": 600,
      "processed_candles": 528,
      "success_rate": 88.0,
      "timestamp": "2025-12-31T23:06:02.345817"
    },
    {
      "symbol": "FTMUSDT",
      "status": "COMPLETED",
      "timeframes_processed": 3,
      "timeframe_results": [
        {
          "symbol": "FTMUSDT",
          "timeframe": "15m",
          "status": "COMPLETED",
          "total_candles": 200,
          "processed_candles": 176,
          "success_rate": 88.0,
          "timestamp": "2025-12-31T23:06:05.660741"
        },
        {
          "symbol": "FTMUSDT",
          "timeframe": "1h",
          "status": "COMPLETED",
          "total_candles": 200,
          "processed_candles": 176,
          "success_rate": 88.0,
          "timestamp": "2025-12-31T23:06:08.919831"
        },
        {
          "symbol": "FTMUSDT",
          "timeframe": "4h",
          "status": "COMPLETED",
          "total_candles": 200,
          "processed_candles": 176,
          "success_rate": 88.0,
          "timestamp": "2025-12-31T23:06:12.093379"
        }
      ],
      "total_candles": 600,
      "processed_candles": 528,
      "success_rate": 88.0,
      "timestamp": "2025-12-31T23:06:12.093379"
    },
    {
      "symbol": "LITUSDT",
      "status": "COMPLETED",
      "timeframes_processed": 3,
      "timeframe_results": [
        {
          "symbol": "LITUSDT",
          "timeframe": "15m",
          "status": "COMPLETED",
          "total_candles": 200,
          "processed_candles": 176,
          "success_rate": 88.0,
          "timestamp": "2025-12-31T23:06:15.383171"
        },
        {
          "symbol": "LITUSDT",
          "timeframe": "1h",
          "status": "COMPLETED",
          "total_candles": 200,
          "processed_candles": 176,
          "success_rate": 88.0,
          "timestamp": "2025-12-31T23:06:18.497535"
        },
        {
          "symbol": "LITUSDT",
          "timeframe": "4h",
          "status": "COMPLETED",
          "total_candles": 200,
          "processed_candles": 176,
          "success_rate": 88.0,
          "timestamp": "2025-12-31T23:06:21.536826"
        }
      ],
      "total_candles": 600,
      "processed_candles": 528,
      "success_rate": 88.0,
      "timestamp": "2025-12-31T23:06:21.539161"
    },
    {
      "symbol": "ERNUSDT",
      "status": "COMPLETED",
      "timeframes_processed": 3,
      "timeframe_results": [
        {
          "symbol": "ERNUSDT",
          "timeframe": "15m",
          "status": "COMPLETED",
          "total_candles": 200,
          "processed_candles": 176,
          "success_rate": 88.0,
          "timestamp": "2025-12-31T23:06:24.797797"
        },
        {
          "symbol": "ERNUSDT",
          "timeframe": "1h",
          "status": "COMPLETED",
          "total_candles": 200,
          "processed_candles": 176,
          "success_rate": 88.0,
          "timestamp": "2025-12-31T23:06:28.018556"
        },
        {
          "symbol": "ERNUSDT",
          "timeframe": "4h",
          "status": "COMPLETED",
          "total_candles": 200,
          "processed_candles": 176,
          "success_rate": 88.0,
          "timestamp": "2025-12-31T23:06:31.006549"
        }
      ],
      "total_candles": 600,
      "processed_candles": 528,
      "success_rate": 88.0,
      "timestamp": "2025-12-31T23:06:31.006549"
    }
  ],
  "status": "COMPLETED"
}