{
  "block_id": 6,
  "start_time": "2025-12-24T15:04:24.294675",
  "end_time": "2025-12-24T15:05:30.202950",
  "duration_seconds": 65.908275,
  "summary": {
    "total_coins": 29,
    "coins_completed": 29,
    "coins_failed": 0,
    "coins_no_data": 0,
    "total_candles": 5800,
    "processed_candles": 5800,
    "success_rate": 100.0
  },
  "coin_results": [
    {
      "symbol": "USDSUSDT",
      "status": "COMPLETED",
      "total_candles": 200,
      "processed_candles": 200,
      "success_rate": 100.0,
      "timestamp": "2025-12-24T15:04:26.332601"
    },
    {
      "symbol": "HOLOUSDT",
      "status": "COMPLETED",
      "total_candles": 200,
      "processed_candles": 200,
      "success_rate": 100.0,
      "timestamp": "2025-12-24T15:04:28.596671"
    },
    {
      "symbol": "ZILUSDT",
      "status": "COMPLETED",
      "total_candles": 200,
      "processed_candles": 200,
      "success_rate": 100.0,
      "timestamp": "2025-12-24T15:04:31.135109"
    },
    {
      "symbol": "TUSDT",
      "status": "COMPLETED",
      "total_candles": 200,
      "processed_candles": 200,
      "success_rate": 100.0,
      "timestamp": "2025-12-24T15:04:33.210769"
    },
    {
      "symbol": "PSGUSDT",
      "status": "COMPLETED",
      "total_candles": 200,
      "processed_candles": 200,
      "success_rate": 100.0,
      "timestamp": "2025-12-24T15:04:35.288916"
    },
    {
      "symbol": "OSMOUSDT",
      "status": "COMPLETED",
      "total_candles": 200,
      "processed_candles": 200,
      "success_rate": 100.0,
      "timestamp": "2025-12-24T15:04:37.346061"
    },
    {
      "symbol": "TAOUSDT",
      "status": "COMPLETED",
      "total_candles": 200,
      "processed_candles": 200,
      "success_rate": 100.0,
      "timestamp": "2025-12-24T15:04:39.288848"
    },
    {
      "symbol": "IMXUSDT",
      "status": "COMPLETED",
      "total_candles": 200,
      "processed_candles": 200,
      "success_rate": 100.0,
      "timestamp": "2025-12-24T15:04:41.282209"
    },
    {
      "symbol": "VICUSDT",
      "status": "COMPLETED",
      "total_candles": 200,
      "processed_candles": 200,
      "success_rate": 100.0,
      "timestamp": "2025-12-24T15:04:43.278881"
    },
    {
      "symbol": "LDOUSDT",
      "status": "COMPLETED",
      "total_candles": 200,
      "processed_candles": 200,
      "success_rate": 100.0,
      "timestamp": "2025-12-24T15:04:45.274183"
    },
    {
      "symbol": "SXPUSDT",
      "status": "COMPLETED",
      "total_candles": 200,
      "processed_candles": 200,
      "success_rate": 100.0,
      "timestamp": "2025-12-24T15:04:47.290959"
    },
    {
      "symbol": "ENAUSDT",
      "status": "COMPLETED",
      "total_candles": 200,
      "processed_candles": 200,
      "success_rate": 100.0,
      "timestamp": "2025-12-24T15:04:49.284934"
    },
    {
      "symbol": "TLMUSDT",
      "status": "COMPLETED",
      "total_candles": 200,
      "processed_candles": 200,
      "success_rate": 100.0,
      "timestamp": "2025-12-24T15:04:51.276433"
    },
    {
      "symbol": "CRVUSDT",
      "status": "COMPLETED",
      "total_candles": 200,
      "processed_candles": 200,
      "success_rate": 100.0,
      "timestamp": "2025-12-24T15:04:53.289218"
    },
    {
      "symbol": "FIROUSDT",
      "status": "COMPLETED",
      "total_candles": 200,
      "processed_candles": 200,
      "success_rate": 100.0,
      "timestamp": "2025-12-24T15:04:55.391371"
    },
    {
      "symbol": "CELOUSDT",
      "status": "COMPLETED",
      "total_candles": 200,
      "processed_candles": 200,
      "success_rate": 100.0,
      "timestamp": "2025-12-24T15:04:57.414805"
    },
    {
      "symbol": "FIDAUSDT",
      "status": "COMPLETED",
      "total_candles": 200,
      "processed_candles": 200,
      "success_rate": 100.0,
      "timestamp": "2025-12-24T15:04:59.397247"
    },
    {
      "symbol": "CGPTUSDT",
      "status": "COMPLETED",
      "total_candles": 200,
      "processed_candles": 200,
      "success_rate": 100.0,
      "timestamp": "2025-12-24T15:05:01.528322"
    },
    {
      "symbol": "TOWNSUSDT",
      "status": "COMPLETED",
      "total_candles": 200,
      "processed_candles": 200,
      "success_rate": 100.0,
      "timestamp": "2025-12-24T15:05:03.556111"
    },
    {
      "symbol": "ATMUSDT",
      "status": "COMPLETED",
      "total_candles": 200,
      "processed_candles": 200,
      "success_rate": 100.0,
      "timestamp": "2025-12-24T15:05:05.593624"
    },
    {
      "symbol": "MDTUSDT",
      "status": "COMPLETED",
      "total_candles": 200,
      "processed_candles": 200,
      "success_rate": 100.0,
      "timestamp": "2025-12-24T15:05:07.879583"
    },
    {
      "symbol": "TNSRUSDT",
      "status": "COMPLETED",
      "total_candles": 200,
      "processed_candles": 200,
      "success_rate": 100.0,
      "timestamp": "2025-12-24T15:05:10.068515"
    },
    {
      "symbol": "POLYXUSDT",
      "status": "COMPLETED",
      "total_candles": 200,
      "processed_candles": 200,
      "success_rate": 100.0,
      "timestamp": "2025-12-24T15:05:12.281496"
    },
    {
      "symbol": "ASRUSDT",
      "status": "COMPLETED",
      "total_candles": 200,
      "processed_candles": 200,
      "success_rate": 100.0,
      "timestamp": "2025-12-24T15:05:14.472466"
    },
    {
      "symbol": "AMPUSDT",
      "status": "COMPLETED",
      "total_candles": 200,
      "processed_candles": 200,
      "success_rate": 100.0,
      "timestamp": "2025-12-24T15:05:16.741950"
    },
    {
      "symbol": "ZROUSDT",
      "status": "COMPLETED",
      "total_candles": 200,
      "processed_candles": 200,
      "success_rate": 100.0,
      "timestamp": "2025-12-24T15:05:20.303565"
    },
    {
      "symbol": "PHBUSDT",
      "status": "COMPLETED",
      "total_candles": 200,
      "processed_candles": 200,
      "success_rate": 100.0,
      "timestamp": "2025-12-24T15:05:23.783742"
    },
    {
      "symbol": "TUSDUSDT",
      "status": "COMPLETED",
      "total_candles": 200,
      "processed_candles": 200,
      "success_rate": 100.0,
      "timestamp": "2025-12-24T15:05:27.097071"
    },
    {
      "symbol": "TORNUSDT",
      "status": "COMPLETED",
      "total_candles": 200,
      "processed_candles": 200,
      "success_rate": 100.0,
      "timestamp": "2025-12-24T15:05:30.201949"
    }
  ],
  "status": "COMPLETED"
}