{
  "block_id": 4,
  "start_time": "2025-12-31T23:43:46.414902",
  "end_time": "2025-12-31T23:47:47.630202",
  "duration_seconds": 241.2153,
  "summary": {
    "total_coins": 20,
    "coins_completed": 20,
    "coins_failed": 0,
    "coins_no_data": 0,
    "total_candles": 16000,
    "processed_candles": 14080,
    "success_rate": 88.0
  },
  "coin_results": [
    {
      "symbol": "NEOUSDT",
      "status": "COMPLETED",
      "timeframes_processed": 4,
      "timeframe_results": [
        {
          "symbol": "NEOUSDT",
          "timeframe": "5m",
          "status": "COMPLETED",
          "total_candles": 200,
          "processed_candles": 176,
          "success_rate": 88.0,
          "timestamp": "2025-12-31T23:43:48.937886"
        },
        {
          "symbol": "NEOUSDT",
          "timeframe": "15m",
          "status": "COMPLETED",
          "total_candles": 200,
          "processed_candles": 176,
          "success_rate": 88.0,
          "timestamp": "2025-12-31T23:43:51.555691"
        },
        {
          "symbol": "NEOUSDT",
          "timeframe": "1h",
          "status": "COMPLETED",
          "total_candles": 200,
          "processed_candles": 176,
          "success_rate": 88.0,
          "timestamp": "2025-12-31T23:43:54.047915"
        },
        {
          "symbol": "NEOUSDT",
          "timeframe": "4h",
          "status": "COMPLETED",
          "total_candles": 200,
          "processed_candles": 176,
          "success_rate": 88.0,
          "timestamp": "2025-12-31T23:43:56.710920"
        }
      ],
      "total_candles": 800,
      "processed_candles": 704,
      "success_rate": 88.0,
      "timestamp": "2025-12-31T23:43:56.710920"
    },
    {
      "symbol": "MANAUSDT",
      "status": "COMPLETED",
      "timeframes_processed": 4,
      "timeframe_results": [
        {
          "symbol": "MANAUSDT",
          "timeframe": "5m",
          "status": "COMPLETED",
          "total_candles": 200,
          "processed_candles": 176,
          "success_rate": 88.0,
          "timestamp": "2025-12-31T23:43:59.434420"
        },
        {
          "symbol": "MANAUSDT",
          "timeframe": "15m",
          "status": "COMPLETED",
          "total_candles": 200,
          "processed_candles": 176,
          "success_rate": 88.0,
          "timestamp": "2025-12-31T23:44:02.156191"
        },
        {
          "symbol": "MANAUSDT",
          "timeframe": "1h",
          "status": "COMPLETED",
          "total_candles": 200,
          "processed_candles": 176,
          "success_rate": 88.0,
          "timestamp": "2025-12-31T23:44:05.857963"
        },
        {
          "symbol": "MANAUSDT",
          "timeframe": "4h",
          "status": "COMPLETED",
          "total_candles": 200,
          "processed_candles": 176,
          "success_rate": 88.0,
          "timestamp": "2025-12-31T23:44:09.651975"
        }
      ],
      "total_candles": 800,
      "processed_candles": 704,
      "success_rate": 88.0,
      "timestamp": "2025-12-31T23:44:09.652975"
    },
    {
      "symbol": "RAYUSDT",
      "status": "COMPLETED",
      "timeframes_processed": 4,
      "timeframe_results": [
        {
          "symbol": "RAYUSDT",
          "timeframe": "5m",
          "status": "COMPLETED",
          "total_candles": 200,
          "processed_candles": 176,
          "success_rate": 88.0,
          "timestamp": "2025-12-31T23:44:14.569811"
        },
        {
          "symbol": "RAYUSDT",
          "timeframe": "15m",
          "status": "COMPLETED",
          "total_candles": 200,
          "processed_candles": 176,
          "success_rate": 88.0,
          "timestamp": "2025-12-31T23:44:17.436877"
        },
        {
          "symbol": "RAYUSDT",
          "timeframe": "1h",
          "status": "COMPLETED",
          "total_candles": 200,
          "processed_candles": 176,
          "success_rate": 88.0,
          "timestamp": "2025-12-31T23:44:21.579644"
        },
        {
          "symbol": "RAYUSDT",
          "timeframe": "4h",
          "status": "COMPLETED",
          "total_candles": 200,
          "processed_candles": 176,
          "success_rate": 88.0,
          "timestamp": "2025-12-31T23:44:25.935896"
        }
      ],
      "total_candles": 800,
      "processed_candles": 704,
      "success_rate": 88.0,
      "timestamp": "2025-12-31T23:44:25.936893"
    },
    {
      "symbol": "ZKUSDT",
      "status": "COMPLETED",
      "timeframes_processed": 4,
      "timeframe_results": [
        {
          "symbol": "ZKUSDT",
          "timeframe": "5m",
          "status": "COMPLETED",
          "total_candles": 200,
          "processed_candles": 176,
          "success_rate": 88.0,
          "timestamp": "2025-12-31T23:44:30.409011"
        },
        {
          "symbol": "ZKUSDT",
          "timeframe": "15m",
          "status": "COMPLETED",
          "total_candles": 200,
          "processed_candles": 176,
          "success_rate": 88.0,
          "timestamp": "2025-12-31T23:44:33.312232"
        },
        {
          "symbol": "ZKUSDT",
          "timeframe": "1h",
          "status": "COMPLETED",
          "total_candles": 200,
          "processed_candles": 176,
          "success_rate": 88.0,
          "timestamp": "2025-12-31T23:44:36.292831"
        },
        {
          "symbol": "ZKUSDT",
          "timeframe": "4h",
          "status": "COMPLETED",
          "total_candles": 200,
          "processed_candles": 176,
          "success_rate": 88.0,
          "timestamp": "2025-12-31T23:44:39.511595"
        }
      ],
      "total_candles": 800,
      "processed_candles": 704,
      "success_rate": 88.0,
      "timestamp": "2025-12-31T23:44:39.511595"
    },
    {
      "symbol": "ARUSDT",
      "status": "COMPLETED",
      "timeframes_processed": 4,
      "timeframe_results": [
        {
          "symbol": "ARUSDT",
          "timeframe": "5m",
          "status": "COMPLETED",
          "total_candles": 200,
          "processed_candles": 176,
          "success_rate": 88.0,
          "timestamp": "2025-12-31T23:44:43.053162"
        },
        {
          "symbol": "ARUSDT",
          "timeframe": "15m",
          "status": "COMPLETED",
          "total_candles": 200,
          "processed_candles": 176,
          "success_rate": 88.0,
          "timestamp": "2025-12-31T23:44:46.473360"
        },
        {
          "symbol": "ARUSDT",
          "timeframe": "1h",
          "status": "COMPLETED",
          "total_candles": 200,
          "processed_candles": 176,
          "success_rate": 88.0,
          "timestamp": "2025-12-31T23:44:49.283973"
        },
        {
          "symbol": "ARUSDT",
          "timeframe": "4h",
          "status": "COMPLETED",
          "total_candles": 200,
          "processed_candles": 176,
          "success_rate": 88.0,
          "timestamp": "2025-12-31T23:44:52.889680"
        }
      ],
      "total_candles": 800,
      "processed_candles": 704,
      "success_rate": 88.0,
      "timestamp": "2025-12-31T23:44:52.890681"
    },
    {
      "symbol": "RUNEUSDT",
      "status": "COMPLETED",
      "timeframes_processed": 4,
      "timeframe_results": [
        {
          "symbol": "RUNEUSDT",
          "timeframe": "5m",
          "status": "COMPLETED",
          "total_candles": 200,
          "processed_candles": 176,
          "success_rate": 88.0,
          "timestamp": "2025-12-31T23:44:57.769282"
        },
        {
          "symbol": "RUNEUSDT",
          "timeframe": "15m",
          "status": "COMPLETED",
          "total_candles": 200,
          "processed_candles": 176,
          "success_rate": 88.0,
          "timestamp": "2025-12-31T23:45:00.690801"
        },
        {
          "symbol": "RUNEUSDT",
          "timeframe": "1h",
          "status": "COMPLETED",
          "total_candles": 200,
          "processed_candles": 176,
          "success_rate": 88.0,
          "timestamp": "2025-12-31T23:45:03.871659"
        },
        {
          "symbol": "RUNEUSDT",
          "timeframe": "4h",
          "status": "COMPLETED",
          "total_candles": 200,
          "processed_candles": 176,
          "success_rate": 88.0,
          "timestamp": "2025-12-31T23:45:06.728124"
        }
      ],
      "total_candles": 800,
      "processed_candles": 704,
      "success_rate": 88.0,
      "timestamp": "2025-12-31T23:45:06.729125"
    },
    {
      "symbol": "IMXUSDT",
      "status": "COMPLETED",
      "timeframes_processed": 4,
      "timeframe_results": [
        {
          "symbol": "IMXUSDT",
          "timeframe": "5m",
          "status": "COMPLETED",
          "total_candles": 200,
          "processed_candles": 176,
          "success_rate": 88.0,
          "timestamp": "2025-12-31T23:45:09.629795"
        },
        {
          "symbol": "IMXUSDT",
          "timeframe": "15m",
          "status": "COMPLETED",
          "total_candles": 200,
          "processed_candles": 176,
          "success_rate": 88.0,
          "timestamp": "2025-12-31T23:45:12.398235"
        },
        {
          "symbol": "IMXUSDT",
          "timeframe": "1h",
          "status": "COMPLETED",
          "total_candles": 200,
          "processed_candles": 176,
          "success_rate": 88.0,
          "timestamp": "2025-12-31T23:45:15.173042"
        },
        {
          "symbol": "IMXUSDT",
          "timeframe": "4h",
          "status": "COMPLETED",
          "total_candles": 200,
          "processed_candles": 176,
          "success_rate": 88.0,
          "timestamp": "2025-12-31T23:45:17.971424"
        }
      ],
      "total_candles": 800,
      "processed_candles": 704,
      "success_rate": 88.0,
      "timestamp": "2025-12-31T23:45:17.972425"
    },
    {
      "symbol": "APEUSDT",
      "status": "COMPLETED",
      "timeframes_processed": 4,
      "timeframe_results": [
        {
          "symbol": "APEUSDT",
          "timeframe": "5m",
          "status": "COMPLETED",
          "total_candles": 200,
          "processed_candles": 176,
          "success_rate": 88.0,
          "timestamp": "2025-12-31T23:45:20.851627"
        },
        {
          "symbol": "APEUSDT",
          "timeframe": "15m",
          "status": "COMPLETED",
          "total_candles": 200,
          "processed_candles": 176,
          "success_rate": 88.0,
          "timestamp": "2025-12-31T23:45:23.695529"
        },
        {
          "symbol": "APEUSDT",
          "timeframe": "1h",
          "status": "COMPLETED",
          "total_candles": 200,
          "processed_candles": 176,
          "success_rate": 88.0,
          "timestamp": "2025-12-31T23:45:26.519591"
        },
        {
          "symbol": "APEUSDT",
          "timeframe": "4h",
          "status": "COMPLETED",
          "total_candles": 200,
          "processed_candles": 176,
          "success_rate": 88.0,
          "timestamp": "2025-12-31T23:45:29.350324"
        }
      ],
      "total_candles": 800,
      "processed_candles": 704,
      "success_rate": 88.0,
      "timestamp": "2025-12-31T23:45:29.350324"
    },
    {
      "symbol": "RSRUSDT",
      "status": "COMPLETED",
      "timeframes_processed": 4,
      "timeframe_results": [
        {
          "symbol": "RSRUSDT",
          "timeframe": "5m",
          "status": "COMPLETED",
          "total_candles": 200,
          "processed_candles": 176,
          "success_rate": 88.0,
          "timestamp": "2025-12-31T23:45:32.143455"
        },
        {
          "symbol": "RSRUSDT",
          "timeframe": "15m",
          "status": "COMPLETED",
          "total_candles": 200,
          "processed_candles": 176,
          "success_rate": 88.0,
          "timestamp": "2025-12-31T23:45:34.936519"
        },
        {
          "symbol": "RSRUSDT",
          "timeframe": "1h",
          "status": "COMPLETED",
          "total_candles": 200,
          "processed_candles": 176,
          "success_rate": 88.0,
          "timestamp": "2025-12-31T23:45:37.872505"
        },
        {
          "symbol": "RSRUSDT",
          "timeframe": "4h",
          "status": "COMPLETED",
          "total_candles": 200,
          "processed_candles": 176,
          "success_rate": 88.0,
          "timestamp": "2025-12-31T23:45:40.934666"
        }
      ],
      "total_candles": 800,
      "processed_candles": 704,
      "success_rate": 88.0,
      "timestamp": "2025-12-31T23:45:40.935669"
    },
    {
      "symbol": "LPTUSDT",
      "status": "COMPLETED",
      "timeframes_processed": 4,
      "timeframe_results": [
        {
          "symbol": "LPTUSDT",
          "timeframe": "5m",
          "status": "COMPLETED",
          "total_candles": 200,
          "processed_candles": 176,
          "success_rate": 88.0,
          "timestamp": "2025-12-31T23:45:43.668742"
        },
        {
          "symbol": "LPTUSDT",
          "timeframe": "15m",
          "status": "COMPLETED",
          "total_candles": 200,
          "processed_candles": 176,
          "success_rate": 88.0,
          "timestamp": "2025-12-31T23:45:46.385545"
        },
        {
          "symbol": "LPTUSDT",
          "timeframe": "1h",
          "status": "COMPLETED",
          "total_candles": 200,
          "processed_candles": 176,
          "success_rate": 88.0,
          "timestamp": "2025-12-31T23:45:49.103347"
        },
        {
          "symbol": "LPTUSDT",
          "timeframe": "4h",
          "status": "COMPLETED",
          "total_candles": 200,
          "processed_candles": 176,
          "success_rate": 88.0,
          "timestamp": "2025-12-31T23:45:51.865718"
        }
      ],
      "total_candles": 800,
      "processed_candles": 704,
      "success_rate": 88.0,
      "timestamp": "2025-12-31T23:45:51.865718"
    },
    {
      "symbol": "AXSUSDT",
      "status": "COMPLETED",
      "timeframes_processed": 4,
      "timeframe_results": [
        {
          "symbol": "AXSUSDT",
          "timeframe": "5m",
          "status": "COMPLETED",
          "total_candles": 200,
          "processed_candles": 176,
          "success_rate": 88.0,
          "timestamp": "2025-12-31T23:45:54.577915"
        },
        {
          "symbol": "AXSUSDT",
          "timeframe": "15m",
          "status": "COMPLETED",
          "total_candles": 200,
          "processed_candles": 176,
          "success_rate": 88.0,
          "timestamp": "2025-12-31T23:45:57.182515"
        },
        {
          "symbol": "AXSUSDT",
          "timeframe": "1h",
          "status": "COMPLETED",
          "total_candles": 200,
          "processed_candles": 176,
          "success_rate": 88.0,
          "timestamp": "2025-12-31T23:45:59.834752"
        },
        {
          "symbol": "AXSUSDT",
          "timeframe": "4h",
          "status": "COMPLETED",
          "total_candles": 200,
          "processed_candles": 176,
          "success_rate": 88.0,
          "timestamp": "2025-12-31T23:46:02.631729"
        }
      ],
      "total_candles": 800,
      "processed_candles": 704,
      "success_rate": 88.0,
      "timestamp": "2025-12-31T23:46:02.631729"
    },
    {
      "symbol": "ZENUSDT",
      "status": "COMPLETED",
      "timeframes_processed": 4,
      "timeframe_results": [
        {
          "symbol": "ZENUSDT",
          "timeframe": "5m",
          "status": "COMPLETED",
          "total_candles": 200,
          "processed_candles": 176,
          "success_rate": 88.0,
          "timestamp": "2025-12-31T23:46:05.345488"
        },
        {
          "symbol": "ZENUSDT",
          "timeframe": "15m",
          "status": "COMPLETED",
          "total_candles": 200,
          "processed_candles": 176,
          "success_rate": 88.0,
          "timestamp": "2025-12-31T23:46:08.211612"
        },
        {
          "symbol": "ZENUSDT",
          "timeframe": "1h",
          "status": "COMPLETED",
          "total_candles": 200,
          "processed_candles": 176,
          "success_rate": 88.0,
          "timestamp": "2025-12-31T23:46:10.931096"
        },
        {
          "symbol": "ZENUSDT",
          "timeframe": "4h",
          "status": "COMPLETED",
          "total_candles": 200,
          "processed_candles": 176,
          "success_rate": 88.0,
          "timestamp": "2025-12-31T23:46:13.718502"
        }
      ],
      "total_candles": 800,
      "processed_candles": 704,
      "success_rate": 88.0,
      "timestamp": "2025-12-31T23:46:13.718854"
    },
    {
      "symbol": "SNXUSDT",
      "status": "COMPLETED",
      "timeframes_processed": 4,
      "timeframe_results": [
        {
          "symbol": "SNXUSDT",
          "timeframe": "5m",
          "status": "COMPLETED",
          "total_candles": 200,
          "processed_candles": 176,
          "success_rate": 88.0,
          "timestamp": "2025-12-31T23:46:16.566324"
        },
        {
          "symbol": "SNXUSDT",
          "timeframe": "15m",
          "status": "COMPLETED",
          "total_candles": 200,
          "processed_candles": 176,
          "success_rate": 88.0,
          "timestamp": "2025-12-31T23:46:19.372179"
        },
        {
          "symbol": "SNXUSDT",
          "timeframe": "1h",
          "status": "COMPLETED",
          "total_candles": 200,
          "processed_candles": 176,
          "success_rate": 88.0,
          "timestamp": "2025-12-31T23:46:22.112863"
        },
        {
          "symbol": "SNXUSDT",
          "timeframe": "4h",
          "status": "COMPLETED",
          "total_candles": 200,
          "processed_candles": 176,
          "success_rate": 88.0,
          "timestamp": "2025-12-31T23:46:24.812450"
        }
      ],
      "total_candles": 800,
      "processed_candles": 704,
      "success_rate": 88.0,
      "timestamp": "2025-12-31T23:46:24.813451"
    },
    {
      "symbol": "DYDXUSDT",
      "status": "COMPLETED",
      "timeframes_processed": 4,
      "timeframe_results": [
        {
          "symbol": "DYDXUSDT",
          "timeframe": "5m",
          "status": "COMPLETED",
          "total_candles": 200,
          "processed_candles": 176,
          "success_rate": 88.0,
          "timestamp": "2025-12-31T23:46:27.795435"
        },
        {
          "symbol": "DYDXUSDT",
          "timeframe": "15m",
          "status": "COMPLETED",
          "total_candles": 200,
          "processed_candles": 176,
          "success_rate": 88.0,
          "timestamp": "2025-12-31T23:46:30.703987"
        },
        {
          "symbol": "DYDXUSDT",
          "timeframe": "1h",
          "status": "COMPLETED",
          "total_candles": 200,
          "processed_candles": 176,
          "success_rate": 88.0,
          "timestamp": "2025-12-31T23:46:33.471445"
        },
        {
          "symbol": "DYDXUSDT",
          "timeframe": "4h",
          "status": "COMPLETED",
          "total_candles": 200,
          "processed_candles": 176,
          "success_rate": 88.0,
          "timestamp": "2025-12-31T23:46:36.256581"
        }
      ],
      "total_candles": 800,
      "processed_candles": 704,
      "success_rate": 88.0,
      "timestamp": "2025-12-31T23:46:36.257582"
    },
    {
      "symbol": "ZRXUSDT",
      "status": "COMPLETED",
      "timeframes_processed": 4,
      "timeframe_results": [
        {
          "symbol": "ZRXUSDT",
          "timeframe": "5m",
          "status": "COMPLETED",
          "total_candles": 200,
          "processed_candles": 176,
          "success_rate": 88.0,
          "timestamp": "2025-12-31T23:46:39.159695"
        },
        {
          "symbol": "ZRXUSDT",
          "timeframe": "15m",
          "status": "COMPLETED",
          "total_candles": 200,
          "processed_candles": 176,
          "success_rate": 88.0,
          "timestamp": "2025-12-31T23:46:41.819361"
        },
        {
          "symbol": "ZRXUSDT",
          "timeframe": "1h",
          "status": "COMPLETED",
          "total_candles": 200,
          "processed_candles": 176,
          "success_rate": 88.0,
          "timestamp": "2025-12-31T23:46:44.436827"
        },
        {
          "symbol": "ZRXUSDT",
          "timeframe": "4h",
          "status": "COMPLETED",
          "total_candles": 200,
          "processed_candles": 176,
          "success_rate": 88.0,
          "timestamp": "2025-12-31T23:46:47.226038"
        }
      ],
      "total_candles": 800,
      "processed_candles": 704,
      "success_rate": 88.0,
      "timestamp": "2025-12-31T23:46:47.226038"
    },
    {
      "symbol": "MINAUSDT",
      "status": "COMPLETED",
      "timeframes_processed": 4,
      "timeframe_results": [
        {
          "symbol": "MINAUSDT",
          "timeframe": "5m",
          "status": "COMPLETED",
          "total_candles": 200,
          "processed_candles": 176,
          "success_rate": 88.0,
          "timestamp": "2025-12-31T23:46:49.968025"
        },
        {
          "symbol": "MINAUSDT",
          "timeframe": "15m",
          "status": "COMPLETED",
          "total_candles": 200,
          "processed_candles": 176,
          "success_rate": 88.0,
          "timestamp": "2025-12-31T23:46:52.904527"
        },
        {
          "symbol": "MINAUSDT",
          "timeframe": "1h",
          "status": "COMPLETED",
          "total_candles": 200,
          "processed_candles": 176,
          "success_rate": 88.0,
          "timestamp": "2025-12-31T23:46:56.260981"
        },
        {
          "symbol": "MINAUSDT",
          "timeframe": "4h",
          "status": "COMPLETED",
          "total_candles": 200,
          "processed_candles": 176,
          "success_rate": 88.0,
          "timestamp": "2025-12-31T23:47:00.716802"
        }
      ],
      "total_candles": 800,
      "processed_candles": 704,
      "success_rate": 88.0,
      "timestamp": "2025-12-31T23:47:00.716802"
    },
    {
      "symbol": "XVGUSDT",
      "status": "COMPLETED",
      "timeframes_processed": 4,
      "timeframe_results": [
        {
          "symbol": "XVGUSDT",
          "timeframe": "5m",
          "status": "COMPLETED",
          "total_candles": 200,
          "processed_candles": 176,
          "success_rate": 88.0,
          "timestamp": "2025-12-31T23:47:04.440460"
        },
        {
          "symbol": "XVGUSDT",
          "timeframe": "15m",
          "status": "COMPLETED",
          "total_candles": 200,
          "processed_candles": 176,
          "success_rate": 88.0,
          "timestamp": "2025-12-31T23:47:07.243882"
        },
        {
          "symbol": "XVGUSDT",
          "timeframe": "1h",
          "status": "COMPLETED",
          "total_candles": 200,
          "processed_candles": 176,
          "success_rate": 88.0,
          "timestamp": "2025-12-31T23:47:10.100275"
        },
        {
          "symbol": "XVGUSDT",
          "timeframe": "4h",
          "status": "COMPLETED",
          "total_candles": 200,
          "processed_candles": 176,
          "success_rate": 88.0,
          "timestamp": "2025-12-31T23:47:12.822403"
        }
      ],
      "total_candles": 800,
      "processed_candles": 704,
      "success_rate": 88.0,
      "timestamp": "2025-12-31T23:47:12.823405"
    },
    {
      "symbol": "OMUSDT",
      "status": "COMPLETED",
      "timeframes_processed": 4,
      "timeframe_results": [
        {
          "symbol": "OMUSDT",
          "timeframe": "5m",
          "status": "COMPLETED",
          "total_candles": 200,
          "processed_candles": 176,
          "success_rate": 88.0,
          "timestamp": "2025-12-31T23:47:15.627423"
        },
        {
          "symbol": "OMUSDT",
          "timeframe": "15m",
          "status": "COMPLETED",
          "total_candles": 200,
          "processed_candles": 176,
          "success_rate": 88.0,
          "timestamp": "2025-12-31T23:47:18.518378"
        },
        {
          "symbol": "OMUSDT",
          "timeframe": "1h",
          "status": "COMPLETED",
          "total_candles": 200,
          "processed_candles": 176,
          "success_rate": 88.0,
          "timestamp": "2025-12-31T23:47:21.572488"
        },
        {
          "symbol": "OMUSDT",
          "timeframe": "4h",
          "status": "COMPLETED",
          "total_candles": 200,
          "processed_candles": 176,
          "success_rate": 88.0,
          "timestamp": "2025-12-31T23:47:24.644377"
        }
      ],
      "total_candles": 800,
      "processed_candles": 704,
      "success_rate": 88.0,
      "timestamp": "2025-12-31T23:47:24.645378"
    },
    {
      "symbol": "CELOUSDT",
      "status": "COMPLETED",
      "timeframes_processed": 4,
      "timeframe_results": [
        {
          "symbol": "CELOUSDT",
          "timeframe": "5m",
          "status": "COMPLETED",
          "total_candles": 200,
          "processed_candles": 176,
          "success_rate": 88.0,
          "timestamp": "2025-12-31T23:47:27.537607"
        },
        {
          "symbol": "CELOUSDT",
          "timeframe": "15m",
          "status": "COMPLETED",
          "total_candles": 200,
          "processed_candles": 176,
          "success_rate": 88.0,
          "timestamp": "2025-12-31T23:47:30.273559"
        },
        {
          "symbol": "CELOUSDT",
          "timeframe": "1h",
          "status": "COMPLETED",
          "total_candles": 200,
          "processed_candles": 176,
          "success_rate": 88.0,
          "timestamp": "2025-12-31T23:47:33.046376"
        },
        {
          "symbol": "CELOUSDT",
          "timeframe": "4h",
          "status": "COMPLETED",
          "total_candles": 200,
          "processed_candles": 176,
          "success_rate": 88.0,
          "timestamp": "2025-12-31T23:47:35.903254"
        }
      ],
      "total_candles": 800,
      "processed_candles": 704,
      "success_rate": 88.0,
      "timestamp": "2025-12-31T23:47:35.903254"
    },
    {
      "symbol": "LUNAUSDT",
      "status": "COMPLETED",
      "timeframes_processed": 4,
      "timeframe_results": [
        {
          "symbol": "LUNAUSDT",
          "timeframe": "5m",
          "status": "COMPLETED",
          "total_candles": 200,
          "processed_candles": 176,
          "success_rate": 88.0,
          "timestamp": "2025-12-31T23:47:38.759707"
        },
        {
          "symbol": "LUNAUSDT",
          "timeframe": "15m",
          "status": "COMPLETED",
          "total_candles": 200,
          "processed_candles": 176,
          "success_rate": 88.0,
          "timestamp": "2025-12-31T23:47:41.989634"
        },
        {
          "symbol": "LUNAUSDT",
          "timeframe": "1h",
          "status": "COMPLETED",
          "total_candles": 200,
          "processed_candles": 176,
          "success_rate": 88.0,
          "timestamp": "2025-12-31T23:47:44.875189"
        },
        {
          "symbol": "LUNAUSDT",
          "timeframe": "4h",
          "status": "COMPLETED",
          "total_candles": 200,
          "processed_candles": 176,
          "success_rate": 88.0,
          "timestamp": "2025-12-31T23:47:47.629201"
        }
      ],
      "total_candles": 800,
      "processed_candles": 704,
      "success_rate": 88.0,
      "timestamp": "2025-12-31T23:47:47.630202"
    }
  ],
  "status": "COMPLETED"
}