{
  "block_id": 1,
  "start_time": "2026-01-02T02:19:12.781446",
  "end_time": "2026-01-02T02:20:56.450318",
  "duration_seconds": 103.668872,
  "summary": {
    "total_coins": 12,
    "coins_completed": 12,
    "coins_failed": 0,
    "coins_no_data": 0,
    "total_candles": 7200,
    "processed_candles": 6076,
    "success_rate": 84.38888888888889
  },
  "coin_results": [
    {
      "symbol": "POLYUSDT",
      "status": "COMPLETED",
      "timeframes_processed": 3,
      "timeframe_results": [
        {
          "symbol": "POLYUSDT",
          "timeframe": "15m",
          "status": "COMPLETED",
          "total_candles": 200,
          "processed_candles": 176,
          "success_rate": 88.0,
          "timestamp": "2026-01-02T02:19:15.678106"
        },
        {
          "symbol": "POLYUSDT",
          "timeframe": "1h",
          "status": "COMPLETED",
          "total_candles": 200,
          "processed_candles": 170,
          "success_rate": 85.0,
          "timestamp": "2026-01-02T02:19:18.221790"
        },
        {
          "symbol": "POLYUSDT",
          "timeframe": "4h",
          "status": "COMPLETED",
          "total_candles": 200,
          "processed_candles": 169,
          "success_rate": 84.5,
          "timestamp": "2026-01-02T02:19:20.628795"
        }
      ],
      "total_candles": 600,
      "processed_candles": 515,
      "success_rate": 85.83333333333333,
      "timestamp": "2026-01-02T02:19:20.628795"
    },
    {
      "symbol": "HNTUSDT",
      "status": "COMPLETED",
      "timeframes_processed": 3,
      "timeframe_results": [
        {
          "symbol": "HNTUSDT",
          "timeframe": "15m",
          "status": "COMPLETED",
          "total_candles": 200,
          "processed_candles": 176,
          "success_rate": 88.0,
          "timestamp": "2026-01-02T02:19:23.448696"
        },
        {
          "symbol": "HNTUSDT",
          "timeframe": "1h",
          "status": "COMPLETED",
          "total_candles": 200,
          "processed_candles": 170,
          "success_rate": 85.0,
          "timestamp": "2026-01-02T02:19:25.946676"
        },
        {
          "symbol": "HNTUSDT",
          "timeframe": "4h",
          "status": "COMPLETED",
          "total_candles": 200,
          "processed_candles": 169,
          "success_rate": 84.5,
          "timestamp": "2026-01-02T02:19:28.535890"
        }
      ],
      "total_candles": 600,
      "processed_candles": 515,
      "success_rate": 85.83333333333333,
      "timestamp": "2026-01-02T02:19:28.535890"
    },
    {
      "symbol": "DNTUSDT",
      "status": "COMPLETED",
      "timeframes_processed": 3,
      "timeframe_results": [
        {
          "symbol": "DNTUSDT",
          "timeframe": "15m",
          "status": "COMPLETED",
          "total_candles": 200,
          "processed_candles": 176,
          "success_rate": 88.0,
          "timestamp": "2026-01-02T02:19:31.499181"
        },
        {
          "symbol": "DNTUSDT",
          "timeframe": "1h",
          "status": "COMPLETED",
          "total_candles": 200,
          "processed_candles": 170,
          "success_rate": 85.0,
          "timestamp": "2026-01-02T02:19:34.098501"
        },
        {
          "symbol": "DNTUSDT",
          "timeframe": "4h",
          "status": "COMPLETED",
          "total_candles": 200,
          "processed_candles": 168,
          "success_rate": 84.0,
          "timestamp": "2026-01-02T02:19:36.791204"
        }
      ],
      "total_candles": 600,
      "processed_candles": 514,
      "success_rate": 85.66666666666667,
      "timestamp": "2026-01-02T02:19:36.791204"
    },
    {
      "symbol": "BTGUSDT",
      "status": "COMPLETED",
      "timeframes_processed": 3,
      "timeframe_results": [
        {
          "symbol": "BTGUSDT",
          "timeframe": "15m",
          "status": "COMPLETED",
          "total_candles": 200,
          "processed_candles": 172,
          "success_rate": 86.0,
          "timestamp": "2026-01-02T02:19:39.694774"
        },
        {
          "symbol": "BTGUSDT",
          "timeframe": "1h",
          "status": "COMPLETED",
          "total_candles": 200,
          "processed_candles": 169,
          "success_rate": 84.5,
          "timestamp": "2026-01-02T02:19:42.505588"
        },
        {
          "symbol": "BTGUSDT",
          "timeframe": "4h",
          "status": "COMPLETED",
          "total_candles": 200,
          "processed_candles": 167,
          "success_rate": 83.5,
          "timestamp": "2026-01-02T02:19:45.282604"
        }
      ],
      "total_candles": 600,
      "processed_candles": 508,
      "success_rate": 84.66666666666667,
      "timestamp": "2026-01-02T02:19:45.282604"
    },
    {
      "symbol": "NBSUSDT",
      "status": "COMPLETED",
      "timeframes_processed": 3,
      "timeframe_results": [
        {
          "symbol": "NBSUSDT",
          "timeframe": "15m",
          "status": "COMPLETED",
          "total_candles": 200,
          "processed_candles": 176,
          "success_rate": 88.0,
          "timestamp": "2026-01-02T02:19:48.718234"
        },
        {
          "symbol": "NBSUSDT",
          "timeframe": "1h",
          "status": "COMPLETED",
          "total_candles": 200,
          "processed_candles": 170,
          "success_rate": 85.0,
          "timestamp": "2026-01-02T02:19:51.650778"
        },
        {
          "symbol": "NBSUSDT",
          "timeframe": "4h",
          "status": "COMPLETED",
          "total_candles": 200,
          "processed_candles": 168,
          "success_rate": 84.0,
          "timestamp": "2026-01-02T02:19:54.303618"
        }
      ],
      "total_candles": 600,
      "processed_candles": 514,
      "success_rate": 85.66666666666667,
      "timestamp": "2026-01-02T02:19:54.303618"
    },
    {
      "symbol": "BTCSTUSDT",
      "status": "COMPLETED",
      "timeframes_processed": 3,
      "timeframe_results": [
        {
          "symbol": "BTCSTUSDT",
          "timeframe": "15m",
          "status": "COMPLETED",
          "total_candles": 200,
          "processed_candles": 176,
          "success_rate": 88.0,
          "timestamp": "2026-01-02T02:19:57.487704"
        },
        {
          "symbol": "BTCSTUSDT",
          "timeframe": "1h",
          "status": "COMPLETED",
          "total_candles": 200,
          "processed_candles": 170,
          "success_rate": 85.0,
          "timestamp": "2026-01-02T02:20:00.350377"
        },
        {
          "symbol": "BTCSTUSDT",
          "timeframe": "4h",
          "status": "COMPLETED",
          "total_candles": 200,
          "processed_candles": 169,
          "success_rate": 84.5,
          "timestamp": "2026-01-02T02:20:03.214669"
        }
      ],
      "total_candles": 600,
      "processed_candles": 515,
      "success_rate": 85.83333333333333,
      "timestamp": "2026-01-02T02:20:03.216673"
    },
    {
      "symbol": "ANCUSDT",
      "status": "COMPLETED",
      "timeframes_processed": 3,
      "timeframe_results": [
        {
          "symbol": "ANCUSDT",
          "timeframe": "15m",
          "status": "COMPLETED",
          "total_candles": 200,
          "processed_candles": 176,
          "success_rate": 88.0,
          "timestamp": "2026-01-02T02:20:06.446943"
        },
        {
          "symbol": "ANCUSDT",
          "timeframe": "1h",
          "status": "COMPLETED",
          "total_candles": 200,
          "processed_candles": 170,
          "success_rate": 85.0,
          "timestamp": "2026-01-02T02:20:09.196646"
        },
        {
          "symbol": "ANCUSDT",
          "timeframe": "4h",
          "status": "COMPLETED",
          "total_candles": 200,
          "processed_candles": 169,
          "success_rate": 84.5,
          "timestamp": "2026-01-02T02:20:11.834340"
        }
      ],
      "total_candles": 600,
      "processed_candles": 515,
      "success_rate": 85.83333333333333,
      "timestamp": "2026-01-02T02:20:11.835342"
    },
    {
      "symbol": "MFTUSDT",
      "status": "COMPLETED",
      "timeframes_processed": 3,
      "timeframe_results": [
        {
          "symbol": "MFTUSDT",
          "timeframe": "15m",
          "status": "COMPLETED",
          "total_candles": 200,
          "processed_candles": 176,
          "success_rate": 88.0,
          "timestamp": "2026-01-02T02:20:14.852899"
        },
        {
          "symbol": "MFTUSDT",
          "timeframe": "1h",
          "status": "COMPLETED",
          "total_candles": 200,
          "processed_candles": 170,
          "success_rate": 85.0,
          "timestamp": "2026-01-02T02:20:17.397667"
        },
        {
          "symbol": "MFTUSDT",
          "timeframe": "4h",
          "status": "COMPLETED",
          "total_candles": 200,
          "processed_candles": 169,
          "success_rate": 84.5,
          "timestamp": "2026-01-02T02:20:19.994727"
        }
      ],
      "total_candles": 600,
      "processed_candles": 515,
      "success_rate": 85.83333333333333,
      "timestamp": "2026-01-02T02:20:19.994727"
    },
    {
      "symbol": "BEAMUSDT",
      "status": "COMPLETED",
      "timeframes_processed": 3,
      "timeframe_results": [
        {
          "symbol": "BEAMUSDT",
          "timeframe": "15m",
          "status": "COMPLETED",
          "total_candles": 200,
          "processed_candles": 176,
          "success_rate": 88.0,
          "timestamp": "2026-01-02T02:20:23.380334"
        },
        {
          "symbol": "BEAMUSDT",
          "timeframe": "1h",
          "status": "COMPLETED",
          "total_candles": 200,
          "processed_candles": 170,
          "success_rate": 85.0,
          "timestamp": "2026-01-02T02:20:26.055730"
        },
        {
          "symbol": "BEAMUSDT",
          "timeframe": "4h",
          "status": "COMPLETED",
          "total_candles": 200,
          "processed_candles": 168,
          "success_rate": 84.0,
          "timestamp": "2026-01-02T02:20:28.971140"
        }
      ],
      "total_candles": 600,
      "processed_candles": 514,
      "success_rate": 85.66666666666667,
      "timestamp": "2026-01-02T02:20:28.972139"
    },
    {
      "symbol": "AIONUSDT",
      "status": "COMPLETED",
      "timeframes_processed": 3,
      "timeframe_results": [
        {
          "symbol": "AIONUSDT",
          "timeframe": "15m",
          "status": "COMPLETED",
          "total_candles": 200,
          "processed_candles": 176,
          "success_rate": 88.0,
          "timestamp": "2026-01-02T02:20:32.146201"
        },
        {
          "symbol": "AIONUSDT",
          "timeframe": "1h",
          "status": "COMPLETED",
          "total_candles": 200,
          "processed_candles": 170,
          "success_rate": 85.0,
          "timestamp": "2026-01-02T02:20:34.878329"
        },
        {
          "symbol": "AIONUSDT",
          "timeframe": "4h",
          "status": "COMPLETED",
          "total_candles": 200,
          "processed_candles": 168,
          "success_rate": 84.0,
          "timestamp": "2026-01-02T02:20:37.532733"
        }
      ],
      "total_candles": 600,
      "processed_candles": 514,
      "success_rate": 85.66666666666667,
      "timestamp": "2026-01-02T02:20:37.532733"
    },
    {
      "symbol": "AUTOUSDT",
      "status": "COMPLETED",
      "timeframes_processed": 3,
      "timeframe_results": [
        {
          "symbol": "AUTOUSDT",
          "timeframe": "15m",
          "status": "COMPLETED",
          "total_candles": 200,
          "processed_candles": 176,
          "success_rate": 88.0,
          "timestamp": "2026-01-02T02:20:41.896381"
        },
        {
          "symbol": "AUTOUSDT",
          "timeframe": "1h",
          "status": "COMPLETED",
          "total_candles": 200,
          "processed_candles": 137,
          "success_rate": 68.5,
          "timestamp": "2026-01-02T02:20:44.964069"
        },
        {
          "symbol": "AUTOUSDT",
          "timeframe": "4h",
          "status": "COMPLETED",
          "total_candles": 200,
          "processed_candles": 109,
          "success_rate": 54.50000000000001,
          "timestamp": "2026-01-02T02:20:47.829630"
        }
      ],
      "total_candles": 600,
      "processed_candles": 422,
      "success_rate": 70.33333333333334,
      "timestamp": "2026-01-02T02:20:47.829630"
    },
    {
      "symbol": "COCOSUSDT",
      "status": "COMPLETED",
      "timeframes_processed": 3,
      "timeframe_results": [
        {
          "symbol": "COCOSUSDT",
          "timeframe": "15m",
          "status": "COMPLETED",
          "total_candles": 200,
          "processed_candles": 176,
          "success_rate": 88.0,
          "timestamp": "2026-01-02T02:20:50.991073"
        },
        {
          "symbol": "COCOSUSDT",
          "timeframe": "1h",
          "status": "COMPLETED",
          "total_candles": 200,
          "processed_candles": 170,
          "success_rate": 85.0,
          "timestamp": "2026-01-02T02:20:53.739577"
        },
        {
          "symbol": "COCOSUSDT",
          "timeframe": "4h",
          "status": "COMPLETED",
          "total_candles": 200,
          "processed_candles": 169,
          "success_rate": 84.5,
          "timestamp": "2026-01-02T02:20:56.450318"
        }
      ],
      "total_candles": 600,
      "processed_candles": 515,
      "success_rate": 85.83333333333333,
      "timestamp": "2026-01-02T02:20:56.450318"
    }
  ],
  "status": "COMPLETED"
}