{
  "block_id": 5,
  "start_time": "2025-12-24T15:02:59.055633",
  "end_time": "2025-12-24T15:03:58.206822",
  "duration_seconds": 59.151189,
  "summary": {
    "total_coins": 27,
    "coins_completed": 24,
    "coins_failed": 0,
    "coins_no_data": 3,
    "total_candles": 4800,
    "processed_candles": 4800,
    "success_rate": 100.0
  },
  "coin_results": [
    {
      "symbol": "GMTUSDT",
      "status": "COMPLETED",
      "total_candles": 200,
      "processed_candles": 200,
      "success_rate": 100.0,
      "timestamp": "2025-12-24T15:03:01.196082"
    },
    {
      "symbol": "VETUSDT",
      "status": "COMPLETED",
      "total_candles": 200,
      "processed_candles": 200,
      "success_rate": 100.0,
      "timestamp": "2025-12-24T15:03:03.371275"
    },
    {
      "symbol": "MITOUSDT",
      "status": "COMPLETED",
      "total_candles": 200,
      "processed_candles": 200,
      "success_rate": 100.0,
      "timestamp": "2025-12-24T15:03:05.747136"
    },
    {
      "symbol": "IQUSDT",
      "status": "COMPLETED",
      "total_candles": 200,
      "processed_candles": 200,
      "success_rate": 100.0,
      "timestamp": "2025-12-24T15:03:07.994538"
    },
    {
      "symbol": "HBARUSDT",
      "status": "COMPLETED",
      "total_candles": 200,
      "processed_candles": 200,
      "success_rate": 100.0,
      "timestamp": "2025-12-24T15:03:10.263472"
    },
    {
      "symbol": "DOTUSDT",
      "status": "COMPLETED",
      "total_candles": 200,
      "processed_candles": 200,
      "success_rate": 100.0,
      "timestamp": "2025-12-24T15:03:12.753079"
    },
    {
      "symbol": "FIOUSDT",
      "status": "COMPLETED",
      "total_candles": 200,
      "processed_candles": 200,
      "success_rate": 100.0,
      "timestamp": "2025-12-24T15:03:15.164446"
    },
    {
      "symbol": "GNSUSDT",
      "status": "COMPLETED",
      "total_candles": 200,
      "processed_candles": 200,
      "success_rate": 100.0,
      "timestamp": "2025-12-24T15:03:17.621840"
    },
    {
      "symbol": "VTHOUSDT",
      "status": "COMPLETED",
      "total_candles": 200,
      "processed_candles": 200,
      "success_rate": 100.0,
      "timestamp": "2025-12-24T15:03:19.893970"
    },
    {
      "symbol": "AEVOUSDT",
      "status": "COMPLETED",
      "total_candles": 200,
      "processed_candles": 200,
      "success_rate": 100.0,
      "timestamp": "2025-12-24T15:03:22.163928"
    },
    {
      "symbol": "ETHFIUSDT",
      "status": "COMPLETED",
      "total_candles": 200,
      "processed_candles": 200,
      "success_rate": 100.0,
      "timestamp": "2025-12-24T15:03:24.452165"
    },
    {
      "symbol": "SCUSDT",
      "status": "COMPLETED",
      "total_candles": 200,
      "processed_candles": 200,
      "success_rate": 100.0,
      "timestamp": "2025-12-24T15:03:27.172262"
    },
    {
      "symbol": "RVNUSDT",
      "status": "COMPLETED",
      "total_candles": 200,
      "processed_candles": 200,
      "success_rate": 100.0,
      "timestamp": "2025-12-24T15:03:30.244494"
    },
    {
      "symbol": "FOLKSUSDT",
      "status": "NO_DATA",
      "processed": 0
    },
    {
      "symbol": "GIGGLEUSDT",
      "status": "COMPLETED",
      "total_candles": 200,
      "processed_candles": 200,
      "success_rate": 100.0,
      "timestamp": "2025-12-24T15:03:33.625265"
    },
    {
      "symbol": "CVCUSDT",
      "status": "COMPLETED",
      "total_candles": 200,
      "processed_candles": 200,
      "success_rate": 100.0,
      "timestamp": "2025-12-24T15:03:37.478297"
    },
    {
      "symbol": "TONUSDT",
      "status": "COMPLETED",
      "total_candles": 200,
      "processed_candles": 200,
      "success_rate": 100.0,
      "timestamp": "2025-12-24T15:03:39.780608"
    },
    {
      "symbol": "LTCUSDT",
      "status": "COMPLETED",
      "total_candles": 200,
      "processed_candles": 200,
      "success_rate": 100.0,
      "timestamp": "2025-12-24T15:03:42.052446"
    },
    {
      "symbol": "DASHUSDT",
      "status": "COMPLETED",
      "total_candles": 200,
      "processed_candles": 200,
      "success_rate": 100.0,
      "timestamp": "2025-12-24T15:03:44.509324"
    },
    {
      "symbol": "EARNAUSDUSDT",
      "status": "NO_DATA",
      "processed": 0
    },
    {
      "symbol": "METUSDT",
      "status": "COMPLETED",
      "total_candles": 200,
      "processed_candles": 200,
      "success_rate": 100.0,
      "timestamp": "2025-12-24T15:03:46.962676"
    },
    {
      "symbol": "PYRUSDT",
      "status": "COMPLETED",
      "total_candles": 200,
      "processed_candles": 200,
      "success_rate": 100.0,
      "timestamp": "2025-12-24T15:03:49.298046"
    },
    {
      "symbol": "GASUSDT",
      "status": "COMPLETED",
      "total_candles": 200,
      "processed_candles": 200,
      "success_rate": 100.0,
      "timestamp": "2025-12-24T15:03:51.291428"
    },
    {
      "symbol": "SEIUSDT",
      "status": "COMPLETED",
      "total_candles": 200,
      "processed_candles": 200,
      "success_rate": 100.0,
      "timestamp": "2025-12-24T15:03:53.579032"
    },
    {
      "symbol": "IAGUSDT",
      "status": "NO_DATA",
      "processed": 0
    },
    {
      "symbol": "YBUSDT",
      "status": "COMPLETED",
      "total_candles": 200,
      "processed_candles": 200,
      "success_rate": 100.0,
      "timestamp": "2025-12-24T15:03:55.892046"
    },
    {
      "symbol": "BFUSDUSDT",
      "status": "COMPLETED",
      "total_candles": 200,
      "processed_candles": 200,
      "success_rate": 100.0,
      "timestamp": "2025-12-24T15:03:58.205822"
    }
  ],
  "status": "COMPLETED"
}