{
  "block_id": 1,
  "start_time": "2025-12-31T23:18:53.006715",
  "end_time": "2025-12-31T23:21:02.354302",
  "duration_seconds": 129.347587,
  "summary": {
    "total_coins": 12,
    "coins_completed": 12,
    "coins_failed": 0,
    "coins_no_data": 0,
    "total_candles": 7600,
    "processed_candles": 6567,
    "success_rate": 86.40789473684211
  },
  "coin_results": [
    {
      "symbol": "POLYUSDT",
      "status": "COMPLETED",
      "timeframes_processed": 3,
      "timeframe_results": [
        {
          "symbol": "POLYUSDT",
          "timeframe": "15m",
          "status": "COMPLETED",
          "total_candles": 200,
          "processed_candles": 176,
          "success_rate": 88.0,
          "timestamp": "2025-12-31T23:18:55.747884"
        },
        {
          "symbol": "POLYUSDT",
          "timeframe": "1h",
          "status": "COMPLETED",
          "total_candles": 200,
          "processed_candles": 176,
          "success_rate": 88.0,
          "timestamp": "2025-12-31T23:18:58.395067"
        },
        {
          "symbol": "POLYUSDT",
          "timeframe": "4h",
          "status": "COMPLETED",
          "total_candles": 200,
          "processed_candles": 176,
          "success_rate": 88.0,
          "timestamp": "2025-12-31T23:19:01.135101"
        }
      ],
      "total_candles": 600,
      "processed_candles": 528,
      "success_rate": 88.0,
      "timestamp": "2025-12-31T23:19:01.136101"
    },
    {
      "symbol": "HNTUSDT",
      "status": "COMPLETED",
      "timeframes_processed": 4,
      "timeframe_results": [
        {
          "symbol": "HNTUSDT",
          "timeframe": "5m",
          "status": "COMPLETED",
          "total_candles": 200,
          "processed_candles": 176,
          "success_rate": 88.0,
          "timestamp": "2025-12-31T23:19:04.280584"
        },
        {
          "symbol": "HNTUSDT",
          "timeframe": "15m",
          "status": "COMPLETED",
          "total_candles": 200,
          "processed_candles": 176,
          "success_rate": 88.0,
          "timestamp": "2025-12-31T23:19:07.275145"
        },
        {
          "symbol": "HNTUSDT",
          "timeframe": "1h",
          "status": "COMPLETED",
          "total_candles": 200,
          "processed_candles": 176,
          "success_rate": 88.0,
          "timestamp": "2025-12-31T23:19:10.268413"
        },
        {
          "symbol": "HNTUSDT",
          "timeframe": "4h",
          "status": "COMPLETED",
          "total_candles": 200,
          "processed_candles": 176,
          "success_rate": 88.0,
          "timestamp": "2025-12-31T23:19:13.623558"
        }
      ],
      "total_candles": 800,
      "processed_candles": 704,
      "success_rate": 88.0,
      "timestamp": "2025-12-31T23:19:13.625558"
    },
    {
      "symbol": "DNTUSDT",
      "status": "COMPLETED",
      "timeframes_processed": 3,
      "timeframe_results": [
        {
          "symbol": "DNTUSDT",
          "timeframe": "15m",
          "status": "COMPLETED",
          "total_candles": 200,
          "processed_candles": 176,
          "success_rate": 88.0,
          "timestamp": "2025-12-31T23:19:17.007757"
        },
        {
          "symbol": "DNTUSDT",
          "timeframe": "1h",
          "status": "COMPLETED",
          "total_candles": 200,
          "processed_candles": 176,
          "success_rate": 88.0,
          "timestamp": "2025-12-31T23:19:19.935564"
        },
        {
          "symbol": "DNTUSDT",
          "timeframe": "4h",
          "status": "COMPLETED",
          "total_candles": 200,
          "processed_candles": 176,
          "success_rate": 88.0,
          "timestamp": "2025-12-31T23:19:24.443717"
        }
      ],
      "total_candles": 600,
      "processed_candles": 528,
      "success_rate": 88.0,
      "timestamp": "2025-12-31T23:19:24.444718"
    },
    {
      "symbol": "BTGUSDT",
      "status": "COMPLETED",
      "timeframes_processed": 3,
      "timeframe_results": [
        {
          "symbol": "BTGUSDT",
          "timeframe": "15m",
          "status": "COMPLETED",
          "total_candles": 200,
          "processed_candles": 172,
          "success_rate": 86.0,
          "timestamp": "2025-12-31T23:19:29.322523"
        },
        {
          "symbol": "BTGUSDT",
          "timeframe": "1h",
          "status": "COMPLETED",
          "total_candles": 200,
          "processed_candles": 176,
          "success_rate": 88.0,
          "timestamp": "2025-12-31T23:19:32.337805"
        },
        {
          "symbol": "BTGUSDT",
          "timeframe": "4h",
          "status": "COMPLETED",
          "total_candles": 200,
          "processed_candles": 176,
          "success_rate": 88.0,
          "timestamp": "2025-12-31T23:19:35.301557"
        }
      ],
      "total_candles": 600,
      "processed_candles": 524,
      "success_rate": 87.33333333333333,
      "timestamp": "2025-12-31T23:19:35.302559"
    },
    {
      "symbol": "NBSUSDT",
      "status": "COMPLETED",
      "timeframes_processed": 3,
      "timeframe_results": [
        {
          "symbol": "NBSUSDT",
          "timeframe": "15m",
          "status": "COMPLETED",
          "total_candles": 200,
          "processed_candles": 176,
          "success_rate": 88.0,
          "timestamp": "2025-12-31T23:19:38.314459"
        },
        {
          "symbol": "NBSUSDT",
          "timeframe": "1h",
          "status": "COMPLETED",
          "total_candles": 200,
          "processed_candles": 176,
          "success_rate": 88.0,
          "timestamp": "2025-12-31T23:19:41.167307"
        },
        {
          "symbol": "NBSUSDT",
          "timeframe": "4h",
          "status": "COMPLETED",
          "total_candles": 200,
          "processed_candles": 176,
          "success_rate": 88.0,
          "timestamp": "2025-12-31T23:19:44.448459"
        }
      ],
      "total_candles": 600,
      "processed_candles": 528,
      "success_rate": 88.0,
      "timestamp": "2025-12-31T23:19:44.449460"
    },
    {
      "symbol": "BTCSTUSDT",
      "status": "COMPLETED",
      "timeframes_processed": 3,
      "timeframe_results": [
        {
          "symbol": "BTCSTUSDT",
          "timeframe": "15m",
          "status": "COMPLETED",
          "total_candles": 200,
          "processed_candles": 176,
          "success_rate": 88.0,
          "timestamp": "2025-12-31T23:19:48.591948"
        },
        {
          "symbol": "BTCSTUSDT",
          "timeframe": "1h",
          "status": "COMPLETED",
          "total_candles": 200,
          "processed_candles": 176,
          "success_rate": 88.0,
          "timestamp": "2025-12-31T23:19:52.420161"
        },
        {
          "symbol": "BTCSTUSDT",
          "timeframe": "4h",
          "status": "COMPLETED",
          "total_candles": 200,
          "processed_candles": 176,
          "success_rate": 88.0,
          "timestamp": "2025-12-31T23:19:55.461929"
        }
      ],
      "total_candles": 600,
      "processed_candles": 528,
      "success_rate": 88.0,
      "timestamp": "2025-12-31T23:19:55.461929"
    },
    {
      "symbol": "ANCUSDT",
      "status": "COMPLETED",
      "timeframes_processed": 3,
      "timeframe_results": [
        {
          "symbol": "ANCUSDT",
          "timeframe": "15m",
          "status": "COMPLETED",
          "total_candles": 200,
          "processed_candles": 176,
          "success_rate": 88.0,
          "timestamp": "2025-12-31T23:19:59.336437"
        },
        {
          "symbol": "ANCUSDT",
          "timeframe": "1h",
          "status": "COMPLETED",
          "total_candles": 200,
          "processed_candles": 176,
          "success_rate": 88.0,
          "timestamp": "2025-12-31T23:20:03.547425"
        },
        {
          "symbol": "ANCUSDT",
          "timeframe": "4h",
          "status": "COMPLETED",
          "total_candles": 200,
          "processed_candles": 176,
          "success_rate": 88.0,
          "timestamp": "2025-12-31T23:20:11.640774"
        }
      ],
      "total_candles": 600,
      "processed_candles": 528,
      "success_rate": 88.0,
      "timestamp": "2025-12-31T23:20:11.640774"
    },
    {
      "symbol": "MFTUSDT",
      "status": "COMPLETED",
      "timeframes_processed": 3,
      "timeframe_results": [
        {
          "symbol": "MFTUSDT",
          "timeframe": "15m",
          "status": "COMPLETED",
          "total_candles": 200,
          "processed_candles": 176,
          "success_rate": 88.0,
          "timestamp": "2025-12-31T23:20:15.999186"
        },
        {
          "symbol": "MFTUSDT",
          "timeframe": "1h",
          "status": "COMPLETED",
          "total_candles": 200,
          "processed_candles": 176,
          "success_rate": 88.0,
          "timestamp": "2025-12-31T23:20:19.194730"
        },
        {
          "symbol": "MFTUSDT",
          "timeframe": "4h",
          "status": "COMPLETED",
          "total_candles": 200,
          "processed_candles": 176,
          "success_rate": 88.0,
          "timestamp": "2025-12-31T23:20:22.943053"
        }
      ],
      "total_candles": 600,
      "processed_candles": 528,
      "success_rate": 88.0,
      "timestamp": "2025-12-31T23:20:22.943053"
    },
    {
      "symbol": "BEAMUSDT",
      "status": "COMPLETED",
      "timeframes_processed": 4,
      "timeframe_results": [
        {
          "symbol": "BEAMUSDT",
          "timeframe": "5m",
          "status": "COMPLETED",
          "total_candles": 200,
          "processed_candles": 176,
          "success_rate": 88.0,
          "timestamp": "2025-12-31T23:20:26.700420"
        },
        {
          "symbol": "BEAMUSDT",
          "timeframe": "15m",
          "status": "COMPLETED",
          "total_candles": 200,
          "processed_candles": 176,
          "success_rate": 88.0,
          "timestamp": "2025-12-31T23:20:30.194320"
        },
        {
          "symbol": "BEAMUSDT",
          "timeframe": "1h",
          "status": "COMPLETED",
          "total_candles": 200,
          "processed_candles": 176,
          "success_rate": 88.0,
          "timestamp": "2025-12-31T23:20:33.479625"
        },
        {
          "symbol": "BEAMUSDT",
          "timeframe": "4h",
          "status": "COMPLETED",
          "total_candles": 200,
          "processed_candles": 176,
          "success_rate": 88.0,
          "timestamp": "2025-12-31T23:20:36.663726"
        }
      ],
      "total_candles": 800,
      "processed_candles": 704,
      "success_rate": 88.0,
      "timestamp": "2025-12-31T23:20:36.664728"
    },
    {
      "symbol": "AIONUSDT",
      "status": "COMPLETED",
      "timeframes_processed": 3,
      "timeframe_results": [
        {
          "symbol": "AIONUSDT",
          "timeframe": "15m",
          "status": "COMPLETED",
          "total_candles": 200,
          "processed_candles": 176,
          "success_rate": 88.0,
          "timestamp": "2025-12-31T23:20:39.647102"
        },
        {
          "symbol": "AIONUSDT",
          "timeframe": "1h",
          "status": "COMPLETED",
          "total_candles": 200,
          "processed_candles": 176,
          "success_rate": 88.0,
          "timestamp": "2025-12-31T23:20:42.545471"
        },
        {
          "symbol": "AIONUSDT",
          "timeframe": "4h",
          "status": "COMPLETED",
          "total_candles": 200,
          "processed_candles": 176,
          "success_rate": 88.0,
          "timestamp": "2025-12-31T23:20:46.232946"
        }
      ],
      "total_candles": 600,
      "processed_candles": 528,
      "success_rate": 88.0,
      "timestamp": "2025-12-31T23:20:46.233947"
    },
    {
      "symbol": "AUTOUSDT",
      "status": "COMPLETED",
      "timeframes_processed": 3,
      "timeframe_results": [
        {
          "symbol": "AUTOUSDT",
          "timeframe": "15m",
          "status": "COMPLETED",
          "total_candles": 200,
          "processed_candles": 176,
          "success_rate": 88.0,
          "timestamp": "2025-12-31T23:20:49.269441"
        },
        {
          "symbol": "AUTOUSDT",
          "timeframe": "1h",
          "status": "COMPLETED",
          "total_candles": 200,
          "processed_candles": 143,
          "success_rate": 71.5,
          "timestamp": "2025-12-31T23:20:51.709936"
        },
        {
          "symbol": "AUTOUSDT",
          "timeframe": "4h",
          "status": "COMPLETED",
          "total_candles": 200,
          "processed_candles": 92,
          "success_rate": 46.0,
          "timestamp": "2025-12-31T23:20:53.719085"
        }
      ],
      "total_candles": 600,
      "processed_candles": 411,
      "success_rate": 68.5,
      "timestamp": "2025-12-31T23:20:53.719085"
    },
    {
      "symbol": "COCOSUSDT",
      "status": "COMPLETED",
      "timeframes_processed": 3,
      "timeframe_results": [
        {
          "symbol": "COCOSUSDT",
          "timeframe": "15m",
          "status": "COMPLETED",
          "total_candles": 200,
          "processed_candles": 176,
          "success_rate": 88.0,
          "timestamp": "2025-12-31T23:20:56.696760"
        },
        {
          "symbol": "COCOSUSDT",
          "timeframe": "1h",
          "status": "COMPLETED",
          "total_candles": 200,
          "processed_candles": 176,
          "success_rate": 88.0,
          "timestamp": "2025-12-31T23:20:59.579384"
        },
        {
          "symbol": "COCOSUSDT",
          "timeframe": "4h",
          "status": "COMPLETED",
          "total_candles": 200,
          "processed_candles": 176,
          "success_rate": 88.0,
          "timestamp": "2025-12-31T23:21:02.353304"
        }
      ],
      "total_candles": 600,
      "processed_candles": 528,
      "success_rate": 88.0,
      "timestamp": "2025-12-31T23:21:02.353304"
    }
  ],
  "status": "COMPLETED"
}