{
  "block_id": 2,
  "start_time": "2026-01-02T02:27:32.878224",
  "end_time": "2026-01-02T02:30:35.029502",
  "duration_seconds": 182.151278,
  "summary": {
    "total_coins": 20,
    "coins_completed": 20,
    "coins_failed": 0,
    "coins_no_data": 0,
    "total_candles": 12000,
    "processed_candles": 9698,
    "success_rate": 80.81666666666666
  },
  "coin_results": [
    {
      "symbol": "YFIIUSDT",
      "status": "COMPLETED",
      "timeframes_processed": 3,
      "timeframe_results": [
        {
          "symbol": "YFIIUSDT",
          "timeframe": "15m",
          "status": "COMPLETED",
          "total_candles": 200,
          "processed_candles": 154,
          "success_rate": 77.0,
          "timestamp": "2026-01-02T02:27:36.735245"
        },
        {
          "symbol": "YFIIUSDT",
          "timeframe": "1h",
          "status": "COMPLETED",
          "total_candles": 200,
          "processed_candles": 83,
          "success_rate": 41.5,
          "timestamp": "2026-01-02T02:27:39.328924"
        },
        {
          "symbol": "YFIIUSDT",
          "timeframe": "4h",
          "status": "COMPLETED",
          "total_candles": 200,
          "processed_candles": 107,
          "success_rate": 53.5,
          "timestamp": "2026-01-02T02:27:42.342672"
        }
      ],
      "total_candles": 600,
      "processed_candles": 344,
      "success_rate": 57.333333333333336,
      "timestamp": "2026-01-02T02:27:42.344190"
    },
    {
      "symbol": "BETHUSDT",
      "status": "COMPLETED",
      "timeframes_processed": 3,
      "timeframe_results": [
        {
          "symbol": "BETHUSDT",
          "timeframe": "15m",
          "status": "COMPLETED",
          "total_candles": 200,
          "processed_candles": 1,
          "success_rate": 0.5,
          "timestamp": "2026-01-02T02:27:43.392742"
        },
        {
          "symbol": "BETHUSDT",
          "timeframe": "1h",
          "status": "COMPLETED",
          "total_candles": 200,
          "processed_candles": 81,
          "success_rate": 40.5,
          "timestamp": "2026-01-02T02:27:45.299410"
        },
        {
          "symbol": "BETHUSDT",
          "timeframe": "4h",
          "status": "COMPLETED",
          "total_candles": 200,
          "processed_candles": 23,
          "success_rate": 11.5,
          "timestamp": "2026-01-02T02:27:46.200174"
        }
      ],
      "total_candles": 600,
      "processed_candles": 105,
      "success_rate": 17.5,
      "timestamp": "2026-01-02T02:27:46.200174"
    },
    {
      "symbol": "MCUSDT",
      "status": "COMPLETED",
      "timeframes_processed": 3,
      "timeframe_results": [
        {
          "symbol": "MCUSDT",
          "timeframe": "15m",
          "status": "COMPLETED",
          "total_candles": 200,
          "processed_candles": 176,
          "success_rate": 88.0,
          "timestamp": "2026-01-02T02:27:51.273961"
        },
        {
          "symbol": "MCUSDT",
          "timeframe": "1h",
          "status": "COMPLETED",
          "total_candles": 200,
          "processed_candles": 170,
          "success_rate": 85.0,
          "timestamp": "2026-01-02T02:27:55.173495"
        },
        {
          "symbol": "MCUSDT",
          "timeframe": "4h",
          "status": "COMPLETED",
          "total_candles": 200,
          "processed_candles": 169,
          "success_rate": 84.5,
          "timestamp": "2026-01-02T02:27:58.597925"
        }
      ],
      "total_candles": 600,
      "processed_candles": 515,
      "success_rate": 85.83333333333333,
      "timestamp": "2026-01-02T02:27:58.598926"
    },
    {
      "symbol": "TOMOUSDT",
      "status": "COMPLETED",
      "timeframes_processed": 3,
      "timeframe_results": [
        {
          "symbol": "TOMOUSDT",
          "timeframe": "15m",
          "status": "COMPLETED",
          "total_candles": 200,
          "processed_candles": 176,
          "success_rate": 88.0,
          "timestamp": "2026-01-02T02:28:01.767421"
        },
        {
          "symbol": "TOMOUSDT",
          "timeframe": "1h",
          "status": "COMPLETED",
          "total_candles": 200,
          "processed_candles": 170,
          "success_rate": 85.0,
          "timestamp": "2026-01-02T02:28:04.579071"
        },
        {
          "symbol": "TOMOUSDT",
          "timeframe": "4h",
          "status": "COMPLETED",
          "total_candles": 200,
          "processed_candles": 169,
          "success_rate": 84.5,
          "timestamp": "2026-01-02T02:28:07.441481"
        }
      ],
      "total_candles": 600,
      "processed_candles": 515,
      "success_rate": 85.83333333333333,
      "timestamp": "2026-01-02T02:28:07.442482"
    },
    {
      "symbol": "TVKUSDT",
      "status": "COMPLETED",
      "timeframes_processed": 3,
      "timeframe_results": [
        {
          "symbol": "TVKUSDT",
          "timeframe": "15m",
          "status": "COMPLETED",
          "total_candles": 200,
          "processed_candles": 176,
          "success_rate": 88.0,
          "timestamp": "2026-01-02T02:28:10.755481"
        },
        {
          "symbol": "TVKUSDT",
          "timeframe": "1h",
          "status": "COMPLETED",
          "total_candles": 200,
          "processed_candles": 170,
          "success_rate": 85.0,
          "timestamp": "2026-01-02T02:28:13.660417"
        },
        {
          "symbol": "TVKUSDT",
          "timeframe": "4h",
          "status": "COMPLETED",
          "total_candles": 200,
          "processed_candles": 169,
          "success_rate": 84.5,
          "timestamp": "2026-01-02T02:28:16.679636"
        }
      ],
      "total_candles": 600,
      "processed_candles": 515,
      "success_rate": 85.83333333333333,
      "timestamp": "2026-01-02T02:28:16.680638"
    },
    {
      "symbol": "XMRUSDT",
      "status": "COMPLETED",
      "timeframes_processed": 3,
      "timeframe_results": [
        {
          "symbol": "XMRUSDT",
          "timeframe": "15m",
          "status": "COMPLETED",
          "total_candles": 200,
          "processed_candles": 176,
          "success_rate": 88.0,
          "timestamp": "2026-01-02T02:28:19.960772"
        },
        {
          "symbol": "XMRUSDT",
          "timeframe": "1h",
          "status": "COMPLETED",
          "total_candles": 200,
          "processed_candles": 170,
          "success_rate": 85.0,
          "timestamp": "2026-01-02T02:28:23.076214"
        },
        {
          "symbol": "XMRUSDT",
          "timeframe": "4h",
          "status": "COMPLETED",
          "total_candles": 200,
          "processed_candles": 148,
          "success_rate": 74.0,
          "timestamp": "2026-01-02T02:28:25.776948"
        }
      ],
      "total_candles": 600,
      "processed_candles": 494,
      "success_rate": 82.33333333333334,
      "timestamp": "2026-01-02T02:28:25.776948"
    },
    {
      "symbol": "PLAUSDT",
      "status": "COMPLETED",
      "timeframes_processed": 3,
      "timeframe_results": [
        {
          "symbol": "PLAUSDT",
          "timeframe": "15m",
          "status": "COMPLETED",
          "total_candles": 200,
          "processed_candles": 176,
          "success_rate": 88.0,
          "timestamp": "2026-01-02T02:28:29.014417"
        },
        {
          "symbol": "PLAUSDT",
          "timeframe": "1h",
          "status": "COMPLETED",
          "total_candles": 200,
          "processed_candles": 170,
          "success_rate": 85.0,
          "timestamp": "2026-01-02T02:28:32.185260"
        },
        {
          "symbol": "PLAUSDT",
          "timeframe": "4h",
          "status": "COMPLETED",
          "total_candles": 200,
          "processed_candles": 169,
          "success_rate": 84.5,
          "timestamp": "2026-01-02T02:28:35.024828"
        }
      ],
      "total_candles": 600,
      "processed_candles": 515,
      "success_rate": 85.83333333333333,
      "timestamp": "2026-01-02T02:28:35.025828"
    },
    {
      "symbol": "OMGUSDT",
      "status": "COMPLETED",
      "timeframes_processed": 3,
      "timeframe_results": [
        {
          "symbol": "OMGUSDT",
          "timeframe": "15m",
          "status": "COMPLETED",
          "total_candles": 200,
          "processed_candles": 176,
          "success_rate": 88.0,
          "timestamp": "2026-01-02T02:28:38.259283"
        },
        {
          "symbol": "OMGUSDT",
          "timeframe": "1h",
          "status": "COMPLETED",
          "total_candles": 200,
          "processed_candles": 170,
          "success_rate": 85.0,
          "timestamp": "2026-01-02T02:28:41.156036"
        },
        {
          "symbol": "OMGUSDT",
          "timeframe": "4h",
          "status": "COMPLETED",
          "total_candles": 200,
          "processed_candles": 169,
          "success_rate": 84.5,
          "timestamp": "2026-01-02T02:28:44.135586"
        }
      ],
      "total_candles": 600,
      "processed_candles": 515,
      "success_rate": 85.83333333333333,
      "timestamp": "2026-01-02T02:28:44.136587"
    },
    {
      "symbol": "AGIXUSDT",
      "status": "COMPLETED",
      "timeframes_processed": 3,
      "timeframe_results": [
        {
          "symbol": "AGIXUSDT",
          "timeframe": "15m",
          "status": "COMPLETED",
          "total_candles": 200,
          "processed_candles": 176,
          "success_rate": 88.0,
          "timestamp": "2026-01-02T02:28:47.431470"
        },
        {
          "symbol": "AGIXUSDT",
          "timeframe": "1h",
          "status": "COMPLETED",
          "total_candles": 200,
          "processed_candles": 170,
          "success_rate": 85.0,
          "timestamp": "2026-01-02T02:28:50.246825"
        },
        {
          "symbol": "AGIXUSDT",
          "timeframe": "4h",
          "status": "COMPLETED",
          "total_candles": 200,
          "processed_candles": 169,
          "success_rate": 84.5,
          "timestamp": "2026-01-02T02:28:53.068565"
        }
      ],
      "total_candles": 600,
      "processed_candles": 515,
      "success_rate": 85.83333333333333,
      "timestamp": "2026-01-02T02:28:53.068565"
    },
    {
      "symbol": "GALUSDT",
      "status": "COMPLETED",
      "timeframes_processed": 3,
      "timeframe_results": [
        {
          "symbol": "GALUSDT",
          "timeframe": "15m",
          "status": "COMPLETED",
          "total_candles": 200,
          "processed_candles": 176,
          "success_rate": 88.0,
          "timestamp": "2026-01-02T02:28:56.344854"
        },
        {
          "symbol": "GALUSDT",
          "timeframe": "1h",
          "status": "COMPLETED",
          "total_candles": 200,
          "processed_candles": 170,
          "success_rate": 85.0,
          "timestamp": "2026-01-02T02:28:59.187637"
        },
        {
          "symbol": "GALUSDT",
          "timeframe": "4h",
          "status": "COMPLETED",
          "total_candles": 200,
          "processed_candles": 169,
          "success_rate": 84.5,
          "timestamp": "2026-01-02T02:29:02.283158"
        }
      ],
      "total_candles": 600,
      "processed_candles": 515,
      "success_rate": 85.83333333333333,
      "timestamp": "2026-01-02T02:29:02.284156"
    },
    {
      "symbol": "RNDRUSDT",
      "status": "COMPLETED",
      "timeframes_processed": 3,
      "timeframe_results": [
        {
          "symbol": "RNDRUSDT",
          "timeframe": "15m",
          "status": "COMPLETED",
          "total_candles": 200,
          "processed_candles": 176,
          "success_rate": 88.0,
          "timestamp": "2026-01-02T02:29:05.663094"
        },
        {
          "symbol": "RNDRUSDT",
          "timeframe": "1h",
          "status": "COMPLETED",
          "total_candles": 200,
          "processed_candles": 170,
          "success_rate": 85.0,
          "timestamp": "2026-01-02T02:29:08.734658"
        },
        {
          "symbol": "RNDRUSDT",
          "timeframe": "4h",
          "status": "COMPLETED",
          "total_candles": 200,
          "processed_candles": 169,
          "success_rate": 84.5,
          "timestamp": "2026-01-02T02:29:11.573721"
        }
      ],
      "total_candles": 600,
      "processed_candles": 515,
      "success_rate": 85.83333333333333,
      "timestamp": "2026-01-02T02:29:11.573721"
    },
    {
      "symbol": "BONDUSDT",
      "status": "COMPLETED",
      "timeframes_processed": 3,
      "timeframe_results": [
        {
          "symbol": "BONDUSDT",
          "timeframe": "15m",
          "status": "COMPLETED",
          "total_candles": 200,
          "processed_candles": 176,
          "success_rate": 88.0,
          "timestamp": "2026-01-02T02:29:14.981244"
        },
        {
          "symbol": "BONDUSDT",
          "timeframe": "1h",
          "status": "COMPLETED",
          "total_candles": 200,
          "processed_candles": 170,
          "success_rate": 85.0,
          "timestamp": "2026-01-02T02:29:17.959631"
        },
        {
          "symbol": "BONDUSDT",
          "timeframe": "4h",
          "status": "COMPLETED",
          "total_candles": 200,
          "processed_candles": 169,
          "success_rate": 84.5,
          "timestamp": "2026-01-02T02:29:21.122728"
        }
      ],
      "total_candles": 600,
      "processed_candles": 515,
      "success_rate": 85.83333333333333,
      "timestamp": "2026-01-02T02:29:21.124728"
    },
    {
      "symbol": "LOOMUSDT",
      "status": "COMPLETED",
      "timeframes_processed": 3,
      "timeframe_results": [
        {
          "symbol": "LOOMUSDT",
          "timeframe": "15m",
          "status": "COMPLETED",
          "total_candles": 200,
          "processed_candles": 176,
          "success_rate": 88.0,
          "timestamp": "2026-01-02T02:29:24.536078"
        },
        {
          "symbol": "LOOMUSDT",
          "timeframe": "1h",
          "status": "COMPLETED",
          "total_candles": 200,
          "processed_candles": 170,
          "success_rate": 85.0,
          "timestamp": "2026-01-02T02:29:27.803292"
        },
        {
          "symbol": "LOOMUSDT",
          "timeframe": "4h",
          "status": "COMPLETED",
          "total_candles": 200,
          "processed_candles": 169,
          "success_rate": 84.5,
          "timestamp": "2026-01-02T02:29:30.665549"
        }
      ],
      "total_candles": 600,
      "processed_candles": 515,
      "success_rate": 85.83333333333333,
      "timestamp": "2026-01-02T02:29:30.665549"
    },
    {
      "symbol": "MATICUSDT",
      "status": "COMPLETED",
      "timeframes_processed": 3,
      "timeframe_results": [
        {
          "symbol": "MATICUSDT",
          "timeframe": "15m",
          "status": "COMPLETED",
          "total_candles": 200,
          "processed_candles": 176,
          "success_rate": 88.0,
          "timestamp": "2026-01-02T02:29:33.931808"
        },
        {
          "symbol": "MATICUSDT",
          "timeframe": "1h",
          "status": "COMPLETED",
          "total_candles": 200,
          "processed_candles": 170,
          "success_rate": 85.0,
          "timestamp": "2026-01-02T02:29:37.041258"
        },
        {
          "symbol": "MATICUSDT",
          "timeframe": "4h",
          "status": "COMPLETED",
          "total_candles": 200,
          "processed_candles": 169,
          "success_rate": 84.5,
          "timestamp": "2026-01-02T02:29:39.876790"
        }
      ],
      "total_candles": 600,
      "processed_candles": 515,
      "success_rate": 85.83333333333333,
      "timestamp": "2026-01-02T02:29:39.876790"
    },
    {
      "symbol": "KLAYUSDT",
      "status": "COMPLETED",
      "timeframes_processed": 3,
      "timeframe_results": [
        {
          "symbol": "KLAYUSDT",
          "timeframe": "15m",
          "status": "COMPLETED",
          "total_candles": 200,
          "processed_candles": 176,
          "success_rate": 88.0,
          "timestamp": "2026-01-02T02:29:43.058890"
        },
        {
          "symbol": "KLAYUSDT",
          "timeframe": "1h",
          "status": "COMPLETED",
          "total_candles": 200,
          "processed_candles": 170,
          "success_rate": 85.0,
          "timestamp": "2026-01-02T02:29:45.975474"
        },
        {
          "symbol": "KLAYUSDT",
          "timeframe": "4h",
          "status": "COMPLETED",
          "total_candles": 200,
          "processed_candles": 169,
          "success_rate": 84.5,
          "timestamp": "2026-01-02T02:29:48.846973"
        }
      ],
      "total_candles": 600,
      "processed_candles": 515,
      "success_rate": 85.83333333333333,
      "timestamp": "2026-01-02T02:29:48.846973"
    },
    {
      "symbol": "BLZUSDT",
      "status": "COMPLETED",
      "timeframes_processed": 3,
      "timeframe_results": [
        {
          "symbol": "BLZUSDT",
          "timeframe": "15m",
          "status": "COMPLETED",
          "total_candles": 200,
          "processed_candles": 176,
          "success_rate": 88.0,
          "timestamp": "2026-01-02T02:29:52.136558"
        },
        {
          "symbol": "BLZUSDT",
          "timeframe": "1h",
          "status": "COMPLETED",
          "total_candles": 200,
          "processed_candles": 170,
          "success_rate": 85.0,
          "timestamp": "2026-01-02T02:29:54.928048"
        },
        {
          "symbol": "BLZUSDT",
          "timeframe": "4h",
          "status": "COMPLETED",
          "total_candles": 200,
          "processed_candles": 169,
          "success_rate": 84.5,
          "timestamp": "2026-01-02T02:29:58.093838"
        }
      ],
      "total_candles": 600,
      "processed_candles": 515,
      "success_rate": 85.83333333333333,
      "timestamp": "2026-01-02T02:29:58.093838"
    },
    {
      "symbol": "DARUSDT",
      "status": "COMPLETED",
      "timeframes_processed": 3,
      "timeframe_results": [
        {
          "symbol": "DARUSDT",
          "timeframe": "15m",
          "status": "COMPLETED",
          "total_candles": 200,
          "processed_candles": 176,
          "success_rate": 88.0,
          "timestamp": "2026-01-02T02:30:01.480792"
        },
        {
          "symbol": "DARUSDT",
          "timeframe": "1h",
          "status": "COMPLETED",
          "total_candles": 200,
          "processed_candles": 170,
          "success_rate": 85.0,
          "timestamp": "2026-01-02T02:30:04.328386"
        },
        {
          "symbol": "DARUSDT",
          "timeframe": "4h",
          "status": "COMPLETED",
          "total_candles": 200,
          "processed_candles": 169,
          "success_rate": 84.5,
          "timestamp": "2026-01-02T02:30:07.359184"
        }
      ],
      "total_candles": 600,
      "processed_candles": 515,
      "success_rate": 85.83333333333333,
      "timestamp": "2026-01-02T02:30:07.360186"
    },
    {
      "symbol": "FTMUSDT",
      "status": "COMPLETED",
      "timeframes_processed": 3,
      "timeframe_results": [
        {
          "symbol": "FTMUSDT",
          "timeframe": "15m",
          "status": "COMPLETED",
          "total_candles": 200,
          "processed_candles": 176,
          "success_rate": 88.0,
          "timestamp": "2026-01-02T02:30:10.698286"
        },
        {
          "symbol": "FTMUSDT",
          "timeframe": "1h",
          "status": "COMPLETED",
          "total_candles": 200,
          "processed_candles": 170,
          "success_rate": 85.0,
          "timestamp": "2026-01-02T02:30:13.902439"
        },
        {
          "symbol": "FTMUSDT",
          "timeframe": "4h",
          "status": "COMPLETED",
          "total_candles": 200,
          "processed_candles": 169,
          "success_rate": 84.5,
          "timestamp": "2026-01-02T02:30:16.798270"
        }
      ],
      "total_candles": 600,
      "processed_candles": 515,
      "success_rate": 85.83333333333333,
      "timestamp": "2026-01-02T02:30:16.798270"
    },
    {
      "symbol": "LITUSDT",
      "status": "COMPLETED",
      "timeframes_processed": 3,
      "timeframe_results": [
        {
          "symbol": "LITUSDT",
          "timeframe": "15m",
          "status": "COMPLETED",
          "total_candles": 200,
          "processed_candles": 176,
          "success_rate": 88.0,
          "timestamp": "2026-01-02T02:30:20.260076"
        },
        {
          "symbol": "LITUSDT",
          "timeframe": "1h",
          "status": "COMPLETED",
          "total_candles": 200,
          "processed_candles": 170,
          "success_rate": 85.0,
          "timestamp": "2026-01-02T02:30:23.154977"
        },
        {
          "symbol": "LITUSDT",
          "timeframe": "4h",
          "status": "COMPLETED",
          "total_candles": 200,
          "processed_candles": 169,
          "success_rate": 84.5,
          "timestamp": "2026-01-02T02:30:25.952002"
        }
      ],
      "total_candles": 600,
      "processed_candles": 515,
      "success_rate": 85.83333333333333,
      "timestamp": "2026-01-02T02:30:25.953004"
    },
    {
      "symbol": "ERNUSDT",
      "status": "COMPLETED",
      "timeframes_processed": 3,
      "timeframe_results": [
        {
          "symbol": "ERNUSDT",
          "timeframe": "15m",
          "status": "COMPLETED",
          "total_candles": 200,
          "processed_candles": 176,
          "success_rate": 88.0,
          "timestamp": "2026-01-02T02:30:29.359406"
        },
        {
          "symbol": "ERNUSDT",
          "timeframe": "1h",
          "status": "COMPLETED",
          "total_candles": 200,
          "processed_candles": 170,
          "success_rate": 85.0,
          "timestamp": "2026-01-02T02:30:32.190685"
        },
        {
          "symbol": "ERNUSDT",
          "timeframe": "4h",
          "status": "COMPLETED",
          "total_candles": 200,
          "processed_candles": 169,
          "success_rate": 84.5,
          "timestamp": "2026-01-02T02:30:35.028503"
        }
      ],
      "total_candles": 600,
      "processed_candles": 515,
      "success_rate": 85.83333333333333,
      "timestamp": "2026-01-02T02:30:35.029502"
    }
  ],
  "status": "COMPLETED"
}