{
  "block_id": 5,
  "start_time": "2025-12-31T23:50:34.531784",
  "end_time": "2025-12-31T23:54:20.893903",
  "duration_seconds": 226.362119,
  "summary": {
    "total_coins": 20,
    "coins_completed": 20,
    "coins_failed": 0,
    "coins_no_data": 0,
    "total_candles": 16000,
    "processed_candles": 14080,
    "success_rate": 88.0
  },
  "coin_results": [
    {
      "symbol": "ORDIUSDT",
      "status": "COMPLETED",
      "timeframes_processed": 4,
      "timeframe_results": [
        {
          "symbol": "ORDIUSDT",
          "timeframe": "5m",
          "status": "COMPLETED",
          "total_candles": 200,
          "processed_candles": 176,
          "success_rate": 88.0,
          "timestamp": "2025-12-31T23:50:37.083308"
        },
        {
          "symbol": "ORDIUSDT",
          "timeframe": "15m",
          "status": "COMPLETED",
          "total_candles": 200,
          "processed_candles": 176,
          "success_rate": 88.0,
          "timestamp": "2025-12-31T23:50:39.614963"
        },
        {
          "symbol": "ORDIUSDT",
          "timeframe": "1h",
          "status": "COMPLETED",
          "total_candles": 200,
          "processed_candles": 176,
          "success_rate": 88.0,
          "timestamp": "2025-12-31T23:50:42.339462"
        },
        {
          "symbol": "ORDIUSDT",
          "timeframe": "4h",
          "status": "COMPLETED",
          "total_candles": 200,
          "processed_candles": 176,
          "success_rate": 88.0,
          "timestamp": "2025-12-31T23:50:44.930269"
        }
      ],
      "total_candles": 800,
      "processed_candles": 704,
      "success_rate": 88.0,
      "timestamp": "2025-12-31T23:50:44.930269"
    },
    {
      "symbol": "BIOUSDT",
      "status": "COMPLETED",
      "timeframes_processed": 4,
      "timeframe_results": [
        {
          "symbol": "BIOUSDT",
          "timeframe": "5m",
          "status": "COMPLETED",
          "total_candles": 200,
          "processed_candles": 176,
          "success_rate": 88.0,
          "timestamp": "2025-12-31T23:50:47.536155"
        },
        {
          "symbol": "BIOUSDT",
          "timeframe": "15m",
          "status": "COMPLETED",
          "total_candles": 200,
          "processed_candles": 176,
          "success_rate": 88.0,
          "timestamp": "2025-12-31T23:50:50.204003"
        },
        {
          "symbol": "BIOUSDT",
          "timeframe": "1h",
          "status": "COMPLETED",
          "total_candles": 200,
          "processed_candles": 176,
          "success_rate": 88.0,
          "timestamp": "2025-12-31T23:50:52.680133"
        },
        {
          "symbol": "BIOUSDT",
          "timeframe": "4h",
          "status": "COMPLETED",
          "total_candles": 200,
          "processed_candles": 176,
          "success_rate": 88.0,
          "timestamp": "2025-12-31T23:50:55.235324"
        }
      ],
      "total_candles": 800,
      "processed_candles": 704,
      "success_rate": 88.0,
      "timestamp": "2025-12-31T23:50:55.235324"
    },
    {
      "symbol": "ICXUSDT",
      "status": "COMPLETED",
      "timeframes_processed": 4,
      "timeframe_results": [
        {
          "symbol": "ICXUSDT",
          "timeframe": "5m",
          "status": "COMPLETED",
          "total_candles": 200,
          "processed_candles": 176,
          "success_rate": 88.0,
          "timestamp": "2025-12-31T23:50:57.875105"
        },
        {
          "symbol": "ICXUSDT",
          "timeframe": "15m",
          "status": "COMPLETED",
          "total_candles": 200,
          "processed_candles": 176,
          "success_rate": 88.0,
          "timestamp": "2025-12-31T23:51:00.401072"
        },
        {
          "symbol": "ICXUSDT",
          "timeframe": "1h",
          "status": "COMPLETED",
          "total_candles": 200,
          "processed_candles": 176,
          "success_rate": 88.0,
          "timestamp": "2025-12-31T23:51:02.965462"
        },
        {
          "symbol": "ICXUSDT",
          "timeframe": "4h",
          "status": "COMPLETED",
          "total_candles": 200,
          "processed_candles": 176,
          "success_rate": 88.0,
          "timestamp": "2025-12-31T23:51:05.476499"
        }
      ],
      "total_candles": 800,
      "processed_candles": 704,
      "success_rate": 88.0,
      "timestamp": "2025-12-31T23:51:05.476499"
    },
    {
      "symbol": "ONEUSDT",
      "status": "COMPLETED",
      "timeframes_processed": 4,
      "timeframe_results": [
        {
          "symbol": "ONEUSDT",
          "timeframe": "5m",
          "status": "COMPLETED",
          "total_candles": 200,
          "processed_candles": 176,
          "success_rate": 88.0,
          "timestamp": "2025-12-31T23:51:08.127336"
        },
        {
          "symbol": "ONEUSDT",
          "timeframe": "15m",
          "status": "COMPLETED",
          "total_candles": 200,
          "processed_candles": 176,
          "success_rate": 88.0,
          "timestamp": "2025-12-31T23:51:10.825376"
        },
        {
          "symbol": "ONEUSDT",
          "timeframe": "1h",
          "status": "COMPLETED",
          "total_candles": 200,
          "processed_candles": 176,
          "success_rate": 88.0,
          "timestamp": "2025-12-31T23:51:13.468287"
        },
        {
          "symbol": "ONEUSDT",
          "timeframe": "4h",
          "status": "COMPLETED",
          "total_candles": 200,
          "processed_candles": 176,
          "success_rate": 88.0,
          "timestamp": "2025-12-31T23:51:16.156305"
        }
      ],
      "total_candles": 800,
      "processed_candles": 704,
      "success_rate": 88.0,
      "timestamp": "2025-12-31T23:51:16.156305"
    },
    {
      "symbol": "TRBUSDT",
      "status": "COMPLETED",
      "timeframes_processed": 4,
      "timeframe_results": [
        {
          "symbol": "TRBUSDT",
          "timeframe": "5m",
          "status": "COMPLETED",
          "total_candles": 200,
          "processed_candles": 176,
          "success_rate": 88.0,
          "timestamp": "2025-12-31T23:51:18.810918"
        },
        {
          "symbol": "TRBUSDT",
          "timeframe": "15m",
          "status": "COMPLETED",
          "total_candles": 200,
          "processed_candles": 176,
          "success_rate": 88.0,
          "timestamp": "2025-12-31T23:51:21.414679"
        },
        {
          "symbol": "TRBUSDT",
          "timeframe": "1h",
          "status": "COMPLETED",
          "total_candles": 200,
          "processed_candles": 176,
          "success_rate": 88.0,
          "timestamp": "2025-12-31T23:51:23.965343"
        },
        {
          "symbol": "TRBUSDT",
          "timeframe": "4h",
          "status": "COMPLETED",
          "total_candles": 200,
          "processed_candles": 176,
          "success_rate": 88.0,
          "timestamp": "2025-12-31T23:51:26.622226"
        }
      ],
      "total_candles": 800,
      "processed_candles": 704,
      "success_rate": 88.0,
      "timestamp": "2025-12-31T23:51:26.623227"
    },
    {
      "symbol": "WOOUSDT",
      "status": "COMPLETED",
      "timeframes_processed": 4,
      "timeframe_results": [
        {
          "symbol": "WOOUSDT",
          "timeframe": "5m",
          "status": "COMPLETED",
          "total_candles": 200,
          "processed_candles": 176,
          "success_rate": 88.0,
          "timestamp": "2025-12-31T23:51:29.360932"
        },
        {
          "symbol": "WOOUSDT",
          "timeframe": "15m",
          "status": "COMPLETED",
          "total_candles": 200,
          "processed_candles": 176,
          "success_rate": 88.0,
          "timestamp": "2025-12-31T23:51:32.031881"
        },
        {
          "symbol": "WOOUSDT",
          "timeframe": "1h",
          "status": "COMPLETED",
          "total_candles": 200,
          "processed_candles": 176,
          "success_rate": 88.0,
          "timestamp": "2025-12-31T23:51:34.619381"
        },
        {
          "symbol": "WOOUSDT",
          "timeframe": "4h",
          "status": "COMPLETED",
          "total_candles": 200,
          "processed_candles": 176,
          "success_rate": 88.0,
          "timestamp": "2025-12-31T23:51:37.237594"
        }
      ],
      "total_candles": 800,
      "processed_candles": 704,
      "success_rate": 88.0,
      "timestamp": "2025-12-31T23:51:37.239594"
    },
    {
      "symbol": "PEOPLEUSDT",
      "status": "COMPLETED",
      "timeframes_processed": 4,
      "timeframe_results": [
        {
          "symbol": "PEOPLEUSDT",
          "timeframe": "5m",
          "status": "COMPLETED",
          "total_candles": 200,
          "processed_candles": 176,
          "success_rate": 88.0,
          "timestamp": "2025-12-31T23:51:39.820591"
        },
        {
          "symbol": "PEOPLEUSDT",
          "timeframe": "15m",
          "status": "COMPLETED",
          "total_candles": 200,
          "processed_candles": 176,
          "success_rate": 88.0,
          "timestamp": "2025-12-31T23:51:42.625492"
        },
        {
          "symbol": "PEOPLEUSDT",
          "timeframe": "1h",
          "status": "COMPLETED",
          "total_candles": 200,
          "processed_candles": 176,
          "success_rate": 88.0,
          "timestamp": "2025-12-31T23:51:46.510381"
        },
        {
          "symbol": "PEOPLEUSDT",
          "timeframe": "4h",
          "status": "COMPLETED",
          "total_candles": 200,
          "processed_candles": 176,
          "success_rate": 88.0,
          "timestamp": "2025-12-31T23:51:50.851847"
        }
      ],
      "total_candles": 800,
      "processed_candles": 704,
      "success_rate": 88.0,
      "timestamp": "2025-12-31T23:51:50.851847"
    },
    {
      "symbol": "IOSTUSDT",
      "status": "COMPLETED",
      "timeframes_processed": 4,
      "timeframe_results": [
        {
          "symbol": "IOSTUSDT",
          "timeframe": "5m",
          "status": "COMPLETED",
          "total_candles": 200,
          "processed_candles": 176,
          "success_rate": 88.0,
          "timestamp": "2025-12-31T23:51:55.096995"
        },
        {
          "symbol": "IOSTUSDT",
          "timeframe": "15m",
          "status": "COMPLETED",
          "total_candles": 200,
          "processed_candles": 176,
          "success_rate": 88.0,
          "timestamp": "2025-12-31T23:51:57.687655"
        },
        {
          "symbol": "IOSTUSDT",
          "timeframe": "1h",
          "status": "COMPLETED",
          "total_candles": 200,
          "processed_candles": 176,
          "success_rate": 88.0,
          "timestamp": "2025-12-31T23:52:00.348582"
        },
        {
          "symbol": "IOSTUSDT",
          "timeframe": "4h",
          "status": "COMPLETED",
          "total_candles": 200,
          "processed_candles": 176,
          "success_rate": 88.0,
          "timestamp": "2025-12-31T23:52:03.003040"
        }
      ],
      "total_candles": 800,
      "processed_candles": 704,
      "success_rate": 88.0,
      "timestamp": "2025-12-31T23:52:03.004038"
    },
    {
      "symbol": "HIVEUSDT",
      "status": "COMPLETED",
      "timeframes_processed": 4,
      "timeframe_results": [
        {
          "symbol": "HIVEUSDT",
          "timeframe": "5m",
          "status": "COMPLETED",
          "total_candles": 200,
          "processed_candles": 176,
          "success_rate": 88.0,
          "timestamp": "2025-12-31T23:52:05.729610"
        },
        {
          "symbol": "HIVEUSDT",
          "timeframe": "15m",
          "status": "COMPLETED",
          "total_candles": 200,
          "processed_candles": 176,
          "success_rate": 88.0,
          "timestamp": "2025-12-31T23:52:08.381590"
        },
        {
          "symbol": "HIVEUSDT",
          "timeframe": "1h",
          "status": "COMPLETED",
          "total_candles": 200,
          "processed_candles": 176,
          "success_rate": 88.0,
          "timestamp": "2025-12-31T23:52:11.077384"
        },
        {
          "symbol": "HIVEUSDT",
          "timeframe": "4h",
          "status": "COMPLETED",
          "total_candles": 200,
          "processed_candles": 176,
          "success_rate": 88.0,
          "timestamp": "2025-12-31T23:52:13.726842"
        }
      ],
      "total_candles": 800,
      "processed_candles": 704,
      "success_rate": 88.0,
      "timestamp": "2025-12-31T23:52:13.727844"
    },
    {
      "symbol": "GMTUSDT",
      "status": "COMPLETED",
      "timeframes_processed": 4,
      "timeframe_results": [
        {
          "symbol": "GMTUSDT",
          "timeframe": "5m",
          "status": "COMPLETED",
          "total_candles": 200,
          "processed_candles": 176,
          "success_rate": 88.0,
          "timestamp": "2025-12-31T23:52:16.488601"
        },
        {
          "symbol": "GMTUSDT",
          "timeframe": "15m",
          "status": "COMPLETED",
          "total_candles": 200,
          "processed_candles": 176,
          "success_rate": 88.0,
          "timestamp": "2025-12-31T23:52:19.129108"
        },
        {
          "symbol": "GMTUSDT",
          "timeframe": "1h",
          "status": "COMPLETED",
          "total_candles": 200,
          "processed_candles": 176,
          "success_rate": 88.0,
          "timestamp": "2025-12-31T23:52:21.851496"
        },
        {
          "symbol": "GMTUSDT",
          "timeframe": "4h",
          "status": "COMPLETED",
          "total_candles": 200,
          "processed_candles": 176,
          "success_rate": 88.0,
          "timestamp": "2025-12-31T23:52:26.186786"
        }
      ],
      "total_candles": 800,
      "processed_candles": 704,
      "success_rate": 88.0,
      "timestamp": "2025-12-31T23:52:26.186786"
    },
    {
      "symbol": "SXPUSDT",
      "status": "COMPLETED",
      "timeframes_processed": 4,
      "timeframe_results": [
        {
          "symbol": "SXPUSDT",
          "timeframe": "5m",
          "status": "COMPLETED",
          "total_candles": 200,
          "processed_candles": 176,
          "success_rate": 88.0,
          "timestamp": "2025-12-31T23:52:30.467564"
        },
        {
          "symbol": "SXPUSDT",
          "timeframe": "15m",
          "status": "COMPLETED",
          "total_candles": 200,
          "processed_candles": 176,
          "success_rate": 88.0,
          "timestamp": "2025-12-31T23:52:34.340144"
        },
        {
          "symbol": "SXPUSDT",
          "timeframe": "1h",
          "status": "COMPLETED",
          "total_candles": 200,
          "processed_candles": 176,
          "success_rate": 88.0,
          "timestamp": "2025-12-31T23:52:37.393943"
        },
        {
          "symbol": "SXPUSDT",
          "timeframe": "4h",
          "status": "COMPLETED",
          "total_candles": 200,
          "processed_candles": 176,
          "success_rate": 88.0,
          "timestamp": "2025-12-31T23:52:39.973778"
        }
      ],
      "total_candles": 800,
      "processed_candles": 704,
      "success_rate": 88.0,
      "timestamp": "2025-12-31T23:52:39.973778"
    },
    {
      "symbol": "LSKUSDT",
      "status": "COMPLETED",
      "timeframes_processed": 4,
      "timeframe_results": [
        {
          "symbol": "LSKUSDT",
          "timeframe": "5m",
          "status": "COMPLETED",
          "total_candles": 200,
          "processed_candles": 176,
          "success_rate": 88.0,
          "timestamp": "2025-12-31T23:52:42.654815"
        },
        {
          "symbol": "LSKUSDT",
          "timeframe": "15m",
          "status": "COMPLETED",
          "total_candles": 200,
          "processed_candles": 176,
          "success_rate": 88.0,
          "timestamp": "2025-12-31T23:52:45.777550"
        },
        {
          "symbol": "LSKUSDT",
          "timeframe": "1h",
          "status": "COMPLETED",
          "total_candles": 200,
          "processed_candles": 176,
          "success_rate": 88.0,
          "timestamp": "2025-12-31T23:52:49.320280"
        },
        {
          "symbol": "LSKUSDT",
          "timeframe": "4h",
          "status": "COMPLETED",
          "total_candles": 200,
          "processed_candles": 176,
          "success_rate": 88.0,
          "timestamp": "2025-12-31T23:52:53.916816"
        }
      ],
      "total_candles": 800,
      "processed_candles": 704,
      "success_rate": 88.0,
      "timestamp": "2025-12-31T23:52:53.916816"
    },
    {
      "symbol": "POWRUSDT",
      "status": "COMPLETED",
      "timeframes_processed": 4,
      "timeframe_results": [
        {
          "symbol": "POWRUSDT",
          "timeframe": "5m",
          "status": "COMPLETED",
          "total_candles": 200,
          "processed_candles": 176,
          "success_rate": 88.0,
          "timestamp": "2025-12-31T23:52:57.603026"
        },
        {
          "symbol": "POWRUSDT",
          "timeframe": "15m",
          "status": "COMPLETED",
          "total_candles": 200,
          "processed_candles": 176,
          "success_rate": 88.0,
          "timestamp": "2025-12-31T23:53:00.385532"
        },
        {
          "symbol": "POWRUSDT",
          "timeframe": "1h",
          "status": "COMPLETED",
          "total_candles": 200,
          "processed_candles": 176,
          "success_rate": 88.0,
          "timestamp": "2025-12-31T23:53:03.097852"
        },
        {
          "symbol": "POWRUSDT",
          "timeframe": "4h",
          "status": "COMPLETED",
          "total_candles": 200,
          "processed_candles": 176,
          "success_rate": 88.0,
          "timestamp": "2025-12-31T23:53:05.778380"
        }
      ],
      "total_candles": 800,
      "processed_candles": 704,
      "success_rate": 88.0,
      "timestamp": "2025-12-31T23:53:05.779379"
    },
    {
      "symbol": "STRAXUSDT",
      "status": "COMPLETED",
      "timeframes_processed": 4,
      "timeframe_results": [
        {
          "symbol": "STRAXUSDT",
          "timeframe": "5m",
          "status": "COMPLETED",
          "total_candles": 200,
          "processed_candles": 176,
          "success_rate": 88.0,
          "timestamp": "2025-12-31T23:53:08.450366"
        },
        {
          "symbol": "STRAXUSDT",
          "timeframe": "15m",
          "status": "COMPLETED",
          "total_candles": 200,
          "processed_candles": 176,
          "success_rate": 88.0,
          "timestamp": "2025-12-31T23:53:11.175943"
        },
        {
          "symbol": "STRAXUSDT",
          "timeframe": "1h",
          "status": "COMPLETED",
          "total_candles": 200,
          "processed_candles": 176,
          "success_rate": 88.0,
          "timestamp": "2025-12-31T23:53:13.853678"
        },
        {
          "symbol": "STRAXUSDT",
          "timeframe": "4h",
          "status": "COMPLETED",
          "total_candles": 200,
          "processed_candles": 176,
          "success_rate": 88.0,
          "timestamp": "2025-12-31T23:53:16.454016"
        }
      ],
      "total_candles": 800,
      "processed_candles": 704,
      "success_rate": 88.0,
      "timestamp": "2025-12-31T23:53:16.455017"
    },
    {
      "symbol": "FIDAUSDT",
      "status": "COMPLETED",
      "timeframes_processed": 4,
      "timeframe_results": [
        {
          "symbol": "FIDAUSDT",
          "timeframe": "5m",
          "status": "COMPLETED",
          "total_candles": 200,
          "processed_candles": 176,
          "success_rate": 88.0,
          "timestamp": "2025-12-31T23:53:19.190947"
        },
        {
          "symbol": "FIDAUSDT",
          "timeframe": "15m",
          "status": "COMPLETED",
          "total_candles": 200,
          "processed_candles": 176,
          "success_rate": 88.0,
          "timestamp": "2025-12-31T23:53:21.773043"
        },
        {
          "symbol": "FIDAUSDT",
          "timeframe": "1h",
          "status": "COMPLETED",
          "total_candles": 200,
          "processed_candles": 176,
          "success_rate": 88.0,
          "timestamp": "2025-12-31T23:53:24.462270"
        },
        {
          "symbol": "FIDAUSDT",
          "timeframe": "4h",
          "status": "COMPLETED",
          "total_candles": 200,
          "processed_candles": 176,
          "success_rate": 88.0,
          "timestamp": "2025-12-31T23:53:27.155243"
        }
      ],
      "total_candles": 800,
      "processed_candles": 704,
      "success_rate": 88.0,
      "timestamp": "2025-12-31T23:53:27.155243"
    },
    {
      "symbol": "ERAUSDT",
      "status": "COMPLETED",
      "timeframes_processed": 4,
      "timeframe_results": [
        {
          "symbol": "ERAUSDT",
          "timeframe": "5m",
          "status": "COMPLETED",
          "total_candles": 200,
          "processed_candles": 176,
          "success_rate": 88.0,
          "timestamp": "2025-12-31T23:53:29.916281"
        },
        {
          "symbol": "ERAUSDT",
          "timeframe": "15m",
          "status": "COMPLETED",
          "total_candles": 200,
          "processed_candles": 176,
          "success_rate": 88.0,
          "timestamp": "2025-12-31T23:53:32.598103"
        },
        {
          "symbol": "ERAUSDT",
          "timeframe": "1h",
          "status": "COMPLETED",
          "total_candles": 200,
          "processed_candles": 176,
          "success_rate": 88.0,
          "timestamp": "2025-12-31T23:53:35.196356"
        },
        {
          "symbol": "ERAUSDT",
          "timeframe": "4h",
          "status": "COMPLETED",
          "total_candles": 200,
          "processed_candles": 176,
          "success_rate": 88.0,
          "timestamp": "2025-12-31T23:53:37.909799"
        }
      ],
      "total_candles": 800,
      "processed_candles": 704,
      "success_rate": 88.0,
      "timestamp": "2025-12-31T23:53:37.910800"
    },
    {
      "symbol": "CVCUSDT",
      "status": "COMPLETED",
      "timeframes_processed": 4,
      "timeframe_results": [
        {
          "symbol": "CVCUSDT",
          "timeframe": "5m",
          "status": "COMPLETED",
          "total_candles": 200,
          "processed_candles": 176,
          "success_rate": 88.0,
          "timestamp": "2025-12-31T23:53:40.633367"
        },
        {
          "symbol": "CVCUSDT",
          "timeframe": "15m",
          "status": "COMPLETED",
          "total_candles": 200,
          "processed_candles": 176,
          "success_rate": 88.0,
          "timestamp": "2025-12-31T23:53:43.194291"
        },
        {
          "symbol": "CVCUSDT",
          "timeframe": "1h",
          "status": "COMPLETED",
          "total_candles": 200,
          "processed_candles": 176,
          "success_rate": 88.0,
          "timestamp": "2025-12-31T23:53:45.959799"
        },
        {
          "symbol": "CVCUSDT",
          "timeframe": "4h",
          "status": "COMPLETED",
          "total_candles": 200,
          "processed_candles": 176,
          "success_rate": 88.0,
          "timestamp": "2025-12-31T23:53:48.582736"
        }
      ],
      "total_candles": 800,
      "processed_candles": 704,
      "success_rate": 88.0,
      "timestamp": "2025-12-31T23:53:48.582736"
    },
    {
      "symbol": "DYMUSDT",
      "status": "COMPLETED",
      "timeframes_processed": 4,
      "timeframe_results": [
        {
          "symbol": "DYMUSDT",
          "timeframe": "5m",
          "status": "COMPLETED",
          "total_candles": 200,
          "processed_candles": 176,
          "success_rate": 88.0,
          "timestamp": "2025-12-31T23:53:51.277839"
        },
        {
          "symbol": "DYMUSDT",
          "timeframe": "15m",
          "status": "COMPLETED",
          "total_candles": 200,
          "processed_candles": 176,
          "success_rate": 88.0,
          "timestamp": "2025-12-31T23:53:53.880879"
        },
        {
          "symbol": "DYMUSDT",
          "timeframe": "1h",
          "status": "COMPLETED",
          "total_candles": 200,
          "processed_candles": 176,
          "success_rate": 88.0,
          "timestamp": "2025-12-31T23:53:56.688724"
        },
        {
          "symbol": "DYMUSDT",
          "timeframe": "4h",
          "status": "COMPLETED",
          "total_candles": 200,
          "processed_candles": 176,
          "success_rate": 88.0,
          "timestamp": "2025-12-31T23:53:59.311135"
        }
      ],
      "total_candles": 800,
      "processed_candles": 704,
      "success_rate": 88.0,
      "timestamp": "2025-12-31T23:53:59.312135"
    },
    {
      "symbol": "SOLVUSDT",
      "status": "COMPLETED",
      "timeframes_processed": 4,
      "timeframe_results": [
        {
          "symbol": "SOLVUSDT",
          "timeframe": "5m",
          "status": "COMPLETED",
          "total_candles": 200,
          "processed_candles": 176,
          "success_rate": 88.0,
          "timestamp": "2025-12-31T23:54:02.119425"
        },
        {
          "symbol": "SOLVUSDT",
          "timeframe": "15m",
          "status": "COMPLETED",
          "total_candles": 200,
          "processed_candles": 176,
          "success_rate": 88.0,
          "timestamp": "2025-12-31T23:54:04.663490"
        },
        {
          "symbol": "SOLVUSDT",
          "timeframe": "1h",
          "status": "COMPLETED",
          "total_candles": 200,
          "processed_candles": 176,
          "success_rate": 88.0,
          "timestamp": "2025-12-31T23:54:07.327404"
        },
        {
          "symbol": "SOLVUSDT",
          "timeframe": "4h",
          "status": "COMPLETED",
          "total_candles": 200,
          "processed_candles": 176,
          "success_rate": 88.0,
          "timestamp": "2025-12-31T23:54:09.997138"
        }
      ],
      "total_candles": 800,
      "processed_candles": 704,
      "success_rate": 88.0,
      "timestamp": "2025-12-31T23:54:09.997138"
    },
    {
      "symbol": "MBLUSDT",
      "status": "COMPLETED",
      "timeframes_processed": 4,
      "timeframe_results": [
        {
          "symbol": "MBLUSDT",
          "timeframe": "5m",
          "status": "COMPLETED",
          "total_candles": 200,
          "processed_candles": 176,
          "success_rate": 88.0,
          "timestamp": "2025-12-31T23:54:12.775490"
        },
        {
          "symbol": "MBLUSDT",
          "timeframe": "15m",
          "status": "COMPLETED",
          "total_candles": 200,
          "processed_candles": 176,
          "success_rate": 88.0,
          "timestamp": "2025-12-31T23:54:15.451483"
        },
        {
          "symbol": "MBLUSDT",
          "timeframe": "1h",
          "status": "COMPLETED",
          "total_candles": 200,
          "processed_candles": 176,
          "success_rate": 88.0,
          "timestamp": "2025-12-31T23:54:18.090928"
        },
        {
          "symbol": "MBLUSDT",
          "timeframe": "4h",
          "status": "COMPLETED",
          "total_candles": 200,
          "processed_candles": 176,
          "success_rate": 88.0,
          "timestamp": "2025-12-31T23:54:20.892902"
        }
      ],
      "total_candles": 800,
      "processed_candles": 704,
      "success_rate": 88.0,
      "timestamp": "2025-12-31T23:54:20.893903"
    }
  ],
  "status": "COMPLETED"
}