{
  "block_id": 11,
  "start_time": "2025-12-26T09:48:51.535903",
  "end_time": "2025-12-26T09:49:16.710889",
  "duration_seconds": 25.174986,
  "summary": {
    "total_coins": 13,
    "coins_completed": 11,
    "coins_failed": 0,
    "coins_no_data": 2,
    "total_candles": 2200,
    "processed_candles": 2200,
    "success_rate": 100.0
  },
  "coin_results": [
    {
      "symbol": "ERAUSDT",
      "status": "COMPLETED",
      "total_candles": 200,
      "processed_candles": 200,
      "success_rate": 100.0,
      "timestamp": "2025-12-26T09:48:53.496337"
    },
    {
      "symbol": "INUSDT",
      "status": "NO_DATA",
      "processed": 0
    },
    {
      "symbol": "WAXPUSDT",
      "status": "COMPLETED",
      "total_candles": 200,
      "processed_candles": 200,
      "success_rate": 100.0,
      "timestamp": "2025-12-26T09:48:55.826718"
    },
    {
      "symbol": "GMTUSDT",
      "status": "COMPLETED",
      "total_candles": 200,
      "processed_candles": 200,
      "success_rate": 100.0,
      "timestamp": "2025-12-26T09:48:58.107626"
    },
    {
      "symbol": "BICOUSDT",
      "status": "COMPLETED",
      "total_candles": 200,
      "processed_candles": 200,
      "success_rate": 100.0,
      "timestamp": "2025-12-26T09:49:00.299150"
    },
    {
      "symbol": "DODOUSDT",
      "status": "COMPLETED",
      "total_candles": 200,
      "processed_candles": 200,
      "success_rate": 100.0,
      "timestamp": "2025-12-26T09:49:02.461532"
    },
    {
      "symbol": "GALAUSDT",
      "status": "COMPLETED",
      "total_candles": 200,
      "processed_candles": 200,
      "success_rate": 100.0,
      "timestamp": "2025-12-26T09:49:04.695715"
    },
    {
      "symbol": "WOOUSDT",
      "status": "COMPLETED",
      "total_candles": 200,
      "processed_candles": 200,
      "success_rate": 100.0,
      "timestamp": "2025-12-26T09:49:06.982030"
    },
    {
      "symbol": "UDSUSDT",
      "status": "NO_DATA",
      "processed": 0
    },
    {
      "symbol": "FIDAUSDT",
      "status": "COMPLETED",
      "total_candles": 200,
      "processed_candles": 200,
      "success_rate": 100.0,
      "timestamp": "2025-12-26T09:49:09.383661"
    },
    {
      "symbol": "LTCUSDT",
      "status": "COMPLETED",
      "total_candles": 200,
      "processed_candles": 200,
      "success_rate": 100.0,
      "timestamp": "2025-12-26T09:49:11.642308"
    },
    {
      "symbol": "FIOUSDT",
      "status": "COMPLETED",
      "total_candles": 200,
      "processed_candles": 200,
      "success_rate": 100.0,
      "timestamp": "2025-12-26T09:49:14.156785"
    },
    {
      "symbol": "TRUMPUSDT",
      "status": "COMPLETED",
      "total_candles": 200,
      "processed_candles": 200,
      "success_rate": 100.0,
      "timestamp": "2025-12-26T09:49:16.710889"
    }
  ],
  "status": "COMPLETED"
}