{
  "block_id": 1,
  "start_time": "2025-12-27T22:53:50.767425",
  "end_time": "2025-12-27T22:55:08.130800",
  "duration_seconds": 77.363375,
  "summary": {
    "total_coins": 50,
    "coins_completed": 48,
    "coins_failed": 0,
    "coins_no_data": 2,
    "total_candles": 9600,
    "processed_candles": 4817,
    "success_rate": 50.177083333333336
  },
  "coin_results": [
    {
      "symbol": "REQUSDT",
      "status": "COMPLETED",
      "total_candles": 200,
      "processed_candles": 101,
      "success_rate": 50.5,
      "timestamp": "2025-12-27T22:53:52.059372"
    },
    {
      "symbol": "APTUSDT",
      "status": "COMPLETED",
      "total_candles": 200,
      "processed_candles": 101,
      "success_rate": 50.5,
      "timestamp": "2025-12-27T22:53:53.574993"
    },
    {
      "symbol": "XVGUSDT",
      "status": "COMPLETED",
      "total_candles": 200,
      "processed_candles": 101,
      "success_rate": 50.5,
      "timestamp": "2025-12-27T22:53:55.098520"
    },
    {
      "symbol": "STRAXUSDT",
      "status": "COMPLETED",
      "total_candles": 200,
      "processed_candles": 101,
      "success_rate": 50.5,
      "timestamp": "2025-12-27T22:53:56.722670"
    },
    {
      "symbol": "YFIUSDT",
      "status": "COMPLETED",
      "total_candles": 200,
      "processed_candles": 70,
      "success_rate": 35.0,
      "timestamp": "2025-12-27T22:53:58.032889"
    },
    {
      "symbol": "AAVEUSDT",
      "status": "COMPLETED",
      "total_candles": 200,
      "processed_candles": 101,
      "success_rate": 50.5,
      "timestamp": "2025-12-27T22:53:59.503980"
    },
    {
      "symbol": "PIVXUSDT",
      "status": "COMPLETED",
      "total_candles": 200,
      "processed_candles": 101,
      "success_rate": 50.5,
      "timestamp": "2025-12-27T22:54:00.969026"
    },
    {
      "symbol": "STGUSDT",
      "status": "COMPLETED",
      "total_candles": 200,
      "processed_candles": 101,
      "success_rate": 50.5,
      "timestamp": "2025-12-27T22:54:02.546655"
    },
    {
      "symbol": "ZENUSDT",
      "status": "COMPLETED",
      "total_candles": 200,
      "processed_candles": 101,
      "success_rate": 50.5,
      "timestamp": "2025-12-27T22:54:04.046686"
    },
    {
      "symbol": "LISTAUSDT",
      "status": "COMPLETED",
      "total_candles": 200,
      "processed_candles": 101,
      "success_rate": 50.5,
      "timestamp": "2025-12-27T22:54:05.772107"
    },
    {
      "symbol": "DYDXUSDT",
      "status": "COMPLETED",
      "total_candles": 200,
      "processed_candles": 101,
      "success_rate": 50.5,
      "timestamp": "2025-12-27T22:54:07.406960"
    },
    {
      "symbol": "AGLDUSDT",
      "status": "COMPLETED",
      "total_candles": 200,
      "processed_candles": 101,
      "success_rate": 50.5,
      "timestamp": "2025-12-27T22:54:09.083456"
    },
    {
      "symbol": "ARUSDT",
      "status": "COMPLETED",
      "total_candles": 200,
      "processed_candles": 101,
      "success_rate": 50.5,
      "timestamp": "2025-12-27T22:54:10.537660"
    },
    {
      "symbol": "NILUSDT",
      "status": "COMPLETED",
      "total_candles": 200,
      "processed_candles": 101,
      "success_rate": 50.5,
      "timestamp": "2025-12-27T22:54:12.016789"
    },
    {
      "symbol": "GMXUSDT",
      "status": "COMPLETED",
      "total_candles": 200,
      "processed_candles": 101,
      "success_rate": 50.5,
      "timestamp": "2025-12-27T22:54:13.465348"
    },
    {
      "symbol": "HAEDALUSDT",
      "status": "COMPLETED",
      "total_candles": 200,
      "processed_candles": 101,
      "success_rate": 50.5,
      "timestamp": "2025-12-27T22:54:14.883317"
    },
    {
      "symbol": "PRIMEUSDT",
      "status": "NO_DATA",
      "processed": 0
    },
    {
      "symbol": "COWUSDT",
      "status": "COMPLETED",
      "total_candles": 200,
      "processed_candles": 101,
      "success_rate": 50.5,
      "timestamp": "2025-12-27T22:54:16.790044"
    },
    {
      "symbol": "AIUSDT",
      "status": "COMPLETED",
      "total_candles": 200,
      "processed_candles": 101,
      "success_rate": 50.5,
      "timestamp": "2025-12-27T22:54:18.847171"
    },
    {
      "symbol": "ACEUSDT",
      "status": "COMPLETED",
      "total_candles": 200,
      "processed_candles": 101,
      "success_rate": 50.5,
      "timestamp": "2025-12-27T22:54:20.612382"
    },
    {
      "symbol": "EURUSDT",
      "status": "COMPLETED",
      "total_candles": 200,
      "processed_candles": 101,
      "success_rate": 50.5,
      "timestamp": "2025-12-27T22:54:22.080785"
    },
    {
      "symbol": "RAYUSDT",
      "status": "COMPLETED",
      "total_candles": 200,
      "processed_candles": 101,
      "success_rate": 50.5,
      "timestamp": "2025-12-27T22:54:23.543201"
    },
    {
      "symbol": "ELFUSDT",
      "status": "COMPLETED",
      "total_candles": 200,
      "processed_candles": 101,
      "success_rate": 50.5,
      "timestamp": "2025-12-27T22:54:25.034166"
    },
    {
      "symbol": "WANUSDT",
      "status": "COMPLETED",
      "total_candles": 200,
      "processed_candles": 101,
      "success_rate": 50.5,
      "timestamp": "2025-12-27T22:54:26.530112"
    },
    {
      "symbol": "METUSDT",
      "status": "COMPLETED",
      "total_candles": 200,
      "processed_candles": 101,
      "success_rate": 50.5,
      "timestamp": "2025-12-27T22:54:28.069104"
    },
    {
      "symbol": "JTOUSDT",
      "status": "COMPLETED",
      "total_candles": 200,
      "processed_candles": 101,
      "success_rate": 50.5,
      "timestamp": "2025-12-27T22:54:29.571555"
    },
    {
      "symbol": "TUTUSDT",
      "status": "COMPLETED",
      "total_candles": 200,
      "processed_candles": 101,
      "success_rate": 50.5,
      "timestamp": "2025-12-27T22:54:31.005640"
    },
    {
      "symbol": "GRTUSDT",
      "status": "COMPLETED",
      "total_candles": 200,
      "processed_candles": 101,
      "success_rate": 50.5,
      "timestamp": "2025-12-27T22:54:32.484376"
    },
    {
      "symbol": "WCTUSDT",
      "status": "COMPLETED",
      "total_candles": 200,
      "processed_candles": 101,
      "success_rate": 50.5,
      "timestamp": "2025-12-27T22:54:33.977070"
    },
    {
      "symbol": "EIGENUSDT",
      "status": "COMPLETED",
      "total_candles": 200,
      "processed_candles": 101,
      "success_rate": 50.5,
      "timestamp": "2025-12-27T22:54:35.509969"
    },
    {
      "symbol": "NEWTUSDT",
      "status": "COMPLETED",
      "total_candles": 200,
      "processed_candles": 101,
      "success_rate": 50.5,
      "timestamp": "2025-12-27T22:54:36.998962"
    },
    {
      "symbol": "LGCTUSDT",
      "status": "NO_DATA",
      "processed": 0
    },
    {
      "symbol": "SXPUSDT",
      "status": "COMPLETED",
      "total_candles": 200,
      "processed_candles": 101,
      "success_rate": 50.5,
      "timestamp": "2025-12-27T22:54:38.603668"
    },
    {
      "symbol": "VANAUSDT",
      "status": "COMPLETED",
      "total_candles": 200,
      "processed_candles": 101,
      "success_rate": 50.5,
      "timestamp": "2025-12-27T22:54:40.157186"
    },
    {
      "symbol": "COTIUSDT",
      "status": "COMPLETED",
      "total_candles": 200,
      "processed_candles": 101,
      "success_rate": 50.5,
      "timestamp": "2025-12-27T22:54:41.738145"
    },
    {
      "symbol": "KERNELUSDT",
      "status": "COMPLETED",
      "total_candles": 200,
      "processed_candles": 101,
      "success_rate": 50.5,
      "timestamp": "2025-12-27T22:54:43.286190"
    },
    {
      "symbol": "DYMUSDT",
      "status": "COMPLETED",
      "total_candles": 200,
      "processed_candles": 101,
      "success_rate": 50.5,
      "timestamp": "2025-12-27T22:54:44.757976"
    },
    {
      "symbol": "BEAMXUSDT",
      "status": "COMPLETED",
      "total_candles": 200,
      "processed_candles": 101,
      "success_rate": 50.5,
      "timestamp": "2025-12-27T22:54:46.255835"
    },
    {
      "symbol": "NTRNUSDT",
      "status": "COMPLETED",
      "total_candles": 200,
      "processed_candles": 101,
      "success_rate": 50.5,
      "timestamp": "2025-12-27T22:54:47.787735"
    },
    {
      "symbol": "TIAUSDT",
      "status": "COMPLETED",
      "total_candles": 200,
      "processed_candles": 101,
      "success_rate": 50.5,
      "timestamp": "2025-12-27T22:54:49.318304"
    },
    {
      "symbol": "TUSDT",
      "status": "COMPLETED",
      "total_candles": 200,
      "processed_candles": 101,
      "success_rate": 50.5,
      "timestamp": "2025-12-27T22:54:50.836867"
    },
    {
      "symbol": "RDNTUSDT",
      "status": "COMPLETED",
      "total_candles": 200,
      "processed_candles": 101,
      "success_rate": 50.5,
      "timestamp": "2025-12-27T22:54:52.333506"
    },
    {
      "symbol": "ARPAUSDT",
      "status": "COMPLETED",
      "total_candles": 200,
      "processed_candles": 101,
      "success_rate": 50.5,
      "timestamp": "2025-12-27T22:54:53.860383"
    },
    {
      "symbol": "ARKUSDT",
      "status": "COMPLETED",
      "total_candles": 200,
      "processed_candles": 101,
      "success_rate": 50.5,
      "timestamp": "2025-12-27T22:54:55.440326"
    },
    {
      "symbol": "ATOMUSDT",
      "status": "COMPLETED",
      "total_candles": 200,
      "processed_candles": 101,
      "success_rate": 50.5,
      "timestamp": "2025-12-27T22:54:57.203864"
    },
    {
      "symbol": "RADUSDT",
      "status": "COMPLETED",
      "total_candles": 200,
      "processed_candles": 101,
      "success_rate": 50.5,
      "timestamp": "2025-12-27T22:54:59.374972"
    },
    {
      "symbol": "ENAUSDT",
      "status": "COMPLETED",
      "total_candles": 200,
      "processed_candles": 101,
      "success_rate": 50.5,
      "timestamp": "2025-12-27T22:55:01.382660"
    },
    {
      "symbol": "AWEUSDT",
      "status": "COMPLETED",
      "total_candles": 200,
      "processed_candles": 101,
      "success_rate": 50.5,
      "timestamp": "2025-12-27T22:55:04.045499"
    },
    {
      "symbol": "SCUSDT",
      "status": "COMPLETED",
      "total_candles": 200,
      "processed_candles": 101,
      "success_rate": 50.5,
      "timestamp": "2025-12-27T22:55:06.411874"
    },
    {
      "symbol": "CTSIUSDT",
      "status": "COMPLETED",
      "total_candles": 200,
      "processed_candles": 101,
      "success_rate": 50.5,
      "timestamp": "2025-12-27T22:55:08.130800"
    }
  ],
  "status": "COMPLETED"
}