{
  "block_id": 12,
  "start_time": "2026-01-01T00:20:24.555802",
  "end_time": "2026-01-01T00:20:40.389215",
  "duration_seconds": 15.833413,
  "summary": {
    "total_coins": 3,
    "coins_completed": 3,
    "coins_failed": 0,
    "coins_no_data": 0,
    "total_candles": 2400,
    "processed_candles": 592,
    "success_rate": 24.666666666666668
  },
  "coin_results": [
    {
      "symbol": "BTCUSDT",
      "status": "COMPLETED",
      "timeframes_processed": 4,
      "timeframe_results": [
        {
          "symbol": "BTCUSDT",
          "timeframe": "5m",
          "status": "COMPLETED",
          "total_candles": 200,
          "processed_candles": 1,
          "success_rate": 0.5,
          "timestamp": "2026-01-01T00:20:25.285289"
        },
        {
          "symbol": "BTCUSDT",
          "timeframe": "15m",
          "status": "COMPLETED",
          "total_candles": 200,
          "processed_candles": 1,
          "success_rate": 0.5,
          "timestamp": "2026-01-01T00:20:26.238690"
        },
        {
          "symbol": "BTCUSDT",
          "timeframe": "1h",
          "status": "COMPLETED",
          "total_candles": 200,
          "processed_candles": 1,
          "success_rate": 0.5,
          "timestamp": "2026-01-01T00:20:27.046854"
        },
        {
          "symbol": "BTCUSDT",
          "timeframe": "4h",
          "status": "COMPLETED",
          "total_candles": 200,
          "processed_candles": 0,
          "success_rate": 0.0,
          "timestamp": "2026-01-01T00:20:27.803504"
        }
      ],
      "total_candles": 800,
      "processed_candles": 3,
      "success_rate": 0.375,
      "timestamp": "2026-01-01T00:20:27.804490"
    },
    {
      "symbol": "ETHUSDT",
      "status": "COMPLETED",
      "timeframes_processed": 4,
      "timeframe_results": [
        {
          "symbol": "ETHUSDT",
          "timeframe": "5m",
          "status": "COMPLETED",
          "total_candles": 200,
          "processed_candles": 112,
          "success_rate": 56.00000000000001,
          "timestamp": "2026-01-01T00:20:29.886193"
        },
        {
          "symbol": "ETHUSDT",
          "timeframe": "15m",
          "status": "COMPLETED",
          "total_candles": 200,
          "processed_candles": 63,
          "success_rate": 31.5,
          "timestamp": "2026-01-01T00:20:31.319891"
        },
        {
          "symbol": "ETHUSDT",
          "timeframe": "1h",
          "status": "COMPLETED",
          "total_candles": 200,
          "processed_candles": 1,
          "success_rate": 0.5,
          "timestamp": "2026-01-01T00:20:32.120651"
        },
        {
          "symbol": "ETHUSDT",
          "timeframe": "4h",
          "status": "COMPLETED",
          "total_candles": 200,
          "processed_candles": 1,
          "success_rate": 0.5,
          "timestamp": "2026-01-01T00:20:33.079911"
        }
      ],
      "total_candles": 800,
      "processed_candles": 177,
      "success_rate": 22.125,
      "timestamp": "2026-01-01T00:20:33.079911"
    },
    {
      "symbol": "BNBUSDT",
      "status": "COMPLETED",
      "timeframes_processed": 4,
      "timeframe_results": [
        {
          "symbol": "BNBUSDT",
          "timeframe": "5m",
          "status": "COMPLETED",
          "total_candles": 200,
          "processed_candles": 176,
          "success_rate": 88.0,
          "timestamp": "2026-01-01T00:20:35.655414"
        },
        {
          "symbol": "BNBUSDT",
          "timeframe": "15m",
          "status": "COMPLETED",
          "total_candles": 200,
          "processed_candles": 155,
          "success_rate": 77.5,
          "timestamp": "2026-01-01T00:20:38.035627"
        },
        {
          "symbol": "BNBUSDT",
          "timeframe": "1h",
          "status": "COMPLETED",
          "total_candles": 200,
          "processed_candles": 80,
          "success_rate": 40.0,
          "timestamp": "2026-01-01T00:20:39.581837"
        },
        {
          "symbol": "BNBUSDT",
          "timeframe": "4h",
          "status": "COMPLETED",
          "total_candles": 200,
          "processed_candles": 1,
          "success_rate": 0.5,
          "timestamp": "2026-01-01T00:20:40.388215"
        }
      ],
      "total_candles": 800,
      "processed_candles": 412,
      "success_rate": 51.5,
      "timestamp": "2026-01-01T00:20:40.388215"
    }
  ],
  "status": "COMPLETED"
}