{
  "block_id": 6,
  "start_time": "2025-12-31T23:57:56.081506",
  "end_time": "2026-01-01T00:00:05.440591",
  "duration_seconds": 129.359085,
  "summary": {
    "total_coins": 12,
    "coins_completed": 12,
    "coins_failed": 0,
    "coins_no_data": 0,
    "total_candles": 9200,
    "processed_candles": 7947,
    "success_rate": 86.38043478260869
  },
  "coin_results": [
    {
      "symbol": "ARPAUSDT",
      "status": "COMPLETED",
      "timeframes_processed": 4,
      "timeframe_results": [
        {
          "symbol": "ARPAUSDT",
          "timeframe": "5m",
          "status": "COMPLETED",
          "total_candles": 200,
          "processed_candles": 176,
          "success_rate": 88.0,
          "timestamp": "2025-12-31T23:57:58.565159"
        },
        {
          "symbol": "ARPAUSDT",
          "timeframe": "15m",
          "status": "COMPLETED",
          "total_candles": 200,
          "processed_candles": 176,
          "success_rate": 88.0,
          "timestamp": "2025-12-31T23:58:01.420450"
        },
        {
          "symbol": "ARPAUSDT",
          "timeframe": "1h",
          "status": "COMPLETED",
          "total_candles": 200,
          "processed_candles": 176,
          "success_rate": 88.0,
          "timestamp": "2025-12-31T23:58:04.732402"
        },
        {
          "symbol": "ARPAUSDT",
          "timeframe": "4h",
          "status": "COMPLETED",
          "total_candles": 200,
          "processed_candles": 176,
          "success_rate": 88.0,
          "timestamp": "2025-12-31T23:58:07.322539"
        }
      ],
      "total_candles": 800,
      "processed_candles": 704,
      "success_rate": 88.0,
      "timestamp": "2025-12-31T23:58:07.323540"
    },
    {
      "symbol": "BELUSDT",
      "status": "COMPLETED",
      "timeframes_processed": 4,
      "timeframe_results": [
        {
          "symbol": "BELUSDT",
          "timeframe": "5m",
          "status": "COMPLETED",
          "total_candles": 200,
          "processed_candles": 176,
          "success_rate": 88.0,
          "timestamp": "2025-12-31T23:58:09.951428"
        },
        {
          "symbol": "BELUSDT",
          "timeframe": "15m",
          "status": "COMPLETED",
          "total_candles": 200,
          "processed_candles": 176,
          "success_rate": 88.0,
          "timestamp": "2025-12-31T23:58:12.475338"
        },
        {
          "symbol": "BELUSDT",
          "timeframe": "1h",
          "status": "COMPLETED",
          "total_candles": 200,
          "processed_candles": 176,
          "success_rate": 88.0,
          "timestamp": "2025-12-31T23:58:14.931217"
        },
        {
          "symbol": "BELUSDT",
          "timeframe": "4h",
          "status": "COMPLETED",
          "total_candles": 200,
          "processed_candles": 176,
          "success_rate": 88.0,
          "timestamp": "2025-12-31T23:58:17.479264"
        }
      ],
      "total_candles": 800,
      "processed_candles": 704,
      "success_rate": 88.0,
      "timestamp": "2025-12-31T23:58:17.479264"
    },
    {
      "symbol": "RDNTUSDT",
      "status": "COMPLETED",
      "timeframes_processed": 4,
      "timeframe_results": [
        {
          "symbol": "RDNTUSDT",
          "timeframe": "5m",
          "status": "COMPLETED",
          "total_candles": 200,
          "processed_candles": 176,
          "success_rate": 88.0,
          "timestamp": "2025-12-31T23:58:20.021175"
        },
        {
          "symbol": "RDNTUSDT",
          "timeframe": "15m",
          "status": "COMPLETED",
          "total_candles": 200,
          "processed_candles": 176,
          "success_rate": 88.0,
          "timestamp": "2025-12-31T23:58:22.504031"
        },
        {
          "symbol": "RDNTUSDT",
          "timeframe": "1h",
          "status": "COMPLETED",
          "total_candles": 200,
          "processed_candles": 176,
          "success_rate": 88.0,
          "timestamp": "2025-12-31T23:58:25.076866"
        },
        {
          "symbol": "RDNTUSDT",
          "timeframe": "4h",
          "status": "COMPLETED",
          "total_candles": 200,
          "processed_candles": 176,
          "success_rate": 88.0,
          "timestamp": "2025-12-31T23:58:27.802899"
        }
      ],
      "total_candles": 800,
      "processed_candles": 704,
      "success_rate": 88.0,
      "timestamp": "2025-12-31T23:58:27.802899"
    },
    {
      "symbol": "BIFIUSDT",
      "status": "COMPLETED",
      "timeframes_processed": 3,
      "timeframe_results": [
        {
          "symbol": "BIFIUSDT",
          "timeframe": "15m",
          "status": "COMPLETED",
          "total_candles": 200,
          "processed_candles": 176,
          "success_rate": 88.0,
          "timestamp": "2025-12-31T23:58:30.437227"
        },
        {
          "symbol": "BIFIUSDT",
          "timeframe": "1h",
          "status": "COMPLETED",
          "total_candles": 200,
          "processed_candles": 90,
          "success_rate": 45.0,
          "timestamp": "2025-12-31T23:58:32.558764"
        },
        {
          "symbol": "BIFIUSDT",
          "timeframe": "4h",
          "status": "COMPLETED",
          "total_candles": 200,
          "processed_candles": 122,
          "success_rate": 61.0,
          "timestamp": "2025-12-31T23:58:35.701822"
        }
      ],
      "total_candles": 600,
      "processed_candles": 388,
      "success_rate": 64.66666666666666,
      "timestamp": "2025-12-31T23:58:35.701822"
    },
    {
      "symbol": "USDPUSDT",
      "status": "COMPLETED",
      "timeframes_processed": 3,
      "timeframe_results": [
        {
          "symbol": "USDPUSDT",
          "timeframe": "15m",
          "status": "COMPLETED",
          "total_candles": 200,
          "processed_candles": 176,
          "success_rate": 88.0,
          "timestamp": "2025-12-31T23:58:40.185571"
        },
        {
          "symbol": "USDPUSDT",
          "timeframe": "1h",
          "status": "COMPLETED",
          "total_candles": 200,
          "processed_candles": 176,
          "success_rate": 88.0,
          "timestamp": "2025-12-31T23:58:43.985282"
        },
        {
          "symbol": "USDPUSDT",
          "timeframe": "4h",
          "status": "COMPLETED",
          "total_candles": 200,
          "processed_candles": 176,
          "success_rate": 88.0,
          "timestamp": "2025-12-31T23:58:46.765161"
        }
      ],
      "total_candles": 600,
      "processed_candles": 528,
      "success_rate": 88.0,
      "timestamp": "2025-12-31T23:58:46.766159"
    },
    {
      "symbol": "XRPUSDT",
      "status": "COMPLETED",
      "timeframes_processed": 4,
      "timeframe_results": [
        {
          "symbol": "XRPUSDT",
          "timeframe": "5m",
          "status": "COMPLETED",
          "total_candles": 200,
          "processed_candles": 176,
          "success_rate": 88.0,
          "timestamp": "2025-12-31T23:58:49.599004"
        },
        {
          "symbol": "XRPUSDT",
          "timeframe": "15m",
          "status": "COMPLETED",
          "total_candles": 200,
          "processed_candles": 176,
          "success_rate": 88.0,
          "timestamp": "2025-12-31T23:58:52.242164"
        },
        {
          "symbol": "XRPUSDT",
          "timeframe": "1h",
          "status": "COMPLETED",
          "total_candles": 200,
          "processed_candles": 176,
          "success_rate": 88.0,
          "timestamp": "2025-12-31T23:58:54.985652"
        },
        {
          "symbol": "XRPUSDT",
          "timeframe": "4h",
          "status": "COMPLETED",
          "total_candles": 200,
          "processed_candles": 176,
          "success_rate": 88.0,
          "timestamp": "2025-12-31T23:58:57.616017"
        }
      ],
      "total_candles": 800,
      "processed_candles": 704,
      "success_rate": 88.0,
      "timestamp": "2025-12-31T23:58:57.616017"
    },
    {
      "symbol": "SOLUSDT",
      "status": "COMPLETED",
      "timeframes_processed": 4,
      "timeframe_results": [
        {
          "symbol": "SOLUSDT",
          "timeframe": "5m",
          "status": "COMPLETED",
          "total_candles": 200,
          "processed_candles": 176,
          "success_rate": 88.0,
          "timestamp": "2025-12-31T23:59:00.270442"
        },
        {
          "symbol": "SOLUSDT",
          "timeframe": "15m",
          "status": "COMPLETED",
          "total_candles": 200,
          "processed_candles": 176,
          "success_rate": 88.0,
          "timestamp": "2025-12-31T23:59:02.834362"
        },
        {
          "symbol": "SOLUSDT",
          "timeframe": "1h",
          "status": "COMPLETED",
          "total_candles": 200,
          "processed_candles": 176,
          "success_rate": 88.0,
          "timestamp": "2025-12-31T23:59:05.352600"
        },
        {
          "symbol": "SOLUSDT",
          "timeframe": "4h",
          "status": "COMPLETED",
          "total_candles": 200,
          "processed_candles": 167,
          "success_rate": 83.5,
          "timestamp": "2025-12-31T23:59:07.911907"
        }
      ],
      "total_candles": 800,
      "processed_candles": 695,
      "success_rate": 86.875,
      "timestamp": "2025-12-31T23:59:07.912906"
    },
    {
      "symbol": "TRXUSDT",
      "status": "COMPLETED",
      "timeframes_processed": 4,
      "timeframe_results": [
        {
          "symbol": "TRXUSDT",
          "timeframe": "5m",
          "status": "COMPLETED",
          "total_candles": 200,
          "processed_candles": 176,
          "success_rate": 88.0,
          "timestamp": "2025-12-31T23:59:10.604749"
        },
        {
          "symbol": "TRXUSDT",
          "timeframe": "15m",
          "status": "COMPLETED",
          "total_candles": 200,
          "processed_candles": 176,
          "success_rate": 88.0,
          "timestamp": "2025-12-31T23:59:13.190265"
        },
        {
          "symbol": "TRXUSDT",
          "timeframe": "1h",
          "status": "COMPLETED",
          "total_candles": 200,
          "processed_candles": 176,
          "success_rate": 88.0,
          "timestamp": "2025-12-31T23:59:16.080559"
        },
        {
          "symbol": "TRXUSDT",
          "timeframe": "4h",
          "status": "COMPLETED",
          "total_candles": 200,
          "processed_candles": 176,
          "success_rate": 88.0,
          "timestamp": "2025-12-31T23:59:19.828706"
        }
      ],
      "total_candles": 800,
      "processed_candles": 704,
      "success_rate": 88.0,
      "timestamp": "2025-12-31T23:59:19.829707"
    },
    {
      "symbol": "DOGEUSDT",
      "status": "COMPLETED",
      "timeframes_processed": 4,
      "timeframe_results": [
        {
          "symbol": "DOGEUSDT",
          "timeframe": "5m",
          "status": "COMPLETED",
          "total_candles": 200,
          "processed_candles": 176,
          "success_rate": 88.0,
          "timestamp": "2025-12-31T23:59:23.418049"
        },
        {
          "symbol": "DOGEUSDT",
          "timeframe": "15m",
          "status": "COMPLETED",
          "total_candles": 200,
          "processed_candles": 176,
          "success_rate": 88.0,
          "timestamp": "2025-12-31T23:59:27.727781"
        },
        {
          "symbol": "DOGEUSDT",
          "timeframe": "1h",
          "status": "COMPLETED",
          "total_candles": 200,
          "processed_candles": 176,
          "success_rate": 88.0,
          "timestamp": "2025-12-31T23:59:30.540324"
        },
        {
          "symbol": "DOGEUSDT",
          "timeframe": "4h",
          "status": "COMPLETED",
          "total_candles": 200,
          "processed_candles": 176,
          "success_rate": 88.0,
          "timestamp": "2025-12-31T23:59:33.178822"
        }
      ],
      "total_candles": 800,
      "processed_candles": 704,
      "success_rate": 88.0,
      "timestamp": "2025-12-31T23:59:33.179824"
    },
    {
      "symbol": "ADAUSDT",
      "status": "COMPLETED",
      "timeframes_processed": 4,
      "timeframe_results": [
        {
          "symbol": "ADAUSDT",
          "timeframe": "5m",
          "status": "COMPLETED",
          "total_candles": 200,
          "processed_candles": 176,
          "success_rate": 88.0,
          "timestamp": "2025-12-31T23:59:35.809823"
        },
        {
          "symbol": "ADAUSDT",
          "timeframe": "15m",
          "status": "COMPLETED",
          "total_candles": 200,
          "processed_candles": 176,
          "success_rate": 88.0,
          "timestamp": "2025-12-31T23:59:38.495708"
        },
        {
          "symbol": "ADAUSDT",
          "timeframe": "1h",
          "status": "COMPLETED",
          "total_candles": 200,
          "processed_candles": 176,
          "success_rate": 88.0,
          "timestamp": "2025-12-31T23:59:41.225021"
        },
        {
          "symbol": "ADAUSDT",
          "timeframe": "4h",
          "status": "COMPLETED",
          "total_candles": 200,
          "processed_candles": 176,
          "success_rate": 88.0,
          "timestamp": "2025-12-31T23:59:43.909937"
        }
      ],
      "total_candles": 800,
      "processed_candles": 704,
      "success_rate": 88.0,
      "timestamp": "2025-12-31T23:59:43.909937"
    },
    {
      "symbol": "LINKUSDT",
      "status": "COMPLETED",
      "timeframes_processed": 4,
      "timeframe_results": [
        {
          "symbol": "LINKUSDT",
          "timeframe": "5m",
          "status": "COMPLETED",
          "total_candles": 200,
          "processed_candles": 176,
          "success_rate": 88.0,
          "timestamp": "2025-12-31T23:59:46.818002"
        },
        {
          "symbol": "LINKUSDT",
          "timeframe": "15m",
          "status": "COMPLETED",
          "total_candles": 200,
          "processed_candles": 176,
          "success_rate": 88.0,
          "timestamp": "2025-12-31T23:59:49.476268"
        },
        {
          "symbol": "LINKUSDT",
          "timeframe": "1h",
          "status": "COMPLETED",
          "total_candles": 200,
          "processed_candles": 176,
          "success_rate": 88.0,
          "timestamp": "2025-12-31T23:59:52.131170"
        },
        {
          "symbol": "LINKUSDT",
          "timeframe": "4h",
          "status": "COMPLETED",
          "total_candles": 200,
          "processed_candles": 176,
          "success_rate": 88.0,
          "timestamp": "2025-12-31T23:59:54.682261"
        }
      ],
      "total_candles": 800,
      "processed_candles": 704,
      "success_rate": 88.0,
      "timestamp": "2025-12-31T23:59:54.683263"
    },
    {
      "symbol": "USDEUSDT",
      "status": "COMPLETED",
      "timeframes_processed": 4,
      "timeframe_results": [
        {
          "symbol": "USDEUSDT",
          "timeframe": "5m",
          "status": "COMPLETED",
          "total_candles": 200,
          "processed_candles": 176,
          "success_rate": 88.0,
          "timestamp": "2025-12-31T23:59:57.507461"
        },
        {
          "symbol": "USDEUSDT",
          "timeframe": "15m",
          "status": "COMPLETED",
          "total_candles": 200,
          "processed_candles": 176,
          "success_rate": 88.0,
          "timestamp": "2026-01-01T00:00:00.073234"
        },
        {
          "symbol": "USDEUSDT",
          "timeframe": "1h",
          "status": "COMPLETED",
          "total_candles": 200,
          "processed_candles": 176,
          "success_rate": 88.0,
          "timestamp": "2026-01-01T00:00:02.739243"
        },
        {
          "symbol": "USDEUSDT",
          "timeframe": "4h",
          "status": "COMPLETED",
          "total_candles": 200,
          "processed_candles": 176,
          "success_rate": 88.0,
          "timestamp": "2026-01-01T00:00:05.440591"
        }
      ],
      "total_candles": 800,
      "processed_candles": 704,
      "success_rate": 88.0,
      "timestamp": "2026-01-01T00:00:05.440591"
    }
  ],
  "status": "COMPLETED"
}