{
  "block_id": 2,
  "start_time": "2025-12-25T01:37:13.745227",
  "end_time": "2025-12-25T01:38:09.005413",
  "duration_seconds": 55.260186,
  "summary": {
    "total_coins": 25,
    "coins_completed": 24,
    "coins_failed": 0,
    "coins_no_data": 1,
    "total_candles": 4800,
    "processed_candles": 4800,
    "success_rate": 100.0
  },
  "coin_results": [
    {
      "symbol": "AMPUSDT",
      "status": "COMPLETED",
      "total_candles": 200,
      "processed_candles": 200,
      "success_rate": 100.0,
      "timestamp": "2025-12-25T01:37:16.348704"
    },
    {
      "symbol": "XUSDUSDT",
      "status": "COMPLETED",
      "total_candles": 200,
      "processed_candles": 200,
      "success_rate": 100.0,
      "timestamp": "2025-12-25T01:37:18.424990"
    },
    {
      "symbol": "SAHARAUSDT",
      "status": "COMPLETED",
      "total_candles": 200,
      "processed_candles": 200,
      "success_rate": 100.0,
      "timestamp": "2025-12-25T01:37:21.202725"
    },
    {
      "symbol": "UXPLUSDT",
      "status": "NO_DATA",
      "processed": 0
    },
    {
      "symbol": "USUALUSDT",
      "status": "COMPLETED",
      "total_candles": 200,
      "processed_candles": 200,
      "success_rate": 100.0,
      "timestamp": "2025-12-25T01:37:23.438461"
    },
    {
      "symbol": "DIAUSDT",
      "status": "COMPLETED",
      "total_candles": 200,
      "processed_candles": 200,
      "success_rate": 100.0,
      "timestamp": "2025-12-25T01:37:25.474118"
    },
    {
      "symbol": "PENGUUSDT",
      "status": "COMPLETED",
      "total_candles": 200,
      "processed_candles": 200,
      "success_rate": 100.0,
      "timestamp": "2025-12-25T01:37:27.508583"
    },
    {
      "symbol": "MEUSDT",
      "status": "COMPLETED",
      "total_candles": 200,
      "processed_candles": 200,
      "success_rate": 100.0,
      "timestamp": "2025-12-25T01:37:29.463371"
    },
    {
      "symbol": "NILUSDT",
      "status": "COMPLETED",
      "total_candles": 200,
      "processed_candles": 200,
      "success_rate": 100.0,
      "timestamp": "2025-12-25T01:37:31.466824"
    },
    {
      "symbol": "ARBUSDT",
      "status": "COMPLETED",
      "total_candles": 200,
      "processed_candles": 200,
      "success_rate": 100.0,
      "timestamp": "2025-12-25T01:37:33.509554"
    },
    {
      "symbol": "ORDIUSDT",
      "status": "COMPLETED",
      "total_candles": 200,
      "processed_candles": 200,
      "success_rate": 100.0,
      "timestamp": "2025-12-25T01:37:35.555653"
    },
    {
      "symbol": "LAUSDT",
      "status": "COMPLETED",
      "total_candles": 200,
      "processed_candles": 200,
      "success_rate": 100.0,
      "timestamp": "2025-12-25T01:37:37.530096"
    },
    {
      "symbol": "JSTUSDT",
      "status": "COMPLETED",
      "total_candles": 200,
      "processed_candles": 200,
      "success_rate": 100.0,
      "timestamp": "2025-12-25T01:37:39.522412"
    },
    {
      "symbol": "EDENUSDT",
      "status": "COMPLETED",
      "total_candles": 200,
      "processed_candles": 200,
      "success_rate": 100.0,
      "timestamp": "2025-12-25T01:37:41.569204"
    },
    {
      "symbol": "ALGOUSDT",
      "status": "COMPLETED",
      "total_candles": 200,
      "processed_candles": 200,
      "success_rate": 100.0,
      "timestamp": "2025-12-25T01:37:43.970077"
    },
    {
      "symbol": "WCTUSDT",
      "status": "COMPLETED",
      "total_candles": 200,
      "processed_candles": 200,
      "success_rate": 100.0,
      "timestamp": "2025-12-25T01:37:46.067844"
    },
    {
      "symbol": "NEXOUSDT",
      "status": "COMPLETED",
      "total_candles": 200,
      "processed_candles": 200,
      "success_rate": 100.0,
      "timestamp": "2025-12-25T01:37:48.055617"
    },
    {
      "symbol": "GMTUSDT",
      "status": "COMPLETED",
      "total_candles": 200,
      "processed_candles": 200,
      "success_rate": 100.0,
      "timestamp": "2025-12-25T01:37:50.043525"
    },
    {
      "symbol": "TKOUSDT",
      "status": "COMPLETED",
      "total_candles": 200,
      "processed_candles": 200,
      "success_rate": 100.0,
      "timestamp": "2025-12-25T01:37:52.274431"
    },
    {
      "symbol": "SANTOSUSDT",
      "status": "COMPLETED",
      "total_candles": 200,
      "processed_candles": 200,
      "success_rate": 100.0,
      "timestamp": "2025-12-25T01:37:54.443553"
    },
    {
      "symbol": "ELFUSDT",
      "status": "COMPLETED",
      "total_candles": 200,
      "processed_candles": 200,
      "success_rate": 100.0,
      "timestamp": "2025-12-25T01:37:56.798091"
    },
    {
      "symbol": "NKNUSDT",
      "status": "COMPLETED",
      "total_candles": 200,
      "processed_candles": 200,
      "success_rate": 100.0,
      "timestamp": "2025-12-25T01:37:59.914670"
    },
    {
      "symbol": "OGUSDT",
      "status": "COMPLETED",
      "total_candles": 200,
      "processed_candles": 200,
      "success_rate": 100.0,
      "timestamp": "2025-12-25T01:38:03.038471"
    },
    {
      "symbol": "POLUSDT",
      "status": "COMPLETED",
      "total_candles": 200,
      "processed_candles": 200,
      "success_rate": 100.0,
      "timestamp": "2025-12-25T01:38:06.008993"
    },
    {
      "symbol": "THETAUSDT",
      "status": "COMPLETED",
      "total_candles": 200,
      "processed_candles": 200,
      "success_rate": 100.0,
      "timestamp": "2025-12-25T01:38:09.004414"
    }
  ],
  "status": "COMPLETED"
}