{
  "block_id": 12,
  "start_time": "2025-12-25T23:06:52.571757",
  "end_time": "2025-12-25T23:08:30.198274",
  "duration_seconds": 97.626517,
  "summary": {
    "total_coins": 48,
    "coins_completed": 46,
    "coins_failed": 0,
    "coins_no_data": 2,
    "total_candles": 9200,
    "processed_candles": 9200,
    "success_rate": 100.0
  },
  "coin_results": [
    {
      "symbol": "AXSUSDT",
      "status": "COMPLETED",
      "total_candles": 200,
      "processed_candles": 200,
      "success_rate": 100.0,
      "timestamp": "2025-12-25T23:06:54.262982"
    },
    {
      "symbol": "PARTIUSDT",
      "status": "COMPLETED",
      "total_candles": 200,
      "processed_candles": 200,
      "success_rate": 100.0,
      "timestamp": "2025-12-25T23:06:56.125462"
    },
    {
      "symbol": "ENJUSDT",
      "status": "COMPLETED",
      "total_candles": 200,
      "processed_candles": 200,
      "success_rate": 100.0,
      "timestamp": "2025-12-25T23:06:57.945703"
    },
    {
      "symbol": "XVGUSDT",
      "status": "COMPLETED",
      "total_candles": 200,
      "processed_candles": 200,
      "success_rate": 100.0,
      "timestamp": "2025-12-25T23:06:59.826064"
    },
    {
      "symbol": "CUSDT",
      "status": "COMPLETED",
      "total_candles": 200,
      "processed_candles": 200,
      "success_rate": 100.0,
      "timestamp": "2025-12-25T23:07:01.702892"
    },
    {
      "symbol": "VANRYUSDT",
      "status": "COMPLETED",
      "total_candles": 200,
      "processed_candles": 200,
      "success_rate": 100.0,
      "timestamp": "2025-12-25T23:07:03.574815"
    },
    {
      "symbol": "STOUSDT",
      "status": "COMPLETED",
      "total_candles": 200,
      "processed_candles": 200,
      "success_rate": 100.0,
      "timestamp": "2025-12-25T23:07:05.383120"
    },
    {
      "symbol": "TLMUSDT",
      "status": "COMPLETED",
      "total_candles": 200,
      "processed_candles": 200,
      "success_rate": 100.0,
      "timestamp": "2025-12-25T23:07:07.280026"
    },
    {
      "symbol": "MUBARAKUSDT",
      "status": "COMPLETED",
      "total_candles": 200,
      "processed_candles": 200,
      "success_rate": 100.0,
      "timestamp": "2025-12-25T23:07:09.320385"
    },
    {
      "symbol": "ATUSDT",
      "status": "COMPLETED",
      "total_candles": 200,
      "processed_candles": 200,
      "success_rate": 100.0,
      "timestamp": "2025-12-25T23:07:11.446663"
    },
    {
      "symbol": "RIFUSDT",
      "status": "COMPLETED",
      "total_candles": 200,
      "processed_candles": 200,
      "success_rate": 100.0,
      "timestamp": "2025-12-25T23:07:13.387060"
    },
    {
      "symbol": "MEUSDT",
      "status": "COMPLETED",
      "total_candles": 200,
      "processed_candles": 200,
      "success_rate": 100.0,
      "timestamp": "2025-12-25T23:07:15.248357"
    },
    {
      "symbol": "OCEANUSDT",
      "status": "COMPLETED",
      "total_candles": 200,
      "processed_candles": 200,
      "success_rate": 100.0,
      "timestamp": "2025-12-25T23:07:17.146013"
    },
    {
      "symbol": "HOMEUSDT",
      "status": "COMPLETED",
      "total_candles": 200,
      "processed_candles": 200,
      "success_rate": 100.0,
      "timestamp": "2025-12-25T23:07:19.088096"
    },
    {
      "symbol": "PEOPLEUSDT",
      "status": "COMPLETED",
      "total_candles": 200,
      "processed_candles": 200,
      "success_rate": 100.0,
      "timestamp": "2025-12-25T23:07:21.016546"
    },
    {
      "symbol": "FTTUSDT",
      "status": "COMPLETED",
      "total_candles": 200,
      "processed_candles": 200,
      "success_rate": 100.0,
      "timestamp": "2025-12-25T23:07:22.869285"
    },
    {
      "symbol": "OKBUSDT",
      "status": "NO_DATA",
      "processed": 0
    },
    {
      "symbol": "CETUSUSDT",
      "status": "COMPLETED",
      "total_candles": 200,
      "processed_candles": 200,
      "success_rate": 100.0,
      "timestamp": "2025-12-25T23:07:24.970271"
    },
    {
      "symbol": "PHBUSDT",
      "status": "COMPLETED",
      "total_candles": 200,
      "processed_candles": 200,
      "success_rate": 100.0,
      "timestamp": "2025-12-25T23:07:26.986875"
    },
    {
      "symbol": "QTUMUSDT",
      "status": "COMPLETED",
      "total_candles": 200,
      "processed_candles": 200,
      "success_rate": 100.0,
      "timestamp": "2025-12-25T23:07:29.118714"
    },
    {
      "symbol": "YGGUSDT",
      "status": "COMPLETED",
      "total_candles": 200,
      "processed_candles": 200,
      "success_rate": 100.0,
      "timestamp": "2025-12-25T23:07:31.353186"
    },
    {
      "symbol": "SUSHIUSDT",
      "status": "COMPLETED",
      "total_candles": 200,
      "processed_candles": 200,
      "success_rate": 100.0,
      "timestamp": "2025-12-25T23:07:33.185148"
    },
    {
      "symbol": "XAIUSDT",
      "status": "COMPLETED",
      "total_candles": 200,
      "processed_candles": 200,
      "success_rate": 100.0,
      "timestamp": "2025-12-25T23:07:35.206726"
    },
    {
      "symbol": "DYMUSDT",
      "status": "COMPLETED",
      "total_candles": 200,
      "processed_candles": 200,
      "success_rate": 100.0,
      "timestamp": "2025-12-25T23:07:37.234656"
    },
    {
      "symbol": "AUSDT",
      "status": "COMPLETED",
      "total_candles": 200,
      "processed_candles": 200,
      "success_rate": 100.0,
      "timestamp": "2025-12-25T23:07:39.179951"
    },
    {
      "symbol": "WLFIUSDT",
      "status": "COMPLETED",
      "total_candles": 200,
      "processed_candles": 200,
      "success_rate": 100.0,
      "timestamp": "2025-12-25T23:07:42.128987"
    },
    {
      "symbol": "STORJUSDT",
      "status": "COMPLETED",
      "total_candles": 200,
      "processed_candles": 200,
      "success_rate": 100.0,
      "timestamp": "2025-12-25T23:07:44.914978"
    },
    {
      "symbol": "ARBUSDT",
      "status": "COMPLETED",
      "total_candles": 200,
      "processed_candles": 200,
      "success_rate": 100.0,
      "timestamp": "2025-12-25T23:07:48.471319"
    },
    {
      "symbol": "OPUSDT",
      "status": "COMPLETED",
      "total_candles": 200,
      "processed_candles": 200,
      "success_rate": 100.0,
      "timestamp": "2025-12-25T23:07:52.183363"
    },
    {
      "symbol": "PLUMEUSDT",
      "status": "COMPLETED",
      "total_candles": 200,
      "processed_candles": 200,
      "success_rate": 100.0,
      "timestamp": "2025-12-25T23:07:54.893205"
    },
    {
      "symbol": "LRCUSDT",
      "status": "COMPLETED",
      "total_candles": 200,
      "processed_candles": 200,
      "success_rate": 100.0,
      "timestamp": "2025-12-25T23:07:56.939087"
    },
    {
      "symbol": "ARKMUSDT",
      "status": "COMPLETED",
      "total_candles": 200,
      "processed_candles": 200,
      "success_rate": 100.0,
      "timestamp": "2025-12-25T23:07:59.114544"
    },
    {
      "symbol": "JOEUSDT",
      "status": "COMPLETED",
      "total_candles": 200,
      "processed_candles": 200,
      "success_rate": 100.0,
      "timestamp": "2025-12-25T23:08:01.237676"
    },
    {
      "symbol": "ANKRUSDT",
      "status": "COMPLETED",
      "total_candles": 200,
      "processed_candles": 200,
      "success_rate": 100.0,
      "timestamp": "2025-12-25T23:08:03.239223"
    },
    {
      "symbol": "ACTUSDT",
      "status": "COMPLETED",
      "total_candles": 200,
      "processed_candles": 200,
      "success_rate": 100.0,
      "timestamp": "2025-12-25T23:08:05.171697"
    },
    {
      "symbol": "SAGAUSDT",
      "status": "COMPLETED",
      "total_candles": 200,
      "processed_candles": 200,
      "success_rate": 100.0,
      "timestamp": "2025-12-25T23:08:07.148463"
    },
    {
      "symbol": "METISUSDT",
      "status": "COMPLETED",
      "total_candles": 200,
      "processed_candles": 200,
      "success_rate": 100.0,
      "timestamp": "2025-12-25T23:08:09.171183"
    },
    {
      "symbol": "NXPCUSDT",
      "status": "COMPLETED",
      "total_candles": 200,
      "processed_candles": 200,
      "success_rate": 100.0,
      "timestamp": "2025-12-25T23:08:11.151553"
    },
    {
      "symbol": "TUSDT",
      "status": "COMPLETED",
      "total_candles": 200,
      "processed_candles": 200,
      "success_rate": 100.0,
      "timestamp": "2025-12-25T23:08:13.138102"
    },
    {
      "symbol": "PIXELUSDT",
      "status": "COMPLETED",
      "total_candles": 200,
      "processed_candles": 200,
      "success_rate": 100.0,
      "timestamp": "2025-12-25T23:08:15.100781"
    },
    {
      "symbol": "XNOUSDT",
      "status": "COMPLETED",
      "total_candles": 200,
      "processed_candles": 200,
      "success_rate": 100.0,
      "timestamp": "2025-12-25T23:08:17.139697"
    },
    {
      "symbol": "BANKUSDT",
      "status": "COMPLETED",
      "total_candles": 200,
      "processed_candles": 200,
      "success_rate": 100.0,
      "timestamp": "2025-12-25T23:08:19.181154"
    },
    {
      "symbol": "ASTERUSDT",
      "status": "COMPLETED",
      "total_candles": 200,
      "processed_candles": 200,
      "success_rate": 100.0,
      "timestamp": "2025-12-25T23:08:21.361243"
    },
    {
      "symbol": "MNGOUSDT",
      "status": "NO_DATA",
      "processed": 0
    },
    {
      "symbol": "MITOUSDT",
      "status": "COMPLETED",
      "total_candles": 200,
      "processed_candles": 200,
      "success_rate": 100.0,
      "timestamp": "2025-12-25T23:08:23.504836"
    },
    {
      "symbol": "CGPTUSDT",
      "status": "COMPLETED",
      "total_candles": 200,
      "processed_candles": 200,
      "success_rate": 100.0,
      "timestamp": "2025-12-25T23:08:26.009951"
    },
    {
      "symbol": "STGUSDT",
      "status": "COMPLETED",
      "total_candles": 200,
      "processed_candles": 200,
      "success_rate": 100.0,
      "timestamp": "2025-12-25T23:08:28.081524"
    },
    {
      "symbol": "TNSRUSDT",
      "status": "COMPLETED",
      "total_candles": 200,
      "processed_candles": 200,
      "success_rate": 100.0,
      "timestamp": "2025-12-25T23:08:30.198274"
    }
  ],
  "status": "COMPLETED"
}