{
  "block_id": 2,
  "start_time": "2025-12-24T14:50:55.009448",
  "end_time": "2025-12-24T14:51:23.335104",
  "duration_seconds": 28.325656,
  "summary": {
    "total_coins": 11,
    "coins_completed": 11,
    "coins_failed": 0,
    "coins_no_data": 0,
    "total_candles": 2200,
    "processed_candles": 2200,
    "success_rate": 100.0
  },
  "coin_results": [
    {
      "symbol": "PONDUSDT",
      "status": "COMPLETED",
      "total_candles": 200,
      "processed_candles": 200,
      "success_rate": 100.0,
      "timestamp": "2025-12-24T14:50:57.723568"
    },
    {
      "symbol": "BANANAS31USDT",
      "status": "COMPLETED",
      "total_candles": 200,
      "processed_candles": 200,
      "success_rate": 100.0,
      "timestamp": "2025-12-24T14:51:01.163777"
    },
    {
      "symbol": "OGNUSDT",
      "status": "COMPLETED",
      "total_candles": 200,
      "processed_candles": 200,
      "success_rate": 100.0,
      "timestamp": "2025-12-24T14:51:04.599050"
    },
    {
      "symbol": "RENDERUSDT",
      "status": "COMPLETED",
      "total_candles": 200,
      "processed_candles": 200,
      "success_rate": 100.0,
      "timestamp": "2025-12-24T14:51:07.788223"
    },
    {
      "symbol": "JOEUSDT",
      "status": "COMPLETED",
      "total_candles": 200,
      "processed_candles": 200,
      "success_rate": 100.0,
      "timestamp": "2025-12-24T14:51:10.982097"
    },
    {
      "symbol": "ZBTUSDT",
      "status": "COMPLETED",
      "total_candles": 200,
      "processed_candles": 200,
      "success_rate": 100.0,
      "timestamp": "2025-12-24T14:51:13.012487"
    },
    {
      "symbol": "WCTUSDT",
      "status": "COMPLETED",
      "total_candles": 200,
      "processed_candles": 200,
      "success_rate": 100.0,
      "timestamp": "2025-12-24T14:51:15.196173"
    },
    {
      "symbol": "MBOXUSDT",
      "status": "COMPLETED",
      "total_candles": 200,
      "processed_candles": 200,
      "success_rate": 100.0,
      "timestamp": "2025-12-24T14:51:17.359045"
    },
    {
      "symbol": "STOUSDT",
      "status": "COMPLETED",
      "total_candles": 200,
      "processed_candles": 200,
      "success_rate": 100.0,
      "timestamp": "2025-12-24T14:51:19.263180"
    },
    {
      "symbol": "KMNOUSDT",
      "status": "COMPLETED",
      "total_candles": 200,
      "processed_candles": 200,
      "success_rate": 100.0,
      "timestamp": "2025-12-24T14:51:21.256273"
    },
    {
      "symbol": "KSMUSDT",
      "status": "COMPLETED",
      "total_candles": 200,
      "processed_candles": 200,
      "success_rate": 100.0,
      "timestamp": "2025-12-24T14:51:23.335104"
    }
  ],
  "status": "COMPLETED"
}