{
  "block_id": 7,
  "start_time": "2025-12-26T09:36:29.018192",
  "end_time": "2025-12-26T09:37:03.918122",
  "duration_seconds": 34.89993,
  "summary": {
    "total_coins": 15,
    "coins_completed": 14,
    "coins_failed": 0,
    "coins_no_data": 1,
    "total_candles": 2800,
    "processed_candles": 2800,
    "success_rate": 100.0
  },
  "coin_results": [
    {
      "symbol": "ADXUSDT",
      "status": "COMPLETED",
      "total_candles": 200,
      "processed_candles": 200,
      "success_rate": 100.0,
      "timestamp": "2025-12-26T09:36:31.394965"
    },
    {
      "symbol": "MORPHOUSDT",
      "status": "COMPLETED",
      "total_candles": 200,
      "processed_candles": 200,
      "success_rate": 100.0,
      "timestamp": "2025-12-26T09:36:34.546551"
    },
    {
      "symbol": "SUIUSDT",
      "status": "COMPLETED",
      "total_candles": 200,
      "processed_candles": 200,
      "success_rate": 100.0,
      "timestamp": "2025-12-26T09:36:36.957291"
    },
    {
      "symbol": "PHAUSDT",
      "status": "COMPLETED",
      "total_candles": 200,
      "processed_candles": 200,
      "success_rate": 100.0,
      "timestamp": "2025-12-26T09:36:39.509637"
    },
    {
      "symbol": "SUNUSDT",
      "status": "COMPLETED",
      "total_candles": 200,
      "processed_candles": 200,
      "success_rate": 100.0,
      "timestamp": "2025-12-26T09:36:41.776803"
    },
    {
      "symbol": "STRKUSDT",
      "status": "COMPLETED",
      "total_candles": 200,
      "processed_candles": 200,
      "success_rate": 100.0,
      "timestamp": "2025-12-26T09:36:43.935941"
    },
    {
      "symbol": "AIXBTUSDT",
      "status": "COMPLETED",
      "total_candles": 200,
      "processed_candles": 200,
      "success_rate": 100.0,
      "timestamp": "2025-12-26T09:36:46.024091"
    },
    {
      "symbol": "USUALUSDT",
      "status": "COMPLETED",
      "total_candles": 200,
      "processed_candles": 200,
      "success_rate": 100.0,
      "timestamp": "2025-12-26T09:36:48.214884"
    },
    {
      "symbol": "LUMIAUSDT",
      "status": "COMPLETED",
      "total_candles": 200,
      "processed_candles": 200,
      "success_rate": 100.0,
      "timestamp": "2025-12-26T09:36:50.769292"
    },
    {
      "symbol": "TUSDUSDT",
      "status": "COMPLETED",
      "total_candles": 200,
      "processed_candles": 200,
      "success_rate": 100.0,
      "timestamp": "2025-12-26T09:36:52.974676"
    },
    {
      "symbol": "QTUMUSDT",
      "status": "COMPLETED",
      "total_candles": 200,
      "processed_candles": 200,
      "success_rate": 100.0,
      "timestamp": "2025-12-26T09:36:55.166502"
    },
    {
      "symbol": "NIZAUSDT",
      "status": "NO_DATA",
      "processed": 0
    },
    {
      "symbol": "CGPTUSDT",
      "status": "COMPLETED",
      "total_candles": 200,
      "processed_candles": 200,
      "success_rate": 100.0,
      "timestamp": "2025-12-26T09:36:57.425510"
    },
    {
      "symbol": "EDUUSDT",
      "status": "COMPLETED",
      "total_candles": 200,
      "processed_candles": 200,
      "success_rate": 100.0,
      "timestamp": "2025-12-26T09:36:59.980169"
    },
    {
      "symbol": "MAVUSDT",
      "status": "COMPLETED",
      "total_candles": 200,
      "processed_candles": 200,
      "success_rate": 100.0,
      "timestamp": "2025-12-26T09:37:03.917122"
    }
  ],
  "status": "COMPLETED"
}