{
  "block_id": 13,
  "start_time": "2026-01-01T00:21:03.490045",
  "end_time": "2026-01-01T00:21:19.022472",
  "duration_seconds": 15.532427,
  "summary": {
    "total_coins": 3,
    "coins_completed": 3,
    "coins_failed": 0,
    "coins_no_data": 0,
    "total_candles": 2400,
    "processed_candles": 592,
    "success_rate": 24.666666666666668
  },
  "coin_results": [
    {
      "symbol": "BTCUSDT",
      "status": "COMPLETED",
      "timeframes_processed": 4,
      "timeframe_results": [
        {
          "symbol": "BTCUSDT",
          "timeframe": "5m",
          "status": "COMPLETED",
          "total_candles": 200,
          "processed_candles": 1,
          "success_rate": 0.5,
          "timestamp": "2026-01-01T00:21:04.269236"
        },
        {
          "symbol": "BTCUSDT",
          "timeframe": "15m",
          "status": "COMPLETED",
          "total_candles": 200,
          "processed_candles": 1,
          "success_rate": 0.5,
          "timestamp": "2026-01-01T00:21:05.038371"
        },
        {
          "symbol": "BTCUSDT",
          "timeframe": "1h",
          "status": "COMPLETED",
          "total_candles": 200,
          "processed_candles": 1,
          "success_rate": 0.5,
          "timestamp": "2026-01-01T00:21:05.813208"
        },
        {
          "symbol": "BTCUSDT",
          "timeframe": "4h",
          "status": "COMPLETED",
          "total_candles": 200,
          "processed_candles": 0,
          "success_rate": 0.0,
          "timestamp": "2026-01-01T00:21:06.566445"
        }
      ],
      "total_candles": 800,
      "processed_candles": 3,
      "success_rate": 0.375,
      "timestamp": "2026-01-01T00:21:06.566445"
    },
    {
      "symbol": "ETHUSDT",
      "status": "COMPLETED",
      "timeframes_processed": 4,
      "timeframe_results": [
        {
          "symbol": "ETHUSDT",
          "timeframe": "5m",
          "status": "COMPLETED",
          "total_candles": 200,
          "processed_candles": 112,
          "success_rate": 56.00000000000001,
          "timestamp": "2026-01-01T00:21:08.578981"
        },
        {
          "symbol": "ETHUSDT",
          "timeframe": "15m",
          "status": "COMPLETED",
          "total_candles": 200,
          "processed_candles": 63,
          "success_rate": 31.5,
          "timestamp": "2026-01-01T00:21:09.987058"
        },
        {
          "symbol": "ETHUSDT",
          "timeframe": "1h",
          "status": "COMPLETED",
          "total_candles": 200,
          "processed_candles": 1,
          "success_rate": 0.5,
          "timestamp": "2026-01-01T00:21:10.904255"
        },
        {
          "symbol": "ETHUSDT",
          "timeframe": "4h",
          "status": "COMPLETED",
          "total_candles": 200,
          "processed_candles": 1,
          "success_rate": 0.5,
          "timestamp": "2026-01-01T00:21:11.724027"
        }
      ],
      "total_candles": 800,
      "processed_candles": 177,
      "success_rate": 22.125,
      "timestamp": "2026-01-01T00:21:11.724027"
    },
    {
      "symbol": "BNBUSDT",
      "status": "COMPLETED",
      "timeframes_processed": 4,
      "timeframe_results": [
        {
          "symbol": "BNBUSDT",
          "timeframe": "5m",
          "status": "COMPLETED",
          "total_candles": 200,
          "processed_candles": 176,
          "success_rate": 88.0,
          "timestamp": "2026-01-01T00:21:14.194639"
        },
        {
          "symbol": "BNBUSDT",
          "timeframe": "15m",
          "status": "COMPLETED",
          "total_candles": 200,
          "processed_candles": 155,
          "success_rate": 77.5,
          "timestamp": "2026-01-01T00:21:16.507298"
        },
        {
          "symbol": "BNBUSDT",
          "timeframe": "1h",
          "status": "COMPLETED",
          "total_candles": 200,
          "processed_candles": 80,
          "success_rate": 40.0,
          "timestamp": "2026-01-01T00:21:18.154784"
        },
        {
          "symbol": "BNBUSDT",
          "timeframe": "4h",
          "status": "COMPLETED",
          "total_candles": 200,
          "processed_candles": 1,
          "success_rate": 0.5,
          "timestamp": "2026-01-01T00:21:19.021472"
        }
      ],
      "total_candles": 800,
      "processed_candles": 412,
      "success_rate": 51.5,
      "timestamp": "2026-01-01T00:21:19.021472"
    }
  ],
  "status": "COMPLETED"
}