{
  "block_id": 13,
  "start_time": "2025-12-25T23:10:07.578524",
  "end_time": "2025-12-25T23:10:35.189315",
  "duration_seconds": 27.610791,
  "summary": {
    "total_coins": 12,
    "coins_completed": 12,
    "coins_failed": 0,
    "coins_no_data": 0,
    "total_candles": 2400,
    "processed_candles": 2400,
    "success_rate": 100.0
  },
  "coin_results": [
    {
      "symbol": "SHELLUSDT",
      "status": "COMPLETED",
      "total_candles": 200,
      "processed_candles": 200,
      "success_rate": 100.0,
      "timestamp": "2025-12-25T23:10:09.405657"
    },
    {
      "symbol": "HNTUSDT",
      "status": "COMPLETED",
      "total_candles": 200,
      "processed_candles": 200,
      "success_rate": 100.0,
      "timestamp": "2025-12-25T23:10:12.588322"
    },
    {
      "symbol": "BELUSDT",
      "status": "COMPLETED",
      "total_candles": 200,
      "processed_candles": 200,
      "success_rate": 100.0,
      "timestamp": "2025-12-25T23:10:15.141977"
    },
    {
      "symbol": "USUALUSDT",
      "status": "COMPLETED",
      "total_candles": 200,
      "processed_candles": 200,
      "success_rate": 100.0,
      "timestamp": "2025-12-25T23:10:17.352477"
    },
    {
      "symbol": "SEIUSDT",
      "status": "COMPLETED",
      "total_candles": 200,
      "processed_candles": 200,
      "success_rate": 100.0,
      "timestamp": "2025-12-25T23:10:21.409904"
    },
    {
      "symbol": "RESOLVUSDT",
      "status": "COMPLETED",
      "total_candles": 200,
      "processed_candles": 200,
      "success_rate": 100.0,
      "timestamp": "2025-12-25T23:10:23.556161"
    },
    {
      "symbol": "POLUSDT",
      "status": "COMPLETED",
      "total_candles": 200,
      "processed_candles": 200,
      "success_rate": 100.0,
      "timestamp": "2025-12-25T23:10:25.446745"
    },
    {
      "symbol": "ALCXUSDT",
      "status": "COMPLETED",
      "total_candles": 200,
      "processed_candles": 200,
      "success_rate": 100.0,
      "timestamp": "2025-12-25T23:10:27.306125"
    },
    {
      "symbol": "USDEUSDT",
      "status": "COMPLETED",
      "total_candles": 200,
      "processed_candles": 200,
      "success_rate": 100.0,
      "timestamp": "2025-12-25T23:10:29.338318"
    },
    {
      "symbol": "PYTHUSDT",
      "status": "COMPLETED",
      "total_candles": 200,
      "processed_candles": 200,
      "success_rate": 100.0,
      "timestamp": "2025-12-25T23:10:31.281478"
    },
    {
      "symbol": "CITYUSDT",
      "status": "COMPLETED",
      "total_candles": 200,
      "processed_candles": 200,
      "success_rate": 100.0,
      "timestamp": "2025-12-25T23:10:33.203954"
    },
    {
      "symbol": "FXSUSDT",
      "status": "COMPLETED",
      "total_candles": 200,
      "processed_candles": 200,
      "success_rate": 100.0,
      "timestamp": "2025-12-25T23:10:35.188313"
    }
  ],
  "status": "COMPLETED"
}