{
  "block_id": 1,
  "generated_at": "2025-12-25T01:07:06.221817",
  "total_decisions": 6,
  "decisions": [
    {
      "symbol": "ARPAUSDT",
      "signal_type": "NEUTRAL",
      "confidence": 50,
      "decision": "متوسط - نظارت کنید",
      "price": 0.01234
    },
    {
      "symbol": "ACAUSDT",
      "signal_type": "NEUTRAL",
      "confidence": 50,
      "decision": "متوسط - نظارت کنید",
      "price": 0.0093
    },
    {
      "symbol": "ARPAUSDT",
      "signal_type": "NEUTRAL",
      "confidence": 50,
      "decision": "متوسط - نظارت کنید",
      "price": 0.01234
    },
    {
      "symbol": "ACAUSDT",
      "signal_type": "NEUTRAL",
      "confidence": 50,
      "decision": "متوسط - نظارت کنید",
      "price": 0.0093
    },
    {
      "symbol": "CTKUSDT",
      "signal_type": "NEUTRAL",
      "confidence": 50,
      "decision": "متوسط - نظارت کنید",
      "price": 0.2603
    },
    {
      "symbol": "ZILUSDT",
      "signal_type": "NEUTRAL",
      "confidence": 50,
      "decision": "متوسط - نظارت کنید",
      "price": 0.00448
    }
  ],
  "summary": {
    "buy_signals": 0,
    "sell_signals": 0,
    "strong_decisions": 0,
    "avg_confidence": 50.0
  }
}