{
  "block_id": 4,
  "generated_at": "2025-12-25T02:00:13.089192",
  "total_decisions": 20,
  "decisions": [
    {
      "symbol": "FFUSDT",
      "signal_type": "BUY",
      "confidence": 60,
      "decision": "متوسط - نظارت کنید",
      "price": 0.09582
    },
    {
      "symbol": "SPKUSDT",
      "signal_type": "BUY",
      "confidence": 60,
      "decision": "متوسط - نظارت کنید",
      "price": 0.020408
    },
    {
      "symbol": "HAEDALUSDT",
      "signal_type": "SELL",
      "confidence": 60,
      "decision": "متوسط - نظارت کنید",
      "price": 0.0385
    },
    {
      "symbol": "XMRUSDT",
      "signal_type": "BUY",
      "confidence": 60,
      "decision": "متوسط - نظارت کنید",
      "price": 118.7
    },
    {
      "symbol": "SUNUSDT",
      "signal_type": "BUY",
      "confidence": 60,
      "decision": "متوسط - نظارت کنید",
      "price": 0.02015
    },
    {
      "symbol": "SOMIUSDT",
      "signal_type": "SELL",
      "confidence": 60,
      "decision": "متوسط - نظارت کنید",
      "price": 0.2445
    },
    {
      "symbol": "ONEUSDT",
      "signal_type": "BUY",
      "confidence": 60,
      "decision": "متوسط - نظارت کنید",
      "price": 0.0035
    },
    {
      "symbol": "USD1USDT",
      "signal_type": "SELL",
      "confidence": 60,
      "decision": "متوسط - نظارت کنید",
      "price": 0.9994
    },
    {
      "symbol": "SCRUSDT",
      "signal_type": "SELL",
      "confidence": 60,
      "decision": "متوسط - نظارت کنید",
      "price": 0.069
    },
    {
      "symbol": "SUSHIUSDT",
      "signal_type": "BUY",
      "confidence": 60,
      "decision": "متوسط - نظارت کنید",
      "price": 0.2852
    },
    {
      "symbol": "ALCXUSDT",
      "signal_type": "SELL",
      "confidence": 60,
      "decision": "متوسط - نظارت کنید",
      "price": 7.4
    },
    {
      "symbol": "HOLOUSDT",
      "signal_type": "BUY",
      "confidence": 60,
      "decision": "متوسط - نظارت کنید",
      "price": 0.0696
    },
    {
      "symbol": "ARKMUSDT",
      "signal_type": "NEUTRAL",
      "confidence": 50,
      "decision": "متوسط - نظارت کنید",
      "price": 0.181
    },
    {
      "symbol": "MITOUSDT",
      "signal_type": "NEUTRAL",
      "confidence": 50,
      "decision": "متوسط - نظارت کنید",
      "price": 0.06687
    },
    {
      "symbol": "PYTHUSDT",
      "signal_type": "NEUTRAL",
      "confidence": 50,
      "decision": "متوسط - نظارت کنید",
      "price": 0.0576
    },
    {
      "symbol": "PROVEUSDT",
      "signal_type": "NEUTRAL",
      "confidence": 50,
      "decision": "متوسط - نظارت کنید",
      "price": 0.3641
    },
    {
      "symbol": "WLFIUSDT",
      "signal_type": "NEUTRAL",
      "confidence": 50,
      "decision": "متوسط - نظارت کنید",
      "price": 0.1316
    },
    {
      "symbol": "SUIUSDT",
      "signal_type": "NEUTRAL",
      "confidence": 50,
      "decision": "متوسط - نظارت کنید",
      "price": 1.4411
    },
    {
      "symbol": "ORCAUSDT",
      "signal_type": "NEUTRAL",
      "confidence": 50,
      "decision": "متوسط - نظارت کنید",
      "price": 1.099
    },
    {
      "symbol": "MANAUSDT",
      "signal_type": "NEUTRAL",
      "confidence": 50,
      "decision": "متوسط - نظارت کنید",
      "price": 0.1155
    }
  ],
  "summary": {
    "buy_signals": 7,
    "sell_signals": 5,
    "strong_decisions": 0,
    "avg_confidence": 56.0
  }
}