{
  "analysis_time": "2026-01-01T23:45:55.125393",
  "database_path": "C:\\Users\\Kamal\\Desktop\\py-prg\\git\\c-data\\data\\crypto_master.db",
  "total_records": 209559,
  "overall_percentage": 8.22,
  "results": {
    "15m": {
      "total": 83105,
      "same_open_close": 10553,
      "same_high_low": 1564,
      "zero_volume": 205,
      "percentage_open_close": 12.7,
      "percentage_high_low": 1.88,
      "percentage_zero_volume": 0.25,
      "indicators_filled": {
        "price_change": 45.7,
        "obv": 45.8,
        "volume_ma_20": 41.2,
        "atr": 45.8
      }
    },
    "1h": {
      "total": 65470,
      "same_open_close": 4518,
      "same_high_low": 98,
      "zero_volume": 18,
      "percentage_open_close": 6.9,
      "percentage_high_low": 0.15,
      "percentage_zero_volume": 0.03,
      "indicators_filled": {
        "price_change": 52.8,
        "obv": 52.9,
        "volume_ma_20": 48.5,
        "atr": 52.9
      }
    },
    "4h": {
      "total": 60984,
      "same_open_close": 2161,
      "same_high_low": 7,
      "zero_volume": 4,
      "percentage_open_close": 3.54,
      "percentage_high_low": 0.01,
      "percentage_zero_volume": 0.01,
      "indicators_filled": {
        "price_change": 55.3,
        "obv": 55.4,
        "volume_ma_20": 51.0,
        "atr": 55.4
      }
    }
  }
}