{
  "total_coins": 2,
  "total_timeframes": 8,
  "total_combinations": 16,
  "total_candles_processed": 0,
  "total_successful_updates": 0,
  "total_failed_updates": 0,
  "total_updates": 0,
  "start_time": "2026-01-02T01:39:46.563641",
  "end_time": "2026-01-02T01:39:47.565580",
  "duration_seconds": 1.001939,
  "duration_minutes": 0.01669898333333333,
  "results": [
    {
      "coin_id": 1,
      "symbol": "BTCUSDT",
      "timeframe": "1m",
      "total_candles": 0,
      "successful": 0,
      "failed": 0,
      "errors": [],
      "start_time": "2026-01-02T01:39:46.621803",
      "message": "هیچ کندلی برای BTCUSDT در 1m یافت نشد"
    },
    {
      "coin_id": 1,
      "symbol": "BTCUSDT",
      "timeframe": "5m",
      "total_candles": 0,
      "successful": 0,
      "failed": 0,
      "errors": [],
      "start_time": "2026-01-02T01:39:46.685685",
      "message": "هیچ کندلی برای BTCUSDT در 5m یافت نشد"
    },
    {
      "coin_id": 1,
      "symbol": "BTCUSDT",
      "timeframe": "15m",
      "total_candles": 0,
      "successful": 0,
      "failed": 0,
      "errors": [],
      "start_time": "2026-01-02T01:39:46.748346",
      "message": "هیچ کندلی برای BTCUSDT در 15m یافت نشد"
    },
    {
      "coin_id": 1,
      "symbol": "BTCUSDT",
      "timeframe": "30m",
      "total_candles": 0,
      "successful": 0,
      "failed": 0,
      "errors": [],
      "start_time": "2026-01-02T01:39:46.810506",
      "message": "هیچ کندلی برای BTCUSDT در 30m یافت نشد"
    },
    {
      "coin_id": 1,
      "symbol": "BTCUSDT",
      "timeframe": "1h",
      "total_candles": 0,
      "successful": 0,
      "failed": 0,
      "errors": [],
      "start_time": "2026-01-02T01:39:46.873481",
      "message": "هیچ کندلی برای BTCUSDT در 1h یافت نشد"
    },
    {
      "coin_id": 1,
      "symbol": "BTCUSDT",
      "timeframe": "4h",
      "total_candles": 0,
      "successful": 0,
      "failed": 0,
      "errors": [],
      "start_time": "2026-01-02T01:39:46.935847",
      "message": "هیچ کندلی برای BTCUSDT در 4h یافت نشد"
    },
    {
      "coin_id": 1,
      "symbol": "BTCUSDT",
      "timeframe": "1d",
      "total_candles": 0,
      "successful": 0,
      "failed": 0,
      "errors": [],
      "start_time": "2026-01-02T01:39:46.999870",
      "message": "هیچ کندلی برای BTCUSDT در 1d یافت نشد"
    },
    {
      "coin_id": 1,
      "symbol": "BTCUSDT",
      "timeframe": "1w",
      "total_candles": 0,
      "successful": 0,
      "failed": 0,
      "errors": [],
      "start_time": "2026-01-02T01:39:47.062894",
      "message": "هیچ کندلی برای BTCUSDT در 1w یافت نشد"
    },
    {
      "coin_id": 2,
      "symbol": "ETHUSDT",
      "timeframe": "1m",
      "total_candles": 0,
      "successful": 0,
      "failed": 0,
      "errors": [],
      "start_time": "2026-01-02T01:39:47.124809",
      "message": "هیچ کندلی برای ETHUSDT در 1m یافت نشد"
    },
    {
      "coin_id": 2,
      "symbol": "ETHUSDT",
      "timeframe": "5m",
      "total_candles": 0,
      "successful": 0,
      "failed": 0,
      "errors": [],
      "start_time": "2026-01-02T01:39:47.187774",
      "message": "هیچ کندلی برای ETHUSDT در 5m یافت نشد"
    },
    {
      "coin_id": 2,
      "symbol": "ETHUSDT",
      "timeframe": "15m",
      "total_candles": 0,
      "successful": 0,
      "failed": 0,
      "errors": [],
      "start_time": "2026-01-02T01:39:47.250633",
      "message": "هیچ کندلی برای ETHUSDT در 15m یافت نشد"
    },
    {
      "coin_id": 2,
      "symbol": "ETHUSDT",
      "timeframe": "30m",
      "total_candles": 0,
      "successful": 0,
      "failed": 0,
      "errors": [],
      "start_time": "2026-01-02T01:39:47.312988",
      "message": "هیچ کندلی برای ETHUSDT در 30m یافت نشد"
    },
    {
      "coin_id": 2,
      "symbol": "ETHUSDT",
      "timeframe": "1h",
      "total_candles": 0,
      "successful": 0,
      "failed": 0,
      "errors": [],
      "start_time": "2026-01-02T01:39:47.375427",
      "message": "هیچ کندلی برای ETHUSDT در 1h یافت نشد"
    },
    {
      "coin_id": 2,
      "symbol": "ETHUSDT",
      "timeframe": "4h",
      "total_candles": 0,
      "successful": 0,
      "failed": 0,
      "errors": [],
      "start_time": "2026-01-02T01:39:47.437588",
      "message": "هیچ کندلی برای ETHUSDT در 4h یافت نشد"
    },
    {
      "coin_id": 2,
      "symbol": "ETHUSDT",
      "timeframe": "1d",
      "total_candles": 0,
      "successful": 0,
      "failed": 0,
      "errors": [],
      "start_time": "2026-01-02T01:39:47.501050",
      "message": "هیچ کندلی برای ETHUSDT در 1d یافت نشد"
    },
    {
      "coin_id": 2,
      "symbol": "ETHUSDT",
      "timeframe": "1w",
      "total_candles": 0,
      "successful": 0,
      "failed": 0,
      "errors": [],
      "start_time": "2026-01-02T01:39:47.562593",
      "message": "هیچ کندلی برای ETHUSDT در 1w یافت نشد"
    }
  ]
}