{
  "success": true,
  "block_id": 7,
  "total_coins": 15,
  "signals_generated": 0,
  "signals_filtered": 0,
  "failed": 15,
  "signal_rate_percent": 0.0,
  "filter_rate_percent": 0.0,
  "realistic": false,
  "results": [
    {
      "success": false,
      "coin_id": 1984,
      "symbol": "ADXUSDT",
      "reason": "داده تکنیکال یافت نشد",
      "error": null
    },
    {
      "success": false,
      "coin_id": 1210,
      "symbol": "MORPHOUSDT",
      "reason": "داده تکنیکال یافت نشد",
      "error": null
    },
    {
      "success": false,
      "coin_id": 1144,
      "symbol": "SUIUSDT",
      "reason": "داده تکنیکال یافت نشد",
      "error": null
    },
    {
      "success": false,
      "coin_id": 1742,
      "symbol": "PHAUSDT",
      "reason": "داده تکنیکال یافت نشد",
      "error": null
    },
    {
      "success": false,
      "coin_id": 1241,
      "symbol": "SUNUSDT",
      "reason": "داده تکنیکال یافت نشد",
      "error": null
    },
    {
      "success": false,
      "coin_id": 1240,
      "symbol": "STRKUSDT",
      "reason": "داده تکنیکال یافت نشد",
      "error": null
    },
    {
      "success": false,
      "coin_id": 1729,
      "symbol": "AIXBTUSDT",
      "reason": "داده تکنیکال یافت نشد",
      "error": null
    },
    {
      "success": false,
      "coin_id": 1625,
      "symbol": "USUALUSDT",
      "reason": "داده تکنیکال یافت نشد",
      "error": null
    },
    {
      "success": false,
      "coin_id": 1963,
      "symbol": "LUMIAUSDT",
      "reason": "داده تکنیکال یافت نشد",
      "error": null
    },
    {
      "success": false,
      "coin_id": 1973,
      "symbol": "TUSDUSDT",
      "reason": "داده تکنیکال یافت نشد",
      "error": null
    },
    {
      "success": false,
      "coin_id": 1354,
      "symbol": "QTUMUSDT",
      "reason": "داده تکنیکال یافت نشد",
      "error": null
    },
    {
      "success": false,
      "coin_id": 1429,
      "symbol": "NIZAUSDT",
      "reason": "داده تکنیکال یافت نشد",
      "error": null
    },
    {
      "success": false,
      "coin_id": 1794,
      "symbol": "CGPTUSDT",
      "reason": "داده تکنیکال یافت نشد",
      "error": null
    },
    {
      "success": false,
      "coin_id": 1417,
      "symbol": "EDUUSDT",
      "reason": "داده تکنیکال یافت نشد",
      "error": null
    },
    {
      "success": false,
      "coin_id": 1849,
      "symbol": "MAVUSDT",
      "reason": "داده تکنیکال یافت نشد",
      "error": null
    }
  ],
  "timestamp": "2025-12-26T09:37:04.390798"
}