{
  "success": true,
  "block_id": 5,
  "total_coins": 21,
  "signals_generated": 0,
  "signals_filtered": 0,
  "failed": 21,
  "signal_rate_percent": 0.0,
  "filter_rate_percent": 0.0,
  "realistic": false,
  "results": [
    {
      "success": false,
      "coin_id": 1819,
      "symbol": "C98USDT",
      "reason": "داده تکنیکال یافت نشد",
      "error": null
    },
    {
      "success": false,
      "coin_id": 1940,
      "symbol": "DOLOUSDT",
      "reason": "داده تکنیکال یافت نشد",
      "error": null
    },
    {
      "success": false,
      "coin_id": 2012,
      "symbol": "CELRUSDT",
      "reason": "داده تکنیکال یافت نشد",
      "error": null
    },
    {
      "success": false,
      "coin_id": 1489,
      "symbol": "PNUTUSDT",
      "reason": "داده تکنیکال یافت نشد",
      "error": null
    },
    {
      "success": false,
      "coin_id": 1132,
      "symbol": "DOGEUSDT",
      "reason": "داده تکنیکال یافت نشد",
      "error": null
    },
    {
      "success": false,
      "coin_id": 1244,
      "symbol": "IOTAUSDT",
      "reason": "داده تکنیکال یافت نشد",
      "error": null
    },
    {
      "success": false,
      "coin_id": 1177,
      "symbol": "SKYUSDT",
      "reason": "داده تکنیکال یافت نشد",
      "error": null
    },
    {
      "success": false,
      "coin_id": 1336,
      "symbol": "SFPUSDT",
      "reason": "داده تکنیکال یافت نشد",
      "error": null
    },
    {
      "success": false,
      "coin_id": 1931,
      "symbol": "0GUSDT",
      "reason": "داده تکنیکال یافت نشد",
      "error": null
    },
    {
      "success": false,
      "coin_id": 1454,
      "symbol": "BERAUSDT",
      "reason": "داده تکنیکال یافت نشد",
      "error": null
    },
    {
      "success": false,
      "coin_id": 1988,
      "symbol": "CITYUSDT",
      "reason": "داده تکنیکال یافت نشد",
      "error": null
    },
    {
      "success": false,
      "coin_id": 1665,
      "symbol": "SCRTUSDT",
      "reason": "داده تکنیکال یافت نشد",
      "error": null
    },
    {
      "success": false,
      "coin_id": 1391,
      "symbol": "ETH+USDT",
      "reason": "داده تکنیکال یافت نشد",
      "error": null
    },
    {
      "success": false,
      "coin_id": 1485,
      "symbol": "LUNAUSDT",
      "reason": "داده تکنیکال یافت نشد",
      "error": null
    },
    {
      "success": false,
      "coin_id": 1629,
      "symbol": "CTKUSDT",
      "reason": "داده تکنیکال یافت نشد",
      "error": null
    },
    {
      "success": false,
      "coin_id": 1219,
      "symbol": "CRVUSDT",
      "reason": "داده تکنیکال یافت نشد",
      "error": null
    },
    {
      "success": false,
      "coin_id": 1129,
      "symbol": "XRPUSDT",
      "reason": "داده تکنیکال یافت نشد",
      "error": null
    },
    {
      "success": false,
      "coin_id": 1535,
      "symbol": "MASKUSDT",
      "reason": "داده تکنیکال یافت نشد",
      "error": null
    },
    {
      "success": false,
      "coin_id": 1236,
      "symbol": "JSTUSDT",
      "reason": "داده تکنیکال یافت نشد",
      "error": null
    },
    {
      "success": false,
      "coin_id": 1861,
      "symbol": "DUSKUSDT",
      "reason": "داده تکنیکال یافت نشد",
      "error": null
    },
    {
      "success": false,
      "coin_id": 1964,
      "symbol": "INITUSDT",
      "reason": "داده تکنیکال یافت نشد",
      "error": null
    }
  ],
  "timestamp": "2025-12-26T09:31:00.137108"
}