{
  "success": true,
  "block_id": 13,
  "total_coins": 22,
  "signals_generated": 0,
  "signals_filtered": 0,
  "failed": 22,
  "signal_rate_percent": 0.0,
  "filter_rate_percent": 0.0,
  "realistic": false,
  "results": [
    {
      "success": false,
      "coin_id": 1548,
      "symbol": "HUMAUSDT",
      "reason": "داده تکنیکال یافت نشد",
      "error": null
    },
    {
      "success": false,
      "coin_id": 1928,
      "symbol": "ASRUSDT",
      "reason": "داده تکنیکال یافت نشد",
      "error": null
    },
    {
      "success": false,
      "coin_id": 1994,
      "symbol": "HOOKUSDT",
      "reason": "داده تکنیکال یافت نشد",
      "error": null
    },
    {
      "success": false,
      "coin_id": 1937,
      "symbol": "HEMIUSDT",
      "reason": "داده تکنیکال یافت نشد",
      "error": null
    },
    {
      "success": false,
      "coin_id": 1245,
      "symbol": "CHZUSDT",
      "reason": "داده تکنیکال یافت نشد",
      "error": null
    },
    {
      "success": false,
      "coin_id": 1378,
      "symbol": "TURBOUSDT",
      "reason": "داده تکنیکال یافت نشد",
      "error": null
    },
    {
      "success": false,
      "coin_id": 1866,
      "symbol": "ALCXUSDT",
      "reason": "داده تکنیکال یافت نشد",
      "error": null
    },
    {
      "success": false,
      "coin_id": 1962,
      "symbol": "EURIUSDT",
      "reason": "داده تکنیکال یافت نشد",
      "error": null
    },
    {
      "success": false,
      "coin_id": 1146,
      "symbol": "HBARUSDT",
      "reason": "داده تکنیکال یافت نشد",
      "error": null
    },
    {
      "success": false,
      "coin_id": 1259,
      "symbol": "GNOUSDT",
      "reason": "داده تکنیکال یافت نشد",
      "error": null
    },
    {
      "success": false,
      "coin_id": 2008,
      "symbol": "HIGHUSDT",
      "reason": "داده تکنیکال یافت نشد",
      "error": null
    },
    {
      "success": false,
      "coin_id": 1270,
      "symbol": "FLOWUSDT",
      "reason": "داده تکنیکال یافت نشد",
      "error": null
    },
    {
      "success": false,
      "coin_id": 1562,
      "symbol": "BABYUSDT",
      "reason": "داده تکنیکال یافت نشد",
      "error": null
    },
    {
      "success": false,
      "coin_id": 1910,
      "symbol": "STORJUSDT",
      "reason": "داده تکنیکال یافت نشد",
      "error": null
    },
    {
      "success": false,
      "coin_id": 1511,
      "symbol": "SKLUSDT",
      "reason": "داده تکنیکال یافت نشد",
      "error": null
    },
    {
      "success": false,
      "coin_id": 1213,
      "symbol": "PENGUUSDT",
      "reason": "داده تکنیکال یافت نشد",
      "error": null
    },
    {
      "success": false,
      "coin_id": 1671,
      "symbol": "BANANAS31USDT",
      "reason": "داده تکنیکال یافت نشد",
      "error": null
    },
    {
      "success": false,
      "coin_id": 1593,
      "symbol": "HIVEUSDT",
      "reason": "داده تکنیکال یافت نشد",
      "error": null
    },
    {
      "success": false,
      "coin_id": 2007,
      "symbol": "BELUSDT",
      "reason": "داده تکنیکال یافت نشد",
      "error": null
    },
    {
      "success": false,
      "coin_id": 1251,
      "symbol": "KAIAUSDT",
      "reason": "داده تکنیکال یافت نشد",
      "error": null
    },
    {
      "success": false,
      "coin_id": 1982,
      "symbol": "A2ZUSDT",
      "reason": "داده تکنیکال یافت نشد",
      "error": null
    },
    {
      "success": false,
      "coin_id": 1506,
      "symbol": "ORCAUSDT",
      "reason": "داده تکنیکال یافت نشد",
      "error": null
    }
  ],
  "timestamp": "2025-12-26T09:55:57.170759"
}