{
  "success": true,
  "block_id": 11,
  "total_coins": 13,
  "signals_generated": 0,
  "signals_filtered": 0,
  "failed": 13,
  "signal_rate_percent": 0.0,
  "filter_rate_percent": 0.0,
  "realistic": false,
  "results": [
    {
      "success": false,
      "coin_id": 1682,
      "symbol": "ERAUSDT",
      "reason": "داده تکنیکال یافت نشد",
      "error": null
    },
    {
      "success": false,
      "coin_id": 1902,
      "symbol": "INUSDT",
      "reason": "داده تکنیکال یافت نشد",
      "error": null
    },
    {
      "success": false,
      "coin_id": 1688,
      "symbol": "WAXPUSDT",
      "reason": "داده تکنیکال یافت نشد",
      "error": null
    },
    {
      "success": false,
      "coin_id": 1594,
      "symbol": "GMTUSDT",
      "reason": "داده تکنیکال یافت نشد",
      "error": null
    },
    {
      "success": false,
      "coin_id": 1529,
      "symbol": "BICOUSDT",
      "reason": "داده تکنیکال یافت نشد",
      "error": null
    },
    {
      "success": false,
      "coin_id": 1895,
      "symbol": "DODOUSDT",
      "reason": "داده تکنیکال یافت نشد",
      "error": null
    },
    {
      "success": false,
      "coin_id": 1268,
      "symbol": "GALAUSDT",
      "reason": "داده تکنیکال یافت نشد",
      "error": null
    },
    {
      "success": false,
      "coin_id": 1561,
      "symbol": "WOOUSDT",
      "reason": "داده تکنیکال یافت نشد",
      "error": null
    },
    {
      "success": false,
      "coin_id": 1282,
      "symbol": "UDSUSDT",
      "reason": "داده تکنیکال یافت نشد",
      "error": null
    },
    {
      "success": false,
      "coin_id": 1635,
      "symbol": "FIDAUSDT",
      "reason": "داده تکنیکال یافت نشد",
      "error": null
    },
    {
      "success": false,
      "coin_id": 1143,
      "symbol": "LTCUSDT",
      "reason": "داده تکنیکال یافت نشد",
      "error": null
    },
    {
      "success": false,
      "coin_id": 2031,
      "symbol": "FIOUSDT",
      "reason": "داده تکنیکال یافت نشد",
      "error": null
    },
    {
      "success": false,
      "coin_id": 1192,
      "symbol": "TRUMPUSDT",
      "reason": "داده تکنیکال یافت نشد",
      "error": null
    }
  ],
  "timestamp": "2025-12-26T09:49:18.077304"
}