{
  "project_root": "C:\\Users\\Kamal\\Desktop\\py-prg\\git\\c-data",
  "execution_start": "2025-12-25T22:34:58.480493",
  "execution_end": "2025-12-25T23:15:08.532873",
  "total_duration_seconds": 2410.05238,
  "total_blocks": 16,
  "successful_blocks": 16,
  "failed_blocks": 0,
  "success_rate_percent": 100.0,
  "telegram_enabled": true,
  "time_breakdown": {
    "cycle_02": 714.2196502685547,
    "cycle_03": 907.3488266468048,
    "cycle_04": 53.632960081100464,
    "cycle_05": 656.3108508586884
  },
  "success_counts": {
    "cycle_02": 16,
    "cycle_03": 16,
    "cycle_04": 16,
    "cycle_05": 16
  },
  "success_rates": {
    "cycle_02": 100.0,
    "cycle_03": 100.0,
    "cycle_04": 100.0,
    "cycle_05": 100.0
  },
  "block_results": [
    {
      "block_id": 1,
      "start_time": "2025-12-25T22:35:01.686298",
      "cycle_02": true,
      "cycle_03": true,
      "cycle_04": true,
      "cycle_05": true,
      "cycle_02_time": 27.06536316871643,
      "cycle_03_time": 36.47738289833069,
      "cycle_04_time": 1.8744094371795654,
      "cycle_05_time": 22.79709529876709,
      "end_time": "2025-12-25T22:36:29.900548",
      "total_time": 88.21425080299377,
      "success": true,
      "status": "success"
    },
    {
      "block_id": 2,
      "start_time": "2025-12-25T22:36:34.928034",
      "cycle_02": true,
      "cycle_03": true,
      "cycle_04": true,
      "cycle_05": true,
      "cycle_02_time": 31.920881271362305,
      "cycle_03_time": 39.314176082611084,
      "cycle_04_time": 2.319880962371826,
      "cycle_05_time": 27.425551414489746,
      "end_time": "2025-12-25T22:38:15.908523",
      "total_time": 100.98048973083496,
      "success": true,
      "status": "success"
    },
    {
      "block_id": 3,
      "start_time": "2025-12-25T22:38:20.938563",
      "cycle_02": true,
      "cycle_03": true,
      "cycle_04": true,
      "cycle_05": true,
      "cycle_02_time": 46.95031952857971,
      "cycle_03_time": 68.09473490715027,
      "cycle_04_time": 3.5614380836486816,
      "cycle_05_time": 44.70908975601196,
      "end_time": "2025-12-25T22:41:04.254145",
      "total_time": 163.31558227539062,
      "success": true,
      "status": "success"
    },
    {
      "block_id": 4,
      "start_time": "2025-12-25T22:41:09.275283",
      "cycle_02": true,
      "cycle_03": true,
      "cycle_04": true,
      "cycle_05": true,
      "cycle_02_time": 60.07474327087402,
      "cycle_03_time": 73.70243191719055,
      "cycle_04_time": 4.335926055908203,
      "cycle_05_time": 55.47517657279968,
      "end_time": "2025-12-25T22:44:22.863561",
      "total_time": 193.58827781677246,
      "success": true,
      "status": "success"
    },
    {
      "block_id": 5,
      "start_time": "2025-12-25T22:44:27.887432",
      "cycle_02": true,
      "cycle_03": true,
      "cycle_04": true,
      "cycle_05": true,
      "cycle_02_time": 67.68751239776611,
      "cycle_03_time": 81.8419177532196,
      "cycle_04_time": 4.748857259750366,
      "cycle_05_time": 56.3338463306427,
      "end_time": "2025-12-25T22:47:58.499565",
      "total_time": 210.61213374137878,
      "success": true,
      "status": "success"
    },
    {
      "block_id": 6,
      "start_time": "2025-12-25T22:48:03.514337",
      "cycle_02": true,
      "cycle_03": true,
      "cycle_04": true,
      "cycle_05": true,
      "cycle_02_time": 30.73943781852722,
      "cycle_03_time": 46.735265254974365,
      "cycle_04_time": 2.2950456142425537,
      "cycle_05_time": 31.663872957229614,
      "end_time": "2025-12-25T22:49:54.947959",
      "total_time": 111.43362164497375,
      "success": true,
      "status": "success"
    },
    {
      "block_id": 7,
      "start_time": "2025-12-25T22:49:59.959743",
      "cycle_02": true,
      "cycle_03": true,
      "cycle_04": true,
      "cycle_05": true,
      "cycle_02_time": 50.86989164352417,
      "cycle_03_time": 58.300715923309326,
      "cycle_04_time": 3.209524154663086,
      "cycle_05_time": 39.80469751358032,
      "end_time": "2025-12-25T22:52:32.144572",
      "total_time": 152.1848292350769,
      "success": true,
      "status": "success"
    },
    {
      "block_id": 8,
      "start_time": "2025-12-25T22:52:37.170745",
      "cycle_02": true,
      "cycle_03": true,
      "cycle_04": true,
      "cycle_05": true,
      "cycle_02_time": 36.74445915222168,
      "cycle_03_time": 48.05639171600342,
      "cycle_04_time": 2.7764039039611816,
      "cycle_05_time": 44.77427268028259,
      "end_time": "2025-12-25T22:54:49.522272",
      "total_time": 132.35152745246887,
      "success": true,
      "status": "success"
    },
    {
      "block_id": 9,
      "start_time": "2025-12-25T22:54:54.540704",
      "cycle_02": true,
      "cycle_03": true,
      "cycle_04": true,
      "cycle_05": true,
      "cycle_02_time": 69.96080183982849,
      "cycle_03_time": 86.22349810600281,
      "cycle_04_time": 5.133667707443237,
      "cycle_05_time": 67.38884377479553,
      "end_time": "2025-12-25T22:58:43.247515",
      "total_time": 228.70681142807007,
      "success": true,
      "status": "success"
    },
    {
      "block_id": 10,
      "start_time": "2025-12-25T22:58:48.267491",
      "cycle_02": true,
      "cycle_03": true,
      "cycle_04": true,
      "cycle_05": true,
      "cycle_02_time": 75.93419647216797,
      "cycle_03_time": 99.63243889808655,
      "cycle_04_time": 7.335998773574829,
      "cycle_05_time": 68.99590253829956,
      "end_time": "2025-12-25T23:03:00.166028",
      "total_time": 251.8985366821289,
      "success": true,
      "status": "success"
    },
    {
      "block_id": 11,
      "start_time": "2025-12-25T23:03:05.184741",
      "cycle_02": true,
      "cycle_03": true,
      "cycle_04": true,
      "cycle_05": true,
      "cycle_02_time": 48.42189359664917,
      "cycle_03_time": 51.03210639953613,
      "cycle_04_time": 3.7350118160247803,
      "cycle_05_time": 39.83936548233032,
      "end_time": "2025-12-25T23:05:28.213118",
      "total_time": 143.0283772945404,
      "success": true,
      "status": "success"
    },
    {
      "block_id": 12,
      "start_time": "2025-12-25T23:05:33.238725",
      "cycle_02": true,
      "cycle_03": true,
      "cycle_04": true,
      "cycle_05": true,
      "cycle_02_time": 79.1944968700409,
      "cycle_03_time": 97.80805158615112,
      "cycle_04_time": 5.5938920974731445,
      "cycle_05_time": 68.07456350326538,
      "end_time": "2025-12-25T23:09:43.909729",
      "total_time": 250.67100405693054,
      "success": true,
      "status": "success"
    },
    {
      "block_id": 13,
      "start_time": "2025-12-25T23:09:48.934915",
      "cycle_02": true,
      "cycle_03": true,
      "cycle_04": true,
      "cycle_05": true,
      "cycle_02_time": 18.510557889938354,
      "cycle_03_time": 27.77683997154236,
      "cycle_04_time": 1.6134979724884033,
      "cycle_05_time": 21.635017156600952,
      "end_time": "2025-12-25T23:10:58.470828",
      "total_time": 69.53591299057007,
      "success": true,
      "status": "success"
    },
    {
      "block_id": 14,
      "start_time": "2025-12-25T23:11:03.498697",
      "cycle_02": true,
      "cycle_03": true,
      "cycle_04": true,
      "cycle_05": true,
      "cycle_02_time": 29.347598791122437,
      "cycle_03_time": 35.66558790206909,
      "cycle_04_time": 1.9442577362060547,
      "cycle_05_time": 26.396958112716675,
      "end_time": "2025-12-25T23:12:36.853100",
      "total_time": 93.35440254211426,
      "success": true,
      "status": "success"
    },
    {
      "block_id": 15,
      "start_time": "2025-12-25T23:12:41.873085",
      "cycle_02": true,
      "cycle_03": true,
      "cycle_04": true,
      "cycle_05": true,
      "cycle_02_time": 37.64429545402527,
      "cycle_03_time": 52.96547508239746,
      "cycle_04_time": 2.764221668243408,
      "cycle_05_time": 34.93325591087341,
      "end_time": "2025-12-25T23:14:50.180333",
      "total_time": 128.30724811553955,
      "success": true,
      "status": "success"
    },
    {
      "block_id": 16,
      "start_time": "2025-12-25T23:14:55.197608",
      "cycle_02": true,
      "cycle_03": true,
      "cycle_04": true,
      "cycle_05": true,
      "cycle_02_time": 3.153201103210449,
      "cycle_03_time": 3.7218122482299805,
      "cycle_04_time": 0.3909268379211426,
      "cycle_05_time": 6.063341856002808,
      "end_time": "2025-12-25T23:15:08.526891",
      "total_time": 13.32928204536438,
      "success": true,
      "status": "success"
    }
  ],
  "summary": "پردازش 16 بلوک در 40.2 دقیقه با نرخ موفقیت 100.0%"
}