{
  "project_root": "C:\\Users\\Kamal\\Desktop\\py-prg\\git\\c-data",
  "execution_start": "2025-12-26T09:14:45.303642",
  "execution_end": "2025-12-26T09:57:25.574551",
  "total_duration_seconds": 2560.270909,
  "total_blocks": 14,
  "successful_blocks": 14,
  "failed_blocks": 0,
  "success_rate_percent": 100.0,
  "telegram_enabled": true,
  "time_breakdown": {
    "cycle_02": 696.6440145969391,
    "cycle_03": 1128.8364658355713,
    "cycle_04": 12.535939931869507,
    "cycle_05": 653.5692291259766
  },
  "success_counts": {
    "cycle_02": 14,
    "cycle_03": 14,
    "cycle_04": 14,
    "cycle_05": 14
  },
  "success_rates": {
    "cycle_02": 100.0,
    "cycle_03": 100.0,
    "cycle_04": 100.0,
    "cycle_05": 100.0
  },
  "block_results": [
    {
      "block_id": 1,
      "start_time": "2025-12-26T09:14:48.621339",
      "cycle_02": true,
      "cycle_03": true,
      "cycle_04": true,
      "cycle_05": true,
      "cycle_02_time": 86.3776957988739,
      "cycle_03_time": 122.0103178024292,
      "cycle_04_time": 1.3333592414855957,
      "cycle_05_time": 66.14236783981323,
      "end_time": "2025-12-26T09:19:24.485079",
      "total_time": 275.86374068260193,
      "success": true,
      "status": "success"
    },
    {
      "block_id": 2,
      "start_time": "2025-12-26T09:19:29.508253",
      "cycle_02": true,
      "cycle_03": true,
      "cycle_04": true,
      "cycle_05": true,
      "cycle_02_time": 41.549705028533936,
      "cycle_03_time": 64.0913758277893,
      "cycle_04_time": 0.47962474822998047,
      "cycle_05_time": 47.82633900642395,
      "end_time": "2025-12-26T09:22:03.455298",
      "total_time": 153.94704461097717,
      "success": true,
      "status": "success"
    },
    {
      "block_id": 3,
      "start_time": "2025-12-26T09:22:08.478174",
      "cycle_02": true,
      "cycle_03": true,
      "cycle_04": true,
      "cycle_05": true,
      "cycle_02_time": 47.62099814414978,
      "cycle_03_time": 95.952223777771,
      "cycle_04_time": 0.7803359031677246,
      "cycle_05_time": 51.85623621940613,
      "end_time": "2025-12-26T09:25:24.687968",
      "total_time": 196.20979404449463,
      "success": true,
      "status": "success"
    },
    {
      "block_id": 4,
      "start_time": "2025-12-26T09:25:29.714971",
      "cycle_02": true,
      "cycle_03": true,
      "cycle_04": true,
      "cycle_05": true,
      "cycle_02_time": 61.79424977302551,
      "cycle_03_time": 108.00964307785034,
      "cycle_04_time": 1.017320156097412,
      "cycle_05_time": 62.85685110092163,
      "end_time": "2025-12-26T09:29:23.393036",
      "total_time": 233.6780641078949,
      "success": true,
      "status": "success"
    },
    {
      "block_id": 5,
      "start_time": "2025-12-26T09:29:28.411715",
      "cycle_02": true,
      "cycle_03": true,
      "cycle_04": true,
      "cycle_05": true,
      "cycle_02_time": 31.513460397720337,
      "cycle_03_time": 59.553959369659424,
      "cycle_04_time": 0.7611632347106934,
      "cycle_05_time": 31.8674898147583,
      "end_time": "2025-12-26T09:31:32.107788",
      "total_time": 123.69607281684875,
      "success": true,
      "status": "success"
    },
    {
      "block_id": 6,
      "start_time": "2025-12-26T09:31:37.129964",
      "cycle_02": true,
      "cycle_03": true,
      "cycle_04": true,
      "cycle_05": true,
      "cycle_02_time": 78.60075187683105,
      "cycle_03_time": 115.616628408432,
      "cycle_04_time": 0.8054425716400146,
      "cycle_05_time": 68.91939878463745,
      "end_time": "2025-12-26T09:36:01.072185",
      "total_time": 263.9422216415405,
      "success": true,
      "status": "success"
    },
    {
      "block_id": 7,
      "start_time": "2025-12-26T09:36:06.098014",
      "cycle_02": true,
      "cycle_03": true,
      "cycle_04": true,
      "cycle_05": true,
      "cycle_02_time": 22.775944709777832,
      "cycle_03_time": 35.07216262817383,
      "cycle_04_time": 0.6126790046691895,
      "cycle_05_time": 24.183002948760986,
      "end_time": "2025-12-26T09:37:28.741803",
      "total_time": 82.64378929138184,
      "success": true,
      "status": "success"
    },
    {
      "block_id": 8,
      "start_time": "2025-12-26T09:37:33.756608",
      "cycle_02": true,
      "cycle_03": true,
      "cycle_04": true,
      "cycle_05": true,
      "cycle_02_time": 49.253955602645874,
      "cycle_03_time": 77.62753558158875,
      "cycle_04_time": 0.8275434970855713,
      "cycle_05_time": 55.64167594909668,
      "end_time": "2025-12-26T09:40:37.107318",
      "total_time": 183.35071063041687,
      "success": true,
      "status": "success"
    },
    {
      "block_id": 9,
      "start_time": "2025-12-26T09:40:42.201136",
      "cycle_02": true,
      "cycle_03": true,
      "cycle_04": true,
      "cycle_05": true,
      "cycle_02_time": 55.13308334350586,
      "cycle_03_time": 94.35901808738708,
      "cycle_04_time": 0.7799890041351318,
      "cycle_05_time": 49.91122007369995,
      "end_time": "2025-12-26T09:44:02.384447",
      "total_time": 200.18331050872803,
      "success": true,
      "status": "success"
    },
    {
      "block_id": 10,
      "start_time": "2025-12-26T09:44:07.412747",
      "cycle_02": true,
      "cycle_03": true,
      "cycle_04": true,
      "cycle_05": true,
      "cycle_02_time": 72.12958979606628,
      "cycle_03_time": 119.81668901443481,
      "cycle_04_time": 0.6436536312103271,
      "cycle_05_time": 66.45561575889587,
      "end_time": "2025-12-26T09:48:26.458295",
      "total_time": 259.0455482006073,
      "success": true,
      "status": "success"
    },
    {
      "block_id": 11,
      "start_time": "2025-12-26T09:48:31.478615",
      "cycle_02": true,
      "cycle_03": true,
      "cycle_04": true,
      "cycle_05": true,
      "cycle_02_time": 19.881593942642212,
      "cycle_03_time": 25.566692113876343,
      "cycle_04_time": 1.2244038581848145,
      "cycle_05_time": 17.353694200515747,
      "end_time": "2025-12-26T09:49:35.504999",
      "total_time": 64.02638411521912,
      "success": true,
      "status": "success"
    },
    {
      "block_id": 12,
      "start_time": "2025-12-26T09:49:40.522332",
      "cycle_02": true,
      "cycle_03": true,
      "cycle_04": true,
      "cycle_05": true,
      "cycle_02_time": 87.00805640220642,
      "cycle_03_time": 113.06955599784851,
      "cycle_04_time": 0.8663790225982666,
      "cycle_05_time": 60.82577967643738,
      "end_time": "2025-12-26T09:54:02.293087",
      "total_time": 261.7697710990906,
      "success": true,
      "status": "success"
    },
    {
      "block_id": 13,
      "start_time": "2025-12-26T09:54:07.311981",
      "cycle_02": true,
      "cycle_03": true,
      "cycle_04": true,
      "cycle_05": true,
      "cycle_02_time": 32.19510269165039,
      "cycle_03_time": 76.22753477096558,
      "cycle_04_time": 1.6657755374908447,
      "cycle_05_time": 38.299713373184204,
      "end_time": "2025-12-26T09:56:35.700108",
      "total_time": 148.38812637329102,
      "success": true,
      "status": "success"
    },
    {
      "block_id": 14,
      "start_time": "2025-12-26T09:56:40.720596",
      "cycle_02": true,
      "cycle_03": true,
      "cycle_04": true,
      "cycle_05": true,
      "cycle_02_time": 10.809827089309692,
      "cycle_03_time": 21.863129377365112,
      "cycle_04_time": 0.7382705211639404,
      "cycle_05_time": 11.429844379425049,
      "end_time": "2025-12-26T09:57:25.561668",
      "total_time": 44.841071367263794,
      "success": true,
      "status": "success"
    }
  ],
  "summary": "پردازش 14 بلوک در 42.7 دقیقه با نرخ موفقیت 100.0%"
}