{
  "master_report": {
    "start_time": "2025-12-24T14:56:05.841659",
    "total_blocks": 15,
    "total_coins": 437,
    "blocks_by_size": {
      "min_coins": 1,
      "max_coins": 49,
      "avg_coins": 29.133333333333333,
      "total_coins": 437,
      "blocks_by_size": {
        "small": 2,
        "medium": 8,
        "large": 5
      }
    },
    "overall_status": "success",
    "processed_blocks": 15,
    "successful_blocks": 15,
    "failed_blocks": 0,
    "current_block": 15,
    "progress_percentage": 100.0,
    "estimated_time_remaining": 0.0,
    "update_time": "2025-12-24T15:17:45.053410",
    "end_time": "2025-12-24T15:17:45.058745"
  },
  "blocks": {
    "1": {
      "block_id": 1,
      "symbols": [
        "NTRNUSDT",
        "GALAUSDT",
        "OGUSDT",
        "NEOUSDT",
        "REDUSDT",
        "JASMYUSDT",
        "TIAUSDT",
        "WLFIUSDT",
        "ACHUSDT",
        "DCRUSDT",
        "AIXBTUSDT",
        "BARUSDT",
        "LISTAUSDT",
        "MINAUSDT",
        "CATIUSDT",
        "GLMUSDT",
        "BNTUSDT",
        "SAPIENUSDT",
        "TRBUSDT",
        "QKCUSDT",
        "ICXUSDT",
        "BTCUSDT",
        "GRTUSDT"
      ],
      "coin_count": 23,
      "status": "success",
      "current_stage": "cycle_04",
      "start_time": "2025-12-24T14:56:05.846638",
      "end_time": "2025-12-24T14:57:13.568653",
      "execution_time": 67.722015,
      "stages": {
        "cycle_02": {
          "status": "success",
          "start_time": "2025-12-24T14:56:05.849640",
          "end_time": "2025-12-24T14:56:12.364807",
          "execution_time": 6.514167
        },
        "cycle_03": {
          "status": "success",
          "start_time": "2025-12-24T14:56:14.373614",
          "end_time": "2025-12-24T14:57:11.190211",
          "execution_time": 56.814599
        },
        "cycle_04": {
          "status": "success",
          "start_time": "2025-12-24T14:57:13.198681",
          "end_time": "2025-12-24T14:57:13.565654",
          "execution_time": 0.36597
        }
      }
    },
    "2": {
      "block_id": 2,
      "symbols": [
        "PONDUSDT",
        "BANANAS31USDT",
        "OGNUSDT",
        "RENDERUSDT",
        "JOEUSDT",
        "ZBTUSDT",
        "WCTUSDT",
        "MBOXUSDT",
        "STOUSDT",
        "KMNOUSDT",
        "KSMUSDT"
      ],
      "coin_count": 11,
      "status": "success",
      "current_stage": "cycle_04",
      "start_time": "2025-12-24T14:57:23.582283",
      "end_time": "2025-12-24T14:58:01.802770",
      "execution_time": 38.220487,
      "stages": {
        "cycle_02": {
          "status": "success",
          "start_time": "2025-12-24T14:57:23.588302",
          "end_time": "2025-12-24T14:57:25.703469",
          "execution_time": 2.114144
        },
        "cycle_03": {
          "status": "success",
          "start_time": "2025-12-24T14:57:27.711832",
          "end_time": "2025-12-24T14:57:59.415469",
          "execution_time": 31.702636
        },
        "cycle_04": {
          "status": "success",
          "start_time": "2025-12-24T14:58:01.429960",
          "end_time": "2025-12-24T14:58:01.799769",
          "execution_time": 0.368808
        }
      }
    },
    "3": {
      "block_id": 3,
      "symbols": [
        "C98USDT",
        "ENSOUSDT",
        "IOTXUSDT",
        "MORPHOUSDT",
        "HNTUSDT",
        "AVNTUSDT",
        "PORTALUSDT",
        "JUPUSDT",
        "BROCCOLI714USDT",
        "XUSDUSDT",
        "SOMIUSDT",
        "ARUSDT",
        "AUSDT",
        "CYBERUSDT",
        "GHSTUSDT",
        "CELRUSDT",
        "LUMIAUSDT",
        "UNIUSDT",
        "IOTAUSDT",
        "ALCXUSDT",
        "COSUSDT",
        "PROMUSDT",
        "STXUSDT",
        "QUICKUSDT",
        "PNUTUSDT",
        "BCHUSDT",
        "EURUSDT",
        "TRUMPUSDT",
        "VANAUSDT",
        "PROVEUSDT",
        "SOPHUSDT",
        "BEAMUSDT",
        "NXPCUSDT",
        "EULUSDT",
        "ETCUSDT",
        "XNOUSDT",
        "ARDRUSDT",
        "OMUSDT",
        "GUNUSDT",
        "PEOPLEUSDT",
        "THEUSDT",
        "USD1USDT",
        "DYMUSDT",
        "APEUSDT",
        "ALGOUSDT"
      ],
      "coin_count": 45,
      "status": "success",
      "current_stage": "cycle_04",
      "start_time": "2025-12-24T14:58:11.814364",
      "end_time": "2025-12-24T15:00:29.420393",
      "execution_time": 137.606029,
      "stages": {
        "cycle_02": {
          "status": "success",
          "start_time": "2025-12-24T14:58:11.818361",
          "end_time": "2025-12-24T14:58:31.785428",
          "execution_time": 19.965071
        },
        "cycle_03": {
          "status": "success",
          "start_time": "2025-12-24T14:58:33.791546",
          "end_time": "2025-12-24T15:00:26.799866",
          "execution_time": 113.007322
        },
        "cycle_04": {
          "status": "success",
          "start_time": "2025-12-24T15:00:28.811684",
          "end_time": "2025-12-24T15:00:29.417393",
          "execution_time": 0.604705
        }
      }
    },
    "4": {
      "block_id": 4,
      "symbols": [
        "ENJUSDT",
        "NKNUSDT",
        "ASTERUSDT",
        "LSKUSDT",
        "LAZIOUSDT",
        "TKOUSDT",
        "STGUSDT",
        "JUVUSDT",
        "SYNUSDT",
        "CHRUSDT",
        "POWRUSDT",
        "UXPLUSDT",
        "OKBUSDT",
        "AVICIUSDT",
        "LQTYUSDT",
        "KITEUSDT",
        "ETHUSDT",
        "AUCTIONUSDT",
        "ANKRUSDT",
        "FETUSDT",
        "NMRUSDT",
        "ARBUSDT",
        "SAHARAUSDT",
        "MTLUSDT",
        "DATAUSDT",
        "RDNTUSDT",
        "ADAUSDT",
        "AGLDUSDT",
        "LINKUSDT",
        "SUIUSDT",
        "UMAUSDT",
        "BICOUSDT",
        "ZKUSDT",
        "ROSEUSDT",
        "TUTUSDT",
        "DFUSDT",
        "RUNEUSDT",
        "GNOUSDT",
        "NEXOUSDT",
        "IOSTUSDT",
        "SANDUSDT",
        "ZKCUSDT",
        "DUSDT",
        "BANKUSDT",
        "USTCUSDT",
        "ARKMUSDT",
        "COTIUSDT",
        "POLUSDT",
        "HIGHUSDT"
      ],
      "coin_count": 49,
      "status": "success",
      "current_stage": "cycle_04",
      "start_time": "2025-12-24T15:00:39.444182",
      "end_time": "2025-12-24T15:02:43.738257",
      "execution_time": 124.294075,
      "stages": {
        "cycle_02": {
          "status": "success",
          "start_time": "2025-12-24T15:00:39.463161",
          "end_time": "2025-12-24T15:00:42.466932",
          "execution_time": 3.002751
        },
        "cycle_03": {
          "status": "success",
          "start_time": "2025-12-24T15:00:44.472053",
          "end_time": "2025-12-24T15:02:40.952270",
          "execution_time": 116.479235
        },
        "cycle_04": {
          "status": "success",
          "start_time": "2025-12-24T15:02:42.967846",
          "end_time": "2025-12-24T15:02:43.733256",
          "execution_time": 0.76441
        }
      }
    },
    "5": {
      "block_id": 5,
      "symbols": [
        "GMTUSDT",
        "VETUSDT",
        "MITOUSDT",
        "IQUSDT",
        "HBARUSDT",
        "DOTUSDT",
        "FIOUSDT",
        "GNSUSDT",
        "VTHOUSDT",
        "AEVOUSDT",
        "ETHFIUSDT",
        "SCUSDT",
        "RVNUSDT",
        "FOLKSUSDT",
        "GIGGLEUSDT",
        "CVCUSDT",
        "TONUSDT",
        "LTCUSDT",
        "DASHUSDT",
        "EARNAUSDUSDT",
        "METUSDT",
        "PYRUSDT",
        "GASUSDT",
        "SEIUSDT",
        "IAGUSDT",
        "YBUSDT",
        "BFUSDUSDT"
      ],
      "coin_count": 27,
      "status": "success",
      "current_stage": "cycle_04",
      "start_time": "2025-12-24T15:02:53.745445",
      "end_time": "2025-12-24T15:04:00.692491",
      "execution_time": 66.947046,
      "stages": {
        "cycle_02": {
          "status": "success",
          "start_time": "2025-12-24T15:02:53.750450",
          "end_time": "2025-12-24T15:02:56.849683",
          "execution_time": 3.097233
        },
        "cycle_03": {
          "status": "success",
          "start_time": "2025-12-24T15:02:58.856833",
          "end_time": "2025-12-24T15:03:58.235821",
          "execution_time": 59.377987
        },
        "cycle_04": {
          "status": "success",
          "start_time": "2025-12-24T15:04:00.245185",
          "end_time": "2025-12-24T15:04:00.689494",
          "execution_time": 0.443306
        }
      }
    },
    "6": {
      "block_id": 6,
      "symbols": [
        "USDSUSDT",
        "HOLOUSDT",
        "ZILUSDT",
        "TUSDT",
        "PSGUSDT",
        "OSMOUSDT",
        "TAOUSDT",
        "IMXUSDT",
        "VICUSDT",
        "LDOUSDT",
        "SXPUSDT",
        "ENAUSDT",
        "TLMUSDT",
        "CRVUSDT",
        "FIROUSDT",
        "CELOUSDT",
        "FIDAUSDT",
        "CGPTUSDT",
        "TOWNSUSDT",
        "ATMUSDT",
        "MDTUSDT",
        "TNSRUSDT",
        "POLYXUSDT",
        "ASRUSDT",
        "AMPUSDT",
        "ZROUSDT",
        "PHBUSDT",
        "TUSDUSDT",
        "TORNUSDT"
      ],
      "coin_count": 29,
      "status": "success",
      "current_stage": "cycle_04",
      "start_time": "2025-12-24T15:04:10.710706",
      "end_time": "2025-12-24T15:05:32.727047",
      "execution_time": 82.016341,
      "stages": {
        "cycle_02": {
          "status": "success",
          "start_time": "2025-12-24T15:04:10.719726",
          "end_time": "2025-12-24T15:04:22.109754",
          "execution_time": 11.389571
        },
        "cycle_03": {
          "status": "success",
          "start_time": "2025-12-24T15:04:24.114464",
          "end_time": "2025-12-24T15:05:30.237950",
          "execution_time": 66.121487
        },
        "cycle_04": {
          "status": "success",
          "start_time": "2025-12-24T15:05:32.260264",
          "end_time": "2025-12-24T15:05:32.724048",
          "execution_time": 0.461836
        }
      }
    },
    "7": {
      "block_id": 7,
      "symbols": [
        "DODOUSDT",
        "ILVUSDT",
        "HEMIUSDT",
        "FTTUSDT",
        "CUSDT",
        "ORDIUSDT",
        "SKLUSDT",
        "JSTUSDT",
        "AIUSDT",
        "TURBOUSDT",
        "GPSUSDT",
        "DYDXUSDT",
        "CHZUSDT",
        "WIFUSDT",
        "RIFUSDT",
        "BANANAUSDT",
        "ATAUSDT",
        "MAGICUSDT",
        "SPKUSDT",
        "SNTUSDT",
        "TRUUSDT",
        "UDSUSDT",
        "DGBUSDT",
        "MNGOUSDT",
        "YGGUSDT",
        "PENDLEUSDT",
        "EIGENUSDT",
        "BARDUSDT",
        "PIVXUSDT"
      ],
      "coin_count": 29,
      "status": "success",
      "current_stage": "cycle_04",
      "start_time": "2025-12-24T15:05:42.743016",
      "end_time": "2025-12-24T15:06:47.030983",
      "execution_time": 64.287967,
      "stages": {
        "cycle_02": {
          "status": "success",
          "start_time": "2025-12-24T15:05:42.747022",
          "end_time": "2025-12-24T15:05:44.594013",
          "execution_time": 1.844991
        },
        "cycle_03": {
          "status": "success",
          "start_time": "2025-12-24T15:05:46.605963",
          "end_time": "2025-12-24T15:06:44.538608",
          "execution_time": 57.931645
        },
        "cycle_04": {
          "status": "success",
          "start_time": "2025-12-24T15:06:46.553095",
          "end_time": "2025-12-24T15:06:47.025982",
          "execution_time": 0.471887
        }
      }
    },
    "8": {
      "block_id": 8,
      "symbols": [
        "IOUSDT",
        "WUSDT",
        "NOSUSDT",
        "LPTUSDT",
        "RESOLVUSDT",
        "HAEDALUSDT",
        "INUSDT",
        "AXLUSDT",
        "ZENUSDT",
        "ETH+USDT",
        "XMRUSDT",
        "PORTOUSDT",
        "SFPUSDT",
        "ALLOUSDT",
        "BMTUSDT",
        "SOLUSDT",
        "OPUSDT",
        "STEEMUSDT",
        "CTSIUSDT",
        "SYRUPUSDT",
        "FFUSDT",
        "TWTUSDT",
        "XRPUSDT",
        "LUNAUSDT",
        "MEUSDT",
        "VELODROMEUSDT",
        "AERGOUSDT",
        "KERNELUSDT",
        "AVAXUSDT"
      ],
      "coin_count": 29,
      "status": "success",
      "current_stage": "cycle_04",
      "start_time": "2025-12-24T15:06:57.060445",
      "end_time": "2025-12-24T15:08:14.744586",
      "execution_time": 77.684141,
      "stages": {
        "cycle_02": {
          "status": "success",
          "start_time": "2025-12-24T15:06:57.083445",
          "end_time": "2025-12-24T15:07:02.194118",
          "execution_time": 5.109668
        },
        "cycle_03": {
          "status": "success",
          "start_time": "2025-12-24T15:07:04.208274",
          "end_time": "2025-12-24T15:08:12.196462",
          "execution_time": 67.987187
        },
        "cycle_04": {
          "status": "success",
          "start_time": "2025-12-24T15:08:14.205226",
          "end_time": "2025-12-24T15:08:14.738139",
          "execution_time": 0.531846
        }
      }
    },
    "9": {
      "block_id": 9,
      "symbols": [
        "WALUSDT",
        "NILUSDT",
        "EGLDUSDT",
        "SANTOSUSDT",
        "WANUSDT",
        "BIOUSDT",
        "BELUSDT",
        "SUSDT",
        "USDCUSDT",
        "BANDUSDT",
        "WLDUSDT",
        "LAYERUSDT",
        "PARTIUSDT",
        "HUMAUSDT",
        "LRCUSDT",
        "STRAXUSDT",
        "FORTHUSDT",
        "TFUELUSDT",
        "NOMUSDT",
        "BERAUSDT",
        "2ZUSDT",
        "FUNUSDT",
        "LAUSDT",
        "TURTLEUSDT",
        "BLURUSDT"
      ],
      "coin_count": 25,
      "status": "success",
      "current_stage": "cycle_04",
      "start_time": "2025-12-24T15:08:24.762919",
      "end_time": "2025-12-24T15:09:39.869663",
      "execution_time": 75.106744,
      "stages": {
        "cycle_02": {
          "status": "success",
          "start_time": "2025-12-24T15:08:24.765922",
          "end_time": "2025-12-24T15:08:26.723388",
          "execution_time": 1.956463
        },
        "cycle_03": {
          "status": "success",
          "start_time": "2025-12-24T15:08:28.740978",
          "end_time": "2025-12-24T15:09:37.016054",
          "execution_time": 68.274077
        },
        "cycle_04": {
          "status": "success",
          "start_time": "2025-12-24T15:09:39.031653",
          "end_time": "2025-12-24T15:09:39.861661",
          "execution_time": 0.828008
        }
      }
    },
    "10": {
      "block_id": 10,
      "symbols": [
        "BEAMXUSDT",
        "TRXUSDT",
        "SYSUSDT",
        "COWUSDT",
        "SGBUSDT",
        "MBXUSDT",
        "KAIAUSDT",
        "IDUSDT",
        "SOLVUSDT",
        "CKBUSDT",
        "HFTUSDT",
        "PHAUSDT",
        "ACAUSDT",
        "QNTUSDT",
        "SCRTUSDT",
        "GUSDT",
        "AUDIOUSDT",
        "NEARUSDT",
        "CETUSUSDT",
        "FLUXUSDT",
        "VIRTUALUSDT",
        "SUSHIUSDT",
        "XVSUSDT",
        "MIRAUSDT",
        "SAGAUSDT",
        "COMPUSDT",
        "HOOKUSDT",
        "SADUSDT",
        "ACTUSDT",
        "BATUSDT",
        "REQUSDT",
        "APTUSDT",
        "ATUSDT",
        "GMXUSDT",
        "ALTUSDT",
        "XPLUSDT",
        "MBLUSDT",
        "RLCUSDT",
        "ADXUSDT",
        "YFIUSDT"
      ],
      "coin_count": 40,
      "status": "success",
      "current_stage": "cycle_04",
      "start_time": "2025-12-24T15:09:49.894274",
      "end_time": "2025-12-24T15:11:32.887375",
      "execution_time": 102.993101,
      "stages": {
        "cycle_02": {
          "status": "success",
          "start_time": "2025-12-24T15:09:49.903387",
          "end_time": "2025-12-24T15:09:52.423752",
          "execution_time": 2.519362
        },
        "cycle_03": {
          "status": "success",
          "start_time": "2025-12-24T15:09:54.512778",
          "end_time": "2025-12-24T15:11:30.200885",
          "execution_time": 95.685101
        },
        "cycle_04": {
          "status": "success",
          "start_time": "2025-12-24T15:11:32.222054",
          "end_time": "2025-12-24T15:11:32.881374",
          "execution_time": 0.657319
        }
      }
    },
    "11": {
      "block_id": 11,
      "symbols": [
        "HOMEUSDT",
        "MOVEUSDT",
        "CFXUSDT",
        "XVGUSDT",
        "INITUSDT",
        "API3USDT",
        "FXSUSDT",
        "CHESSUSDT",
        "MANAUSDT",
        "ABUSDT",
        "MUBARAKUSDT",
        "BBUSDT",
        "RADUSDT",
        "RPLUSDT",
        "1INCHUSDT",
        "WOOUSDT",
        "REZUSDT",
        "ZECUSDT",
        "OXTUSDT",
        "RONINUSDT",
        "SIGNUSDT",
        "RSRUSDT",
        "MANTAUSDT",
        "DEGOUSDT",
        "DIAUSDT",
        "GTCUSDT",
        "HIVEUSDT",
        "EDENUSDT",
        "USDEUSDT",
        "SSVUSDT",
        "KAITOUSDT",
        "WAXPUSDT",
        "LINEAUSDT",
        "QIUSDT",
        "CITYUSDT",
        "RAYUSDT",
        "ORCAUSDT",
        "XAIUSDT",
        "ACEUSDT",
        "HEIUSDT",
        "AVAUSDT"
      ],
      "coin_count": 41,
      "status": "success",
      "current_stage": "cycle_04",
      "start_time": "2025-12-24T15:11:42.909426",
      "end_time": "2025-12-24T15:13:12.216972",
      "execution_time": 89.307546,
      "stages": {
        "cycle_02": {
          "status": "success",
          "start_time": "2025-12-24T15:11:42.921497",
          "end_time": "2025-12-24T15:11:44.945474",
          "execution_time": 2.022999
        },
        "cycle_03": {
          "status": "success",
          "start_time": "2025-12-24T15:11:46.964920",
          "end_time": "2025-12-24T15:13:09.436134",
          "execution_time": 82.454306
        },
        "cycle_04": {
          "status": "success",
          "start_time": "2025-12-24T15:13:11.456795",
          "end_time": "2025-12-24T15:13:12.213956",
          "execution_time": 0.756159
        }
      }
    },
    "12": {
      "block_id": 12,
      "symbols": [
        "STRKUSDT",
        "TREEUSDT",
        "PLUMEUSDT",
        "DEXEUSDT",
        "A2ZUSDT",
        "MLNUSDT",
        "QTUMUSDT",
        "CTKUSDT",
        "ASTRUSDT",
        "OCEANUSDT",
        "ATOMUSDT",
        "FLOWUSDT",
        "PUNDIXUSDT",
        "ZRXUSDT",
        "MAVUSDT",
        "NIZAUSDT",
        "THETAUSDT",
        "MASKUSDT",
        "DOLOUSDT",
        "PIXELUSDT",
        "SUNUSDT"
      ],
      "coin_count": 21,
      "status": "success",
      "current_stage": "cycle_04",
      "start_time": "2025-12-24T15:13:22.236104",
      "end_time": "2025-12-24T15:14:12.151891",
      "execution_time": 49.915787,
      "stages": {
        "cycle_02": {
          "status": "success",
          "start_time": "2025-12-24T15:13:22.249156",
          "end_time": "2025-12-24T15:13:25.209949",
          "execution_time": 2.959771
        },
        "cycle_03": {
          "status": "success",
          "start_time": "2025-12-24T15:13:27.228052",
          "end_time": "2025-12-24T15:14:09.731160",
          "execution_time": 42.502107
        },
        "cycle_04": {
          "status": "success",
          "start_time": "2025-12-24T15:14:11.743407",
          "end_time": "2025-12-24T15:14:12.148872",
          "execution_time": 0.404483
        }
      }
    },
    "13": {
      "block_id": 13,
      "symbols": [
        "XTZUSDT",
        "ICPUSDT",
        "MMTUSDT",
        "KAVAUSDT",
        "MELANIAUSDT",
        "ONDOUSDT",
        "UTKUSDT",
        "EPICUSDT",
        "FILUSDT",
        "1000CATUSDT",
        "ONEUSDT",
        "PRIMEUSDT",
        "BALUSDT",
        "USUALUSDT",
        "EDUUSDT",
        "ANIMEUSDT",
        "KNCUSDT",
        "XLMUSDT",
        "AGIUSDT",
        "BNBUSDT",
        "NEWTUSDT",
        "LGCTUSDT",
        "ACXUSDT",
        "CAKEUSDT",
        "DUSKUSDT",
        "NFPUSDT",
        "ALICEUSDT",
        "AAVEUSDT",
        "SKYUSDT",
        "WAVESUSDT",
        "DEGENUSDT",
        "ARKUSDT",
        "ELFUSDT",
        "0GUSDT",
        "SNXUSDT",
        "INJUSDT",
        "BIGTIMEUSDT",
        "EURIUSDT",
        "FUSDT",
        "ONTUSDT",
        "JTOUSDT",
        "GLMRUSDT",
        "ERAUSDT",
        "CVXUSDT"
      ],
      "coin_count": 44,
      "status": "success",
      "current_stage": "cycle_04",
      "start_time": "2025-12-24T15:14:22.168429",
      "end_time": "2025-12-24T15:15:51.439053",
      "execution_time": 89.270624,
      "stages": {
        "cycle_02": {
          "status": "success",
          "start_time": "2025-12-24T15:14:22.181476",
          "end_time": "2025-12-24T15:14:24.691072",
          "execution_time": 2.508616
        },
        "cycle_03": {
          "status": "success",
          "start_time": "2025-12-24T15:14:26.706579",
          "end_time": "2025-12-24T15:15:48.814234",
          "execution_time": 82.106653
        },
        "cycle_04": {
          "status": "success",
          "start_time": "2025-12-24T15:15:50.832872",
          "end_time": "2025-12-24T15:15:51.435035",
          "execution_time": 0.601094
        }
      }
    },
    "14": {
      "block_id": 14,
      "symbols": [
        "PAXGUSDT",
        "METISUSDT",
        "ENSUSDT",
        "COOKIEUSDT",
        "ARPAUSDT",
        "ONGUSDT",
        "TSTUSDT",
        "ACMUSDT",
        "PENGUUSDT",
        "ALPINEUSDT",
        "RAREUSDT",
        "SCRUSDT",
        "OPENUSDT",
        "IDEXUSDT",
        "BABYUSDT",
        "AXSUSDT",
        "STORJUSDT",
        "AWEUSDT",
        "VANRYUSDT",
        "DOGEUSDT",
        "SXTUSDT",
        "SHELLUSDT",
        "FORMUSDT"
      ],
      "coin_count": 23,
      "status": "success",
      "current_stage": "cycle_04",
      "start_time": "2025-12-24T15:16:01.453317",
      "end_time": "2025-12-24T15:16:58.688430",
      "execution_time": 57.235113,
      "stages": {
        "cycle_02": {
          "status": "success",
          "start_time": "2025-12-24T15:16:01.468298",
          "end_time": "2025-12-24T15:16:03.515130",
          "execution_time": 2.045853
        },
        "cycle_03": {
          "status": "success",
          "start_time": "2025-12-24T15:16:05.528443",
          "end_time": "2025-12-24T15:16:56.259300",
          "execution_time": 50.72884
        },
        "cycle_04": {
          "status": "success",
          "start_time": "2025-12-24T15:16:58.268063",
          "end_time": "2025-12-24T15:16:58.685432",
          "execution_time": 0.416367
        }
      }
    },
    "15": {
      "block_id": 15,
      "symbols": [
        "PYTHUSDT"
      ],
      "coin_count": 1,
      "status": "success",
      "current_stage": "cycle_04",
      "start_time": "2025-12-24T15:17:08.700727",
      "end_time": "2025-12-24T15:17:45.053410",
      "execution_time": 36.352683,
      "stages": {
        "cycle_02": {
          "status": "success",
          "start_time": "2025-12-24T15:17:08.705721",
          "end_time": "2025-12-24T15:17:38.199113",
          "execution_time": 29.492412
        },
        "cycle_03": {
          "status": "success",
          "start_time": "2025-12-24T15:17:40.216886",
          "end_time": "2025-12-24T15:17:42.568549",
          "execution_time": 2.350661
        },
        "cycle_04": {
          "status": "success",
          "start_time": "2025-12-24T15:17:44.582858",
          "end_time": "2025-12-24T15:17:45.048409",
          "execution_time": 0.46455
        }
      }
    }
  },
  "last_update": "2025-12-24T15:17:45.058745",
  "system_info": {
    "project_root": "C:\\Users\\Kamal\\Desktop\\py-prg\\git\\c-data",
    "python_version": "3.10.5 (tags/v3.10.5:f377153, Jun  6 2022, 16:14:13) [MSC v.1929 64 bit (AMD64)]",
    "platform": "win32",
    "current_time": "2025-12-24T15:17:45.058745"
  }
}