{
  "block_id": 1,
  "symbols": [
    "NTRNUSDT",
    "GALAUSDT",
    "OGUSDT",
    "NEOUSDT",
    "REDUSDT",
    "JASMYUSDT",
    "TIAUSDT",
    "WLFIUSDT",
    "ACHUSDT",
    "DCRUSDT",
    "AIXBTUSDT",
    "BARUSDT",
    "LISTAUSDT",
    "MINAUSDT",
    "CATIUSDT",
    "GLMUSDT",
    "BNTUSDT",
    "SAPIENUSDT",
    "TRBUSDT",
    "QKCUSDT",
    "ICXUSDT",
    "BTCUSDT",
    "GRTUSDT"
  ],
  "coin_count": 23,
  "processed_at": "2025-12-24T13:37:16.529709",
  "cycle_02_result": {
    "success": true,
    "output": "======================================================================\n🔄 تکه 02: پردازش بلوک فعلی و جمع‌آوری داده‌های کندل\n======================================================================\n\n1️⃣ بارگذاری تنظیمات از فایل کانفیگ...\n📁 مسیر فایل کانفیگ: C:\\Users\\Kamal\\Desktop\\py-prg\\git\\c-data\\config\\settings.json\n✅ تنظیمات از فایل کانفیگ بارگذاری شد\n📁 project_root: C:/Users/Kamal/Desktop/py-prg/git/c-data\n📁 دیتابیس: C:/Users/Kamal/Desktop/py-prg/git/c-data/data/crypto_master.db\n📊 تایم‌فریم: 5m\n"
  },
  "cycle_03_result": {
    "success": true,
    "output": "\n============================================================\n🚀 سیستم تحلیل تکنیکال - تکه ۳\n============================================================\n✅ تنظیمات از C:\\Users\\Kamal\\Desktop\\py-prg\\git\\c-data\\config\\settings.json بارگذاری شد\n📁 پوشه آماده است: C:\\Users\\Kamal\\Desktop\\py-prg\\git\\c-data\\config\n📁 پوشه آماده است: C:\\Users\\Kamal\\Desktop\\py-prg\\git\\c-data\\data\n📁 پوشه آماده است: C:\\Users\\Kamal\\Desktop\\py-prg\\git\\c-data\\scripts\n📁 پوشه آماده است: C:\\Users\\Kamal\\Desktop\\py-prg\\git\\c-data\\logs"
  },
  "cycle_04_result": {
    "success": true,
    "output": "============================================================\n🚀 اجرای تکه ۴ ساده شده - تحلیل پیشرفته\n============================================================\n\n============================================================\n✅ تکه ۴ با موفقیت اجرا شد!\n   بلوک: 1\n   ارزهای پردازش شده: 23\n   سیگنال‌های تولید شده: 3\n   زمان اجرا: 0.43 ثانیه\n\n📊 سیگنال‌های تولید شده:\n   JASMYUSDT: BUY (70.0%) - روند صعودی قوی\n   DCRUSDT: BUY (70.0%) - روند صعودی قوی\n   BARUSDT: SELL (70.0%) - روند نزولی قوی\n==========="
  },
  "overall_success": true
}