{
  "generated_at": "2025-12-24T13:39:09.180905",
  "total_blocks_processed": 2,
  "successful_blocks": 2,
  "failed_blocks": 0,
  "success_rate": 100.0,
  "total_execution_time_seconds": 259.369715,
  "average_time_per_block_seconds": 129.6848575,
  "cycle_statistics": {
    "cycle_02_success": 2,
    "cycle_03_success": 2,
    "cycle_04_success": 2
  },
  "block_details": [
    {
      "block_id": 1,
      "status": "completed",
      "execution_time_seconds": 156.73026,
      "results": {
        "cycle_02": {
          "success": true,
          "output": "======================================================================\n🔄 تکه 02: پردازش بلوک فعلی و جمع‌آوری داده‌های کندل\n======================================================================\n\n1️⃣ بارگذاری تنظیمات از فایل کانفیگ...\n📁 مسیر فایل کانفیگ: C:\\Users\\Kamal\\Desktop\\py-prg\\git\\c-data\\config\\settings.json\n✅ تنظیمات از فایل کانفیگ بارگذاری شد\n📁 project_root: C:/Users/Kamal/Desktop/py-prg/git/c-data\n📁 دیتابیس: C:/Users/Kamal/Desktop/py-prg/git/c-data/data/crypto_master.db\n📊 تایم‌فریم: 5m\n"
        },
        "cycle_03": {
          "success": true,
          "output": "\n============================================================\n🚀 سیستم تحلیل تکنیکال - تکه ۳\n============================================================\n✅ تنظیمات از C:\\Users\\Kamal\\Desktop\\py-prg\\git\\c-data\\config\\settings.json بارگذاری شد\n📁 پوشه آماده است: C:\\Users\\Kamal\\Desktop\\py-prg\\git\\c-data\\config\n📁 پوشه آماده است: C:\\Users\\Kamal\\Desktop\\py-prg\\git\\c-data\\data\n📁 پوشه آماده است: C:\\Users\\Kamal\\Desktop\\py-prg\\git\\c-data\\scripts\n📁 پوشه آماده است: C:\\Users\\Kamal\\Desktop\\py-prg\\git\\c-data\\logs"
        },
        "cycle_04": {
          "success": true,
          "output": "============================================================\n🚀 اجرای تکه ۴ ساده شده - تحلیل پیشرفته\n============================================================\n\n============================================================\n✅ تکه ۴ با موفقیت اجرا شد!\n   بلوک: 1\n   ارزهای پردازش شده: 23\n   سیگنال‌های تولید شده: 3\n   زمان اجرا: 0.43 ثانیه\n\n📊 سیگنال‌های تولید شده:\n   JASMYUSDT: BUY (70.0%) - روند صعودی قوی\n   DCRUSDT: BUY (70.0%) - روند صعودی قوی\n   BARUSDT: SELL (70.0%) - روند نزولی قوی\n==========="
        }
      },
      "report_path": "C:\\Users\\Kamal\\Desktop\\py-prg\\git\\c-data\\reports\\sequential\\block_001_20251224_133716.json",
      "processed_at": "2025-12-24T13:37:16.530686"
    },
    {
      "block_id": 2,
      "status": "completed",
      "execution_time_seconds": 102.639455,
      "results": {
        "cycle_02": {
          "success": true,
          "output": "======================================================================\n🔄 تکه 02: پردازش بلوک فعلی و جمع‌آوری داده‌های کندل\n======================================================================\n\n1️⃣ بارگذاری تنظیمات از فایل کانفیگ...\n📁 مسیر فایل کانفیگ: C:\\Users\\Kamal\\Desktop\\py-prg\\git\\c-data\\config\\settings.json\n✅ تنظیمات از فایل کانفیگ بارگذاری شد\n📁 project_root: C:/Users/Kamal/Desktop/py-prg/git/c-data\n📁 دیتابیس: C:/Users/Kamal/Desktop/py-prg/git/c-data/data/crypto_master.db\n📊 تایم‌فریم: 5m\n"
        },
        "cycle_03": {
          "success": true,
          "output": "\n============================================================\n🚀 سیستم تحلیل تکنیکال - تکه ۳\n============================================================\n✅ تنظیمات از C:\\Users\\Kamal\\Desktop\\py-prg\\git\\c-data\\config\\settings.json بارگذاری شد\n📁 پوشه آماده است: C:\\Users\\Kamal\\Desktop\\py-prg\\git\\c-data\\config\n📁 پوشه آماده است: C:\\Users\\Kamal\\Desktop\\py-prg\\git\\c-data\\data\n📁 پوشه آماده است: C:\\Users\\Kamal\\Desktop\\py-prg\\git\\c-data\\scripts\n📁 پوشه آماده است: C:\\Users\\Kamal\\Desktop\\py-prg\\git\\c-data\\logs"
        },
        "cycle_04": {
          "success": true,
          "output": "============================================================\n🚀 اجرای تکه ۴ ساده شده - تحلیل پیشرفته\n============================================================\n\n============================================================\n✅ تکه ۴ با موفقیت اجرا شد!\n   بلوک: 2\n   ارزهای پردازش شده: 11\n   سیگنال‌های تولید شده: 4\n   زمان اجرا: 0.10 ثانیه\n\n📊 سیگنال‌های تولید شده:\n   PONDUSDT: SELL (70.0%) - روند نزولی قوی\n   JOEUSDT: SELL (70.0%) - روند نزولی قوی\n   ZBTUSDT: SELL (70.0%) - روند نزولی قوی\n   STOUSDT"
        }
      },
      "report_path": "C:\\Users\\Kamal\\Desktop\\py-prg\\git\\c-data\\reports\\sequential\\block_002_20251224_133909.json",
      "processed_at": "2025-12-24T13:39:09.178909"
    }
  ],
  "summary": {
    "message": "پردازش 2 بلوک تکمیل شد",
    "status": "COMPLETED",
    "recommendation": "همه بلوک‌ها با موفقیت پردازش شدند"
  }
}