{
  "block_id": 4,
  "processed_at": "2025-12-25T14:58:11.969122",
  "execution_time_seconds": 0.532089,
  "total_coins": 26,
  "successful_coins": 26,
  "failed_coins": 0,
  "signals_generated": 18,
  "results": [
    {
      "coin_id": 1290,
      "symbol": "FFUSDT",
      "status": "completed",
      "analysis": {
        "current_price": 0.09393,
        "rsi": 78.20512820512684,
        "macd": 5.860474578785191e-05,
        "ma_7": 0.09380142857142858,
        "ma_25": 0.09367800000000001,
        "volume": 592.7,
        "price_change": 3.0000000000002247e-05,
        "signal": "BUY",
        "confidence": 0.8,
        "price_change_percent": 0.03194888178913977,
        "reason": "روند صعودی قوی"
      },
      "saved": false,
      "candles_analyzed": 50
    },
    {
      "coin_id": 1397,
      "symbol": "ARKMUSDT",
      "status": "completed",
      "analysis": {
        "current_price": 0.185,
        "rsi": 57.14285714285714,
        "macd": 0.000353176775815478,
        "ma_7": 0.18414285714285714,
        "ma_25": 0.18352000000000002,
        "volume": 1407.0,
        "price_change": 0.0,
        "signal": "BUY",
        "confidence": 0.7,
        "price_change_percent": 0.0,
        "reason": "روند صعودی قوی"
      },
      "saved": false,
      "candles_analyzed": 50
    },
    {
      "coin_id": 1613,
      "symbol": "SPKUSDT",
      "status": "completed",
      "analysis": {
        "current_price": 0.020979,
        "rsi": 65.60000000000008,
        "macd": 5.774619397486483e-05,
        "ma_7": 0.02087557142857143,
        "ma_25": 0.0208024,
        "volume": 13288.0,
        "price_change": 3.500000000000031e-05,
        "signal": "BUY",
        "confidence": 0.7,
        "price_change_percent": 0.16711229946524211,
        "reason": "روند صعودی قوی"
      },
      "saved": false,
      "candles_analyzed": 50
    },
    {
      "coin_id": 1989,
      "symbol": "HAEDALUSDT",
      "status": "completed",
      "analysis": {
        "current_price": 0.0416,
        "rsi": 24.9999999999997,
        "macd": -0.00025871337606929445,
        "ma_7": 0.041600000000000005,
        "ma_25": 0.041979999999999996,
        "volume": 84388.7,
        "price_change": 9.999999999999593e-05,
        "signal": "SELL",
        "confidence": 0.8,
        "price_change_percent": 0.24096385542167692,
        "reason": "روند نزولی قوی"
      },
      "saved": false,
      "candles_analyzed": 50
    },
    {
      "coin_id": 1138,
      "symbol": "XMRUSDT",
      "status": "completed",
      "analysis": {
        "current_price": 118.7,
        "rsi": 89.99999999999989,
        "macd": 0.8871334234484607,
        "ma_7": 116.5,
        "ma_25": 115.51599999999999,
        "volume": 569.635,
        "price_change": 2.6000000000000085,
        "signal": "BUY",
        "confidence": 0.8,
        "price_change_percent": 2.2394487510766656,
        "reason": "روند صعودی قوی"
      },
      "saved": false,
      "candles_analyzed": 50
    },
    {
      "coin_id": 1924,
      "symbol": "MITOUSDT",
      "status": "completed",
      "analysis": {
        "current_price": 0.06824,
        "rsi": 51.31578947368363,
        "macd": 1.716076688111634e-05,
        "ma_7": 0.06823142857142857,
        "ma_25": 0.0682676,
        "volume": 0.0,
        "price_change": 0.0,
        "signal": "HOLD",
        "confidence": 0.5,
        "price_change_percent": 0.0
      },
      "saved": false,
      "candles_analyzed": 50
    },
    {
      "coin_id": 1241,
      "symbol": "SUNUSDT",
      "status": "completed",
      "analysis": {
        "current_price": 0.02018,
        "rsi": 43.75,
        "macd": -3.686292327255425e-06,
        "ma_7": 0.020189999999999996,
        "ma_25": 0.020194,
        "volume": 8253.0,
        "price_change": -2.9999999999998778e-05,
        "signal": "SELL",
        "confidence": 0.7,
        "price_change_percent": -0.14844136566055804,
        "reason": "روند نزولی قوی"
      },
      "saved": false,
      "candles_analyzed": 50
    },
    {
      "coin_id": 1619,
      "symbol": "SOMIUSDT",
      "status": "completed",
      "analysis": {
        "current_price": 0.2473,
        "rsi": 73.33333333333327,
        "macd": 7.59453357720985e-06,
        "ma_7": 0.24645714285714287,
        "ma_25": 0.246816,
        "volume": 29339.7,
        "price_change": 0.0006999999999999784,
        "signal": "SELL",
        "confidence": 0.8,
        "price_change_percent": 0.28386050283859626,
        "reason": "RSI اشباع خرید"
      },
      "saved": false,
      "candles_analyzed": 50
    },
    {
      "coin_id": 1253,
      "symbol": "PYTHUSDT",
      "status": "completed",
      "analysis": {
        "current_price": 0.0585,
        "rsi": 77.77777777777786,
        "macd": 0.00014950059162040924,
        "ma_7": 0.05832857142857143,
        "ma_25": 0.05811999999999999,
        "volume": 142.8,
        "price_change": 0.00010000000000000286,
        "signal": "BUY",
        "confidence": 0.8,
        "price_change_percent": 0.17123287671233367,
        "reason": "روند صعودی قوی"
      },
      "saved": false,
      "candles_analyzed": 50
    },
    {
      "coin_id": 1480,
      "symbol": "PROVEUSDT",
      "status": "completed",
      "analysis": {
        "current_price": 0.3758,
        "rsi": 59.25925925925933,
        "macd": 4.8169066069581046e-05,
        "ma_7": 0.3753714285714285,
        "ma_25": 0.37538400000000005,
        "volume": 790.1,
        "price_change": -9.999999999998899e-05,
        "signal": "HOLD",
        "confidence": 0.5,
        "price_change_percent": -0.026602819898906352
      },
      "saved": false,
      "candles_analyzed": 50
    },
    {
      "coin_id": 1154,
      "symbol": "WLFIUSDT",
      "status": "completed",
      "analysis": {
        "current_price": 0.1327,
        "rsi": 76.92307692307725,
        "macd": 0.00019086466648365885,
        "ma_7": 0.1325,
        "ma_25": 0.132176,
        "volume": 11710.5,
        "price_change": 0.00010000000000001674,
        "signal": "BUY",
        "confidence": 0.8,
        "price_change_percent": 0.07541478129714686,
        "reason": "روند صعودی قوی"
      },
      "saved": false,
      "candles_analyzed": 50
    },
    {
      "coin_id": 1144,
      "symbol": "SUIUSDT",
      "status": "completed",
      "analysis": {
        "current_price": 1.4192,
        "rsi": 62.70270270270238,
        "macd": 0.0010092703944544201,
        "ma_7": 1.4196714285714287,
        "ma_25": 1.417412,
        "volume": 32697.7,
        "price_change": 0.00029999999999996696,
        "signal": "HOLD",
        "confidence": 0.5,
        "price_change_percent": 0.021143139051375496
      },
      "saved": false,
      "candles_analyzed": 50
    },
    {
      "coin_id": 1506,
      "symbol": "ORCAUSDT",
      "status": "completed",
      "analysis": {
        "current_price": 1.125,
        "rsi": 64.2857142857145,
        "macd": 0.0015935992368081298,
        "ma_7": 1.122857142857143,
        "ma_25": 1.1216000000000002,
        "volume": 0.0,
        "price_change": 0.0,
        "signal": "BUY",
        "confidence": 0.7,
        "price_change_percent": 0.0,
        "reason": "روند صعودی قوی"
      },
      "saved": false,
      "candles_analyzed": 50
    },
    {
      "coin_id": 1557,
      "symbol": "ONEUSDT",
      "status": "completed",
      "analysis": {
        "current_price": 0.00363,
        "rsi": 80.0,
        "macd": 8.083298447233815e-06,
        "ma_7": 0.0036157142857142855,
        "ma_25": 0.0036048,
        "volume": 742257.5,
        "price_change": 1.0000000000000026e-05,
        "signal": "BUY",
        "confidence": 0.8,
        "price_change_percent": 0.27624309392265267,
        "reason": "روند صعودی قوی"
      },
      "saved": false,
      "candles_analyzed": 50
    },
    {
      "coin_id": 1283,
      "symbol": "MANAUSDT",
      "status": "completed",
      "analysis": {
        "current_price": 0.12,
        "rsi": 77.77777777777786,
        "macd": 0.00020316994415217615,
        "ma_7": 0.11968571428571428,
        "ma_25": 0.119224,
        "volume": 10742.0,
        "price_change": 9.999999999998899e-05,
        "signal": "BUY",
        "confidence": 0.8,
        "price_change_percent": 0.0834028356964045,
        "reason": "روند صعودی قوی"
      },
      "saved": false,
      "candles_analyzed": 50
    },
    {
      "coin_id": 1949,
      "symbol": "FUSDT",
      "status": "completed",
      "analysis": {
        "current_price": 0.00812,
        "rsi": 56.2500000000002,
        "macd": 9.714964054000769e-07,
        "ma_7": 0.008117142857142856,
        "ma_25": 0.0081212,
        "volume": 191174.0,
        "price_change": 0.0,
        "signal": "HOLD",
        "confidence": 0.5,
        "price_change_percent": 0.0
      },
      "saved": false,
      "candles_analyzed": 50
    },
    {
      "coin_id": 1157,
      "symbol": "USD1USDT",
      "status": "completed",
      "analysis": {
        "current_price": 1.0005,
        "rsi": 33.33333333333333,
        "macd": -1.4006692990564673e-05,
        "ma_7": 1.0006,
        "ma_25": 1.0005959999999998,
        "volume": 508059.0,
        "price_change": -0.00019999999999997797,
        "signal": "HOLD",
        "confidence": 0.5,
        "price_change_percent": -0.0199860097931426
      },
      "saved": false,
      "candles_analyzed": 50
    },
    {
      "coin_id": 1345,
      "symbol": "ZENUSDT",
      "status": "completed",
      "analysis": {
        "current_price": 7.849,
        "rsi": 72.43589743589745,
        "macd": 0.028760123275473504,
        "ma_7": 7.831285714285714,
        "ma_25": 7.79348,
        "volume": 699.68,
        "price_change": 0.008000000000000007,
        "signal": "BUY",
        "confidence": 0.8,
        "price_change_percent": 0.10202780257620211,
        "reason": "روند صعودی قوی"
      },
      "saved": false,
      "candles_analyzed": 50
    },
    {
      "coin_id": 2001,
      "symbol": "SCRUSDT",
      "status": "completed",
      "analysis": {
        "current_price": 0.071,
        "rsi": 50.0,
        "macd": 0.00010212041843890574,
        "ma_7": 0.07114285714285713,
        "ma_25": 0.07111999999999999,
        "volume": 0.0,
        "price_change": 0.0,
        "signal": "HOLD",
        "confidence": 0.5,
        "price_change_percent": 0.0
      },
      "saved": false,
      "candles_analyzed": 50
    },
    {
      "coin_id": 1987,
      "symbol": "TOWNSUSDT",
      "status": "completed",
      "analysis": {
        "current_price": 0.00578,
        "rsi": 100.0,
        "macd": 1.5216459283041474e-05,
        "ma_7": 0.005758571428571428,
        "ma_25": 0.005733200000000001,
        "volume": 0.0,
        "price_change": 0.0,
        "signal": "BUY",
        "confidence": 0.8,
        "price_change_percent": 0.0,
        "reason": "روند صعودی قوی"
      },
      "saved": false,
      "candles_analyzed": 50
    },
    {
      "coin_id": 1175,
      "symbol": "PAXGUSDT",
      "status": "completed",
      "analysis": {
        "current_price": 4496.01,
        "rsi": 56.85164212910488,
        "macd": -0.0301985328351293,
        "ma_7": 4496.162857142857,
        "ma_25": 4495.8044,
        "volume": 4.1372,
        "price_change": 0.0,
        "signal": "HOLD",
        "confidence": 0.5,
        "price_change_percent": 0.0
      },
      "saved": false,
      "candles_analyzed": 50
    },
    {
      "coin_id": 1586,
      "symbol": "IOSTUSDT",
      "status": "completed",
      "analysis": {
        "current_price": 0.001642,
        "rsi": 84.61538461538449,
        "macd": 2.5335362356800843e-06,
        "ma_7": 0.0016401428571428572,
        "ma_25": 0.00163628,
        "volume": 21797.0,
        "price_change": 0.0,
        "signal": "BUY",
        "confidence": 0.8,
        "price_change_percent": 0.0,
        "reason": "روند صعودی قوی"
      },
      "saved": false,
      "candles_analyzed": 50
    },
    {
      "coin_id": 1451,
      "symbol": "SUSHIUSDT",
      "status": "completed",
      "analysis": {
        "current_price": 0.2893,
        "rsi": 79.99999999999926,
        "macd": 0.0003615580901154547,
        "ma_7": 0.2887,
        "ma_25": 0.287972,
        "volume": 3256.9,
        "price_change": 0.00019999999999997797,
        "signal": "BUY",
        "confidence": 0.8,
        "price_change_percent": 0.06918021445865719,
        "reason": "روند صعودی قوی"
      },
      "saved": false,
      "candles_analyzed": 50
    },
    {
      "coin_id": 1237,
      "symbol": "TIAUSDT",
      "status": "completed",
      "analysis": {
        "current_price": 0.449,
        "rsi": 68.62745098039271,
        "macd": 0.0009276353176854713,
        "ma_7": 0.4484142857142857,
        "ma_25": 0.44745599999999996,
        "volume": 3962.34,
        "price_change": 0.0,
        "signal": "BUY",
        "confidence": 0.7,
        "price_change_percent": 0.0,
        "reason": "روند صعودی قوی"
      },
      "saved": false,
      "candles_analyzed": 50
    },
    {
      "coin_id": 1866,
      "symbol": "ALCXUSDT",
      "status": "completed",
      "analysis": {
        "current_price": 7.66,
        "rsi": 64.44444444444443,
        "macd": 0.05567126473868278,
        "ma_7": 7.674285714285714,
        "ma_25": 7.5752,
        "volume": 53.1109,
        "price_change": -0.019999999999999574,
        "signal": "HOLD",
        "confidence": 0.5,
        "price_change_percent": -0.26041666666666113
      },
      "saved": false,
      "candles_analyzed": 50
    },
    {
      "coin_id": 1812,
      "symbol": "HOLOUSDT",
      "status": "completed",
      "analysis": {
        "current_price": 0.0713,
        "rsi": 91.66666666666647,
        "macd": 1.1393271607956779e-05,
        "ma_7": 0.07075714285714287,
        "ma_25": 0.070692,
        "volume": 111005.1,
        "price_change": 0.00020000000000000573,
        "signal": "BUY",
        "confidence": 0.8,
        "price_change_percent": 0.2812939521800362,
        "reason": "روند صعودی قوی"
      },
      "saved": false,
      "candles_analyzed": 50
    }
  ]
}