{
  "block_id": 5,
  "processed_at": "2025-12-25T14:59:52.887525",
  "execution_time_seconds": 0.281998,
  "total_coins": 33,
  "successful_coins": 30,
  "failed_coins": 3,
  "signals_generated": 14,
  "results": [
    {
      "coin_id": 1929,
      "symbol": "ALPINEUSDT",
      "status": "completed",
      "analysis": {
        "current_price": 0.575,
        "rsi": 60.0,
        "macd": -0.0005653171505858312,
        "ma_7": 0.5747142857142856,
        "ma_25": 0.57436,
        "volume": 0.0,
        "price_change": 0.0,
        "signal": "BUY",
        "confidence": 0.7,
        "price_change_percent": 0.0,
        "reason": "روند صعودی قوی"
      },
      "saved": false,
      "candles_analyzed": 50
    },
    {
      "coin_id": 1719,
      "symbol": "SAPIENUSDT",
      "status": "completed",
      "analysis": {
        "current_price": 0.117,
        "rsi": 35.00000000000048,
        "macd": -0.000452137329690544,
        "ma_7": 0.11675714285714286,
        "ma_25": 0.11738399999999999,
        "volume": 4191.6,
        "price_change": 0.0,
        "signal": "HOLD",
        "confidence": 0.5,
        "price_change_percent": 0.0
      },
      "saved": false,
      "candles_analyzed": 50
    },
    {
      "coin_id": 1857,
      "symbol": "OGNUSDT",
      "status": "completed",
      "analysis": {
        "current_price": 0.0296,
        "rsi": 50.0,
        "macd": -7.771365400111724e-05,
        "ma_7": 0.029614285714285715,
        "ma_25": 0.029716,
        "volume": 0.0,
        "price_change": 0.0,
        "signal": "SELL",
        "confidence": 0.7,
        "price_change_percent": 0.0,
        "reason": "روند نزولی قوی"
      },
      "saved": false,
      "candles_analyzed": 50
    },
    {
      "coin_id": 1942,
      "symbol": "MUBARAKUSDT",
      "status": "completed",
      "analysis": {
        "current_price": 0.01591,
        "rsi": 69.09090909090943,
        "macd": 6.195954888390393e-05,
        "ma_7": 0.01595,
        "ma_25": 0.0158148,
        "volume": 0.0,
        "price_change": 0.0,
        "signal": "HOLD",
        "confidence": 0.5,
        "price_change_percent": 0.0
      },
      "saved": false,
      "candles_analyzed": 50
    },
    {
      "coin_id": 1874,
      "symbol": "MBXUSDT",
      "status": "failed",
      "reason": "no_data"
    },
    {
      "coin_id": 1378,
      "symbol": "TURBOUSDT",
      "status": "completed",
      "analysis": {
        "current_price": 0.001653,
        "rsi": 63.88888888888892,
        "macd": 2.040619479886036e-06,
        "ma_7": 0.001652,
        "ma_25": 0.0016463600000000001,
        "volume": 995100.0,
        "price_change": 9.999999999999159e-07,
        "signal": "BUY",
        "confidence": 0.7,
        "price_change_percent": 0.060532687651326626,
        "reason": "روند صعودی قوی"
      },
      "saved": false,
      "candles_analyzed": 50
    },
    {
      "coin_id": 1509,
      "symbol": "REDUSDT",
      "status": "completed",
      "analysis": {
        "current_price": 0.2094,
        "rsi": 52.70270270270277,
        "macd": -0.0003728285103405393,
        "ma_7": 0.20842857142857144,
        "ma_25": 0.208964,
        "volume": 572.9,
        "price_change": 0.0007999999999999952,
        "signal": "HOLD",
        "confidence": 0.5,
        "price_change_percent": 0.3835091083413208
      },
      "saved": false,
      "candles_analyzed": 50
    },
    {
      "coin_id": 1226,
      "symbol": "XTZUSDT",
      "status": "completed",
      "analysis": {
        "current_price": 0.431,
        "rsi": 61.24999999999987,
        "macd": 5.1211730962452684e-05,
        "ma_7": 0.4302428571428572,
        "ma_25": 0.429492,
        "volume": 2474.6,
        "price_change": 0.0005999999999999894,
        "signal": "BUY",
        "confidence": 0.7,
        "price_change_percent": 0.13940520446096408,
        "reason": "روند صعودی قوی"
      },
      "saved": false,
      "candles_analyzed": 50
    },
    {
      "coin_id": 1800,
      "symbol": "PARTIUSDT",
      "status": "completed",
      "analysis": {
        "current_price": 0.097,
        "rsi": 50.0,
        "macd": -0.0002534358504146239,
        "ma_7": 0.09684285714285713,
        "ma_25": 0.09701599999999999,
        "volume": 52961.4,
        "price_change": 0.00020000000000000573,
        "signal": "HOLD",
        "confidence": 0.5,
        "price_change_percent": 0.2066115702479398
      },
      "saved": false,
      "candles_analyzed": 50
    },
    {
      "coin_id": 1528,
      "symbol": "HOMEUSDT",
      "status": "completed",
      "analysis": {
        "current_price": 0.01893,
        "rsi": 28.8888888888892,
        "macd": -7.980241651836528e-05,
        "ma_7": 0.01899,
        "ma_25": 0.0190968,
        "volume": 275187.0,
        "price_change": -9.999999999999593e-06,
        "signal": "SELL",
        "confidence": 0.8,
        "price_change_percent": -0.052798310454063316,
        "reason": "روند نزولی قوی"
      },
      "saved": false,
      "candles_analyzed": 50
    },
    {
      "coin_id": 1938,
      "symbol": "SUSDT",
      "status": "completed",
      "analysis": {
        "current_price": 0.0694,
        "rsi": 56.521739130434945,
        "macd": 0.00029690633367256136,
        "ma_7": 0.06945714285714286,
        "ma_25": 0.069116,
        "volume": 100232.1,
        "price_change": -0.00010000000000000286,
        "signal": "HOLD",
        "confidence": 0.5,
        "price_change_percent": -0.14388489208633504
      },
      "saved": false,
      "candles_analyzed": 50
    },
    {
      "coin_id": 1135,
      "symbol": "BCHUSDT",
      "status": "completed",
      "analysis": {
        "current_price": 571.5,
        "rsi": 52.08333333333316,
        "macd": -0.2609155531226861,
        "ma_7": 571.2714285714286,
        "ma_25": 571.428,
        "volume": 80.149,
        "price_change": -1.6000000000000227,
        "signal": "HOLD",
        "confidence": 0.5,
        "price_change_percent": -0.27918338858838293
      },
      "saved": false,
      "candles_analyzed": 50
    },
    {
      "coin_id": 1598,
      "symbol": "BNTUSDT",
      "status": "completed",
      "analysis": {
        "current_price": 0.4029,
        "rsi": 55.81395348837221,
        "macd": -0.00039168943404627177,
        "ma_7": 0.40214285714285714,
        "ma_25": 0.40253999999999995,
        "volume": 0.0,
        "price_change": 0.0,
        "signal": "HOLD",
        "confidence": 0.5,
        "price_change_percent": 0.0
      },
      "saved": false,
      "candles_analyzed": 50
    },
    {
      "coin_id": 1260,
      "symbol": "BATUSDT",
      "status": "completed",
      "analysis": {
        "current_price": 0.2022,
        "rsi": 47.499999999999915,
        "macd": 0.0004501542125152358,
        "ma_7": 0.20208571428571426,
        "ma_25": 0.20139600000000002,
        "volume": 10122.0,
        "price_change": 0.0002999999999999947,
        "signal": "BUY",
        "confidence": 0.7,
        "price_change_percent": 0.14858841010400928,
        "reason": "روند صعودی قوی"
      },
      "saved": false,
      "candles_analyzed": 50
    },
    {
      "coin_id": 1894,
      "symbol": "NOSUSDT",
      "status": "failed",
      "reason": "no_data"
    },
    {
      "coin_id": 1731,
      "symbol": "MAGICUSDT",
      "status": "completed",
      "analysis": {
        "current_price": 0.0965,
        "rsi": 57.69230769230771,
        "macd": -0.0003690213448923757,
        "ma_7": 0.09654285714285715,
        "ma_25": 0.096884,
        "volume": 11134.8,
        "price_change": 0.0,
        "signal": "SELL",
        "confidence": 0.7,
        "price_change_percent": 0.0,
        "reason": "روند نزولی قوی"
      },
      "saved": false,
      "candles_analyzed": 50
    },
    {
      "coin_id": 1225,
      "symbol": "ETHFIUSDT",
      "status": "completed",
      "analysis": {
        "current_price": 0.678,
        "rsi": 38.46153846153846,
        "macd": -0.00047670954770751006,
        "ma_7": 0.6787142857142857,
        "ma_25": 0.6798400000000001,
        "volume": 9051.0,
        "price_change": 0.0,
        "signal": "SELL",
        "confidence": 0.7,
        "price_change_percent": 0.0,
        "reason": "روند نزولی قوی"
      },
      "saved": false,
      "candles_analyzed": 50
    },
    {
      "coin_id": 1778,
      "symbol": "BANANAUSDT",
      "status": "completed",
      "analysis": {
        "current_price": 5.99,
        "rsi": 50.0,
        "macd": 0.002024336403035676,
        "ma_7": 5.99,
        "ma_25": 5.982,
        "volume": 0.0,
        "price_change": 0.0,
        "signal": "HOLD",
        "confidence": 0.5,
        "price_change_percent": 0.0
      },
      "saved": false,
      "candles_analyzed": 50
    },
    {
      "coin_id": 2006,
      "symbol": "NTRNUSDT",
      "status": "completed",
      "analysis": {
        "current_price": 0.0242,
        "rsi": 60.0,
        "macd": -5.4302023280945744e-05,
        "ma_7": 0.02392857142857143,
        "ma_25": 0.024024,
        "volume": 43718.5,
        "price_change": 0.0001999999999999988,
        "signal": "HOLD",
        "confidence": 0.5,
        "price_change_percent": 0.8333333333333283
      },
      "saved": false,
      "candles_analyzed": 50
    },
    {
      "coin_id": 1721,
      "symbol": "MTLUSDT",
      "status": "completed",
      "analysis": {
        "current_price": 0.338,
        "rsi": 0.0,
        "macd": -0.00022739760141698984,
        "ma_7": 0.338,
        "ma_25": 0.33840000000000003,
        "volume": 0.0,
        "price_change": 0.0,
        "signal": "HOLD",
        "confidence": 0.5,
        "price_change_percent": 0.0
      },
      "saved": false,
      "candles_analyzed": 50
    },
    {
      "coin_id": 2019,
      "symbol": "VICUSDT",
      "status": "completed",
      "analysis": {
        "current_price": 0.0877,
        "rsi": 58.33333333333329,
        "macd": 0.0003653654179052168,
        "ma_7": 0.08789999999999999,
        "ma_25": 0.087392,
        "volume": 61766.14,
        "price_change": -0.0005000000000000004,
        "signal": "HOLD",
        "confidence": 0.5,
        "price_change_percent": -0.5668934240362817
      },
      "saved": false,
      "candles_analyzed": 50
    },
    {
      "coin_id": 1906,
      "symbol": "GPSUSDT",
      "status": "completed",
      "analysis": {
        "current_price": 0.00471,
        "rsi": 50.0,
        "macd": -5.215304517754149e-06,
        "ma_7": 0.004707142857142857,
        "ma_25": 0.0047132,
        "volume": 0.0,
        "price_change": 0.0,
        "signal": "HOLD",
        "confidence": 0.5,
        "price_change_percent": 0.0
      },
      "saved": false,
      "candles_analyzed": 50
    },
    {
      "coin_id": 2007,
      "symbol": "BELUSDT",
      "status": "completed",
      "analysis": {
        "current_price": 0.1211,
        "rsi": 43.58974358974361,
        "macd": -0.0004113280681669329,
        "ma_7": 0.12121428571428572,
        "ma_25": 0.121596,
        "volume": 1980.0,
        "price_change": -0.00020000000000000573,
        "signal": "SELL",
        "confidence": 0.7,
        "price_change_percent": -0.16488046166529738,
        "reason": "روند نزولی قوی"
      },
      "saved": false,
      "candles_analyzed": 50
    },
    {
      "coin_id": 1533,
      "symbol": "ARDRUSDT",
      "status": "completed",
      "analysis": {
        "current_price": 0.05747,
        "rsi": 67.19999999999979,
        "macd": 6.459931165557486e-05,
        "ma_7": 0.05750142857142858,
        "ma_25": 0.05733919999999999,
        "volume": 0.0,
        "price_change": 0.0,
        "signal": "HOLD",
        "confidence": 0.5,
        "price_change_percent": 0.0
      },
      "saved": false,
      "candles_analyzed": 50
    },
    {
      "coin_id": 1162,
      "symbol": "OKBUSDT",
      "status": "failed",
      "reason": "no_data"
    },
    {
      "coin_id": 1735,
      "symbol": "DYMUSDT",
      "status": "completed",
      "analysis": {
        "current_price": 0.0663,
        "rsi": 59.999999999999446,
        "macd": -2.0201639260419846e-05,
        "ma_7": 0.06637142857142857,
        "ma_25": 0.066328,
        "volume": 100.8,
        "price_change": -0.00010000000000000286,
        "signal": "HOLD",
        "confidence": 0.5,
        "price_change_percent": -0.15060240963855853
      },
      "saved": false,
      "candles_analyzed": 50
    },
    {
      "coin_id": 1143,
      "symbol": "LTCUSDT",
      "status": "completed",
      "analysis": {
        "current_price": 75.89,
        "rsi": 73.0434782608695,
        "macd": 0.02227498240618786,
        "ma_7": 75.77857142857144,
        "ma_25": 75.62679999999999,
        "volume": 236.317,
        "price_change": 0.09000000000000341,
        "signal": "BUY",
        "confidence": 0.8,
        "price_change_percent": 0.118733509234833,
        "reason": "روند صعودی قوی"
      },
      "saved": false,
      "candles_analyzed": 50
    },
    {
      "coin_id": 1177,
      "symbol": "SKYUSDT",
      "status": "completed",
      "analysis": {
        "current_price": 0.06692,
        "rsi": 87.02290076335936,
        "macd": 0.0002640001989878682,
        "ma_7": 0.06662714285714286,
        "ma_25": 0.0661164,
        "volume": 38196.0,
        "price_change": 0.00020999999999998797,
        "signal": "BUY",
        "confidence": 0.8,
        "price_change_percent": 0.31479538300103127,
        "reason": "روند صعودی قوی"
      },
      "saved": false,
      "candles_analyzed": 50
    },
    {
      "coin_id": 1301,
      "symbol": "GLMUSDT",
      "status": "completed",
      "analysis": {
        "current_price": 0.2034,
        "rsi": 36.84210526315771,
        "macd": -0.0002864939970351199,
        "ma_7": 0.20331428571428573,
        "ma_25": 0.204116,
        "volume": 0.0,
        "price_change": 0.0,
        "signal": "HOLD",
        "confidence": 0.5,
        "price_change_percent": 0.0
      },
      "saved": false,
      "candles_analyzed": 50
    },
    {
      "coin_id": 2023,
      "symbol": "SYSUSDT",
      "status": "completed",
      "analysis": {
        "current_price": 0.01697,
        "rsi": 47.058823529411285,
        "macd": -2.816853228521099e-05,
        "ma_7": 0.01695,
        "ma_25": 0.0169988,
        "volume": 54258.0,
        "price_change": 0.0,
        "signal": "HOLD",
        "confidence": 0.5,
        "price_change_percent": 0.0
      },
      "saved": false,
      "candles_analyzed": 50
    },
    {
      "coin_id": 1952,
      "symbol": "ATMUSDT",
      "status": "completed",
      "analysis": {
        "current_price": 0.923,
        "rsi": 64.28571428571428,
        "macd": 0.0004733919120640806,
        "ma_7": 0.9225714285714286,
        "ma_25": 0.9205599999999999,
        "volume": 118.59,
        "price_change": 0.0020000000000000018,
        "signal": "BUY",
        "confidence": 0.7,
        "price_change_percent": 0.21715526601520105,
        "reason": "روند صعودی قوی"
      },
      "saved": false,
      "candles_analyzed": 50
    },
    {
      "coin_id": 1141,
      "symbol": "XLMUSDT",
      "status": "completed",
      "analysis": {
        "current_price": 0.2145,
        "rsi": 55.17241379310328,
        "macd": 9.827773991005762e-05,
        "ma_7": 0.2143142857142857,
        "ma_25": 0.21409199999999998,
        "volume": 15331.0,
        "price_change": 0.0,
        "signal": "BUY",
        "confidence": 0.7,
        "price_change_percent": 0.0,
        "reason": "روند صعودی قوی"
      },
      "saved": false,
      "candles_analyzed": 50
    },
    {
      "coin_id": 1284,
      "symbol": "RAYUSDT",
      "status": "completed",
      "analysis": {
        "current_price": 0.896,
        "rsi": 77.77777777777777,
        "macd": 0.0014479596707545062,
        "ma_7": 0.8938571428571429,
        "ma_25": 0.89132,
        "volume": 0.0,
        "price_change": 0.0,
        "signal": "BUY",
        "confidence": 0.8,
        "price_change_percent": 0.0,
        "reason": "روند صعودی قوی"
      },
      "saved": false,
      "candles_analyzed": 50
    }
  ]
}