{
  "block_id": 14,
  "processed_at": "2025-12-24T15:16:58.665429",
  "execution_time_seconds": 0.202767,
  "total_coins": 23,
  "successful_coins": 23,
  "failed_coins": 0,
  "signals_generated": 6,
  "results": [
    {
      "coin_id": 1175,
      "symbol": "PAXGUSDT",
      "status": "completed",
      "analysis": {
        "current_price": 4506.85,
        "rsi": null,
        "macd": null,
        "ma_7": null,
        "ma_25": null,
        "volume": 0.3293,
        "price_change": 0.3500000000003638,
        "signal": "HOLD",
        "confidence": 0.5,
        "price_change_percent": 0.0077665594141875915
      },
      "saved": false,
      "candles_analyzed": 50
    },
    {
      "coin_id": 1658,
      "symbol": "METISUSDT",
      "status": "completed",
      "analysis": {
        "current_price": 5.34,
        "rsi": 55.0,
        "macd": null,
        "ma_7": 5.344285714285713,
        "ma_25": 5.3244,
        "volume": 2.388,
        "price_change": 0.0,
        "signal": "HOLD",
        "confidence": 0.5,
        "price_change_percent": 0.0
      },
      "saved": false,
      "candles_analyzed": 50
    },
    {
      "coin_id": 1246,
      "symbol": "ENSUSDT",
      "status": "completed",
      "analysis": {
        "current_price": 9.3,
        "rsi": null,
        "macd": null,
        "ma_7": null,
        "ma_25": null,
        "volume": 31.88,
        "price_change": -0.009999999999999787,
        "signal": "HOLD",
        "confidence": 0.5,
        "price_change_percent": -0.10741138560687202
      },
      "saved": false,
      "candles_analyzed": 50
    },
    {
      "coin_id": 1785,
      "symbol": "COOKIEUSDT",
      "status": "completed",
      "analysis": {
        "current_price": 0.0389,
        "rsi": 55.0,
        "macd": null,
        "ma_7": 0.03882857142857143,
        "ma_25": 0.0387,
        "volume": 0.0,
        "price_change": 0.0,
        "signal": "BUY",
        "confidence": 0.7,
        "price_change_percent": 0.0,
        "reason": "روند صعودی قوی"
      },
      "saved": false,
      "candles_analyzed": 50
    },
    {
      "coin_id": 1991,
      "symbol": "ARPAUSDT",
      "status": "completed",
      "analysis": {
        "current_price": 0.01215,
        "rsi": null,
        "macd": null,
        "ma_7": null,
        "ma_25": null,
        "volume": 0.0,
        "price_change": 0.0,
        "signal": "HOLD",
        "confidence": 0.5,
        "price_change_percent": 0.0
      },
      "saved": false,
      "candles_analyzed": 50
    },
    {
      "coin_id": 1672,
      "symbol": "ONGUSDT",
      "status": "completed",
      "analysis": {
        "current_price": 0.0809,
        "rsi": 55.0,
        "macd": null,
        "ma_7": 0.08085714285714285,
        "ma_25": 0.08081599999999999,
        "volume": 0.0,
        "price_change": 0.0,
        "signal": "BUY",
        "confidence": 0.7,
        "price_change_percent": 0.0,
        "reason": "روند صعودی قوی"
      },
      "saved": false,
      "candles_analyzed": 50
    },
    {
      "coin_id": 1936,
      "symbol": "TSTUSDT",
      "status": "completed",
      "analysis": {
        "current_price": 0.01903,
        "rsi": null,
        "macd": null,
        "ma_7": null,
        "ma_25": null,
        "volume": 415889.5,
        "price_change": 5.9999999999997555e-05,
        "signal": "HOLD",
        "confidence": 0.5,
        "price_change_percent": 0.3162888771744731
      },
      "saved": false,
      "candles_analyzed": 50
    },
    {
      "coin_id": 1954,
      "symbol": "ACMUSDT",
      "status": "completed",
      "analysis": {
        "current_price": 0.51,
        "rsi": 55.0,
        "macd": null,
        "ma_7": 0.5111428571428572,
        "ma_25": 0.51108,
        "volume": 20.4,
        "price_change": -0.0020000000000000018,
        "signal": "HOLD",
        "confidence": 0.5,
        "price_change_percent": -0.39062500000000033
      },
      "saved": false,
      "candles_analyzed": 50
    },
    {
      "coin_id": 1213,
      "symbol": "PENGUUSDT",
      "status": "completed",
      "analysis": {
        "current_price": 0.008695,
        "rsi": null,
        "macd": null,
        "ma_7": null,
        "ma_25": null,
        "volume": 3034074.0,
        "price_change": 7.000000000000062e-06,
        "signal": "HOLD",
        "confidence": 0.5,
        "price_change_percent": 0.08057090239410752
      },
      "saved": false,
      "candles_analyzed": 50
    },
    {
      "coin_id": 1929,
      "symbol": "ALPINEUSDT",
      "status": "completed",
      "analysis": {
        "current_price": 0.575,
        "rsi": null,
        "macd": null,
        "ma_7": null,
        "ma_25": null,
        "volume": 0.0,
        "price_change": 0.0,
        "signal": "HOLD",
        "confidence": 0.5,
        "price_change_percent": 0.0
      },
      "saved": false,
      "candles_analyzed": 50
    },
    {
      "coin_id": 1908,
      "symbol": "RAREUSDT",
      "status": "completed",
      "analysis": {
        "current_price": 0.0215,
        "rsi": 55.0,
        "macd": null,
        "ma_7": 0.022042857142857142,
        "ma_25": 0.0223,
        "volume": 990566.9,
        "price_change": -0.00010000000000000286,
        "signal": "SELL",
        "confidence": 0.7,
        "price_change_percent": -0.46296296296297623,
        "reason": "روند نزولی قوی"
      },
      "saved": false,
      "candles_analyzed": 50
    },
    {
      "coin_id": 2001,
      "symbol": "SCRUSDT",
      "status": "completed",
      "analysis": {
        "current_price": 0.069,
        "rsi": 55.0,
        "macd": null,
        "ma_7": 0.0692857142857143,
        "ma_25": 0.06951999999999998,
        "volume": 0.0,
        "price_change": 0.0,
        "signal": "SELL",
        "confidence": 0.7,
        "price_change_percent": 0.0,
        "reason": "روند نزولی قوی"
      },
      "saved": false,
      "candles_analyzed": 50
    },
    {
      "coin_id": 1614,
      "symbol": "OPENUSDT",
      "status": "completed",
      "analysis": {
        "current_price": 0.1644,
        "rsi": 55.0,
        "macd": null,
        "ma_7": 0.16430000000000003,
        "ma_25": 0.163828,
        "volume": 1689.6,
        "price_change": 9.999999999998899e-05,
        "signal": "BUY",
        "confidence": 0.7,
        "price_change_percent": 0.06086427267193487,
        "reason": "روند صعودی قوی"
      },
      "saved": false,
      "candles_analyzed": 50
    },
    {
      "coin_id": 2026,
      "symbol": "IDEXUSDT",
      "status": "completed",
      "analysis": {
        "current_price": 0.01,
        "rsi": 55.0,
        "macd": null,
        "ma_7": 0.010015714285714286,
        "ma_25": 0.0100304,
        "volume": 6469.1,
        "price_change": -1.9999999999999185e-05,
        "signal": "SELL",
        "confidence": 0.7,
        "price_change_percent": -0.19960079840318548,
        "reason": "روند نزولی قوی"
      },
      "saved": false,
      "candles_analyzed": 50
    },
    {
      "coin_id": 1562,
      "symbol": "BABYUSDT",
      "status": "completed",
      "analysis": {
        "current_price": 0.01623,
        "rsi": 55.0,
        "macd": null,
        "ma_7": 0.01623428571428571,
        "ma_25": 0.0162008,
        "volume": 3291.0,
        "price_change": -2.9999999999998778e-05,
        "signal": "HOLD",
        "confidence": 0.5,
        "price_change_percent": -0.18450184501844266
      },
      "saved": false,
      "candles_analyzed": 50
    },
    {
      "coin_id": 1343,
      "symbol": "AXSUSDT",
      "status": "completed",
      "analysis": {
        "current_price": 0.834,
        "rsi": null,
        "macd": null,
        "ma_7": null,
        "ma_25": null,
        "volume": 3811.96,
        "price_change": 0.0,
        "signal": "HOLD",
        "confidence": 0.5,
        "price_change_percent": 0.0
      },
      "saved": false,
      "candles_analyzed": 50
    },
    {
      "coin_id": 1910,
      "symbol": "STORJUSDT",
      "status": "completed",
      "analysis": {
        "current_price": 0.1117,
        "rsi": 55.0,
        "macd": null,
        "ma_7": 0.1115857142857143,
        "ma_25": 0.111624,
        "volume": 3222.0,
        "price_change": 9.999999999998899e-05,
        "signal": "HOLD",
        "confidence": 0.5,
        "price_change_percent": 0.08960573476701521
      },
      "saved": false,
      "candles_analyzed": 50
    },
    {
      "coin_id": 1390,
      "symbol": "AWEUSDT",
      "status": "completed",
      "analysis": {
        "current_price": 0.05625,
        "rsi": 55.0,
        "macd": null,
        "ma_7": 0.056271428571428576,
        "ma_25": 0.056162000000000004,
        "volume": 808.0,
        "price_change": -1.9999999999999185e-05,
        "signal": "HOLD",
        "confidence": 0.5,
        "price_change_percent": -0.03554291807357239
      },
      "saved": false,
      "candles_analyzed": 50
    },
    {
      "coin_id": 1977,
      "symbol": "VANRYUSDT",
      "status": "completed",
      "analysis": {
        "current_price": 0.0076,
        "rsi": 55.0,
        "macd": null,
        "ma_7": 0.007614285714285714,
        "ma_25": 0.007603999999999999,
        "volume": 7757.0,
        "price_change": -0.00010000000000000026,
        "signal": "HOLD",
        "confidence": 0.5,
        "price_change_percent": -1.298701298701302
      },
      "saved": false,
      "candles_analyzed": 50
    },
    {
      "coin_id": 1132,
      "symbol": "DOGEUSDT",
      "status": "completed",
      "analysis": {
        "current_price": 0.12773,
        "rsi": null,
        "macd": null,
        "ma_7": null,
        "ma_25": null,
        "volume": 220462.0,
        "price_change": -5.999999999997674e-05,
        "signal": "HOLD",
        "confidence": 0.5,
        "price_change_percent": -0.04695203067530851
      },
      "saved": false,
      "candles_analyzed": 50
    },
    {
      "coin_id": 1512,
      "symbol": "SXTUSDT",
      "status": "completed",
      "analysis": {
        "current_price": 0.025,
        "rsi": 55.0,
        "macd": null,
        "ma_7": 0.024942857142857138,
        "ma_25": 0.024952000000000002,
        "volume": 0.0,
        "price_change": 0.0,
        "signal": "HOLD",
        "confidence": 0.5,
        "price_change_percent": 0.0
      },
      "saved": false,
      "candles_analyzed": 50
    },
    {
      "coin_id": 1998,
      "symbol": "SHELLUSDT",
      "status": "completed",
      "analysis": {
        "current_price": 0.0434,
        "rsi": 55.0,
        "macd": null,
        "ma_7": 0.04348571428571428,
        "ma_25": 0.04308000000000001,
        "volume": 0.0,
        "price_change": 0.0,
        "signal": "HOLD",
        "confidence": 0.5,
        "price_change_percent": 0.0
      },
      "saved": false,
      "candles_analyzed": 50
    },
    {
      "coin_id": 1364,
      "symbol": "FORMUSDT",
      "status": "completed",
      "analysis": {
        "current_price": 0.3328,
        "rsi": null,
        "macd": null,
        "ma_7": null,
        "ma_25": null,
        "volume": 424.6,
        "price_change": 0.0,
        "signal": "HOLD",
        "confidence": 0.5,
        "price_change_percent": 0.0
      },
      "saved": false,
      "candles_analyzed": 50
    }
  ]
}