{
  "block_id": 1,
  "processed_at": "2025-12-25T14:58:03.230314",
  "execution_time_seconds": 0.519,
  "total_coins": 50,
  "successful_coins": 46,
  "failed_coins": 4,
  "signals_generated": 22,
  "results": [
    {
      "coin_id": 1991,
      "symbol": "ARPAUSDT",
      "status": "completed",
      "analysis": {
        "current_price": 0.01229,
        "rsi": 66.66666666666666,
        "macd": 2.678054607813292e-05,
        "ma_7": 0.012291428571428573,
        "ma_25": 0.012249600000000001,
        "volume": 50236.0,
        "price_change": -9.999999999999593e-06,
        "signal": "HOLD",
        "confidence": 0.5,
        "price_change_percent": -0.08130081300812676
      },
      "saved": false,
      "candles_analyzed": 50
    },
    {
      "coin_id": 1902,
      "symbol": "INUSDT",
      "status": "failed",
      "reason": "no_data"
    },
    {
      "coin_id": 1985,
      "symbol": "ACAUSDT",
      "status": "completed",
      "analysis": {
        "current_price": 0.0095,
        "rsi": 57.14285714285714,
        "macd": 1.4800669210716932e-05,
        "ma_7": 0.009528571428571428,
        "ma_25": 0.009492,
        "volume": 0.0,
        "price_change": 0.0,
        "signal": "HOLD",
        "confidence": 0.5,
        "price_change_percent": 0.0
      },
      "saved": false,
      "candles_analyzed": 50
    },
    {
      "coin_id": 1629,
      "symbol": "CTKUSDT",
      "status": "completed",
      "analysis": {
        "current_price": 0.2692,
        "rsi": 77.0833333333334,
        "macd": 0.0006665917936810595,
        "ma_7": 0.26815714285714287,
        "ma_25": 0.266764,
        "volume": 0.0,
        "price_change": 0.0,
        "signal": "BUY",
        "confidence": 0.8,
        "price_change_percent": 0.0,
        "reason": "روند صعودی قوی"
      },
      "saved": false,
      "candles_analyzed": 50
    },
    {
      "coin_id": 1423,
      "symbol": "ZILUSDT",
      "status": "completed",
      "analysis": {
        "current_price": 0.00454,
        "rsi": 66.66666666666569,
        "macd": 8.860918841589911e-06,
        "ma_7": 0.004541428571428571,
        "ma_25": 0.004524,
        "volume": 55958.8,
        "price_change": -1.000000000000046e-05,
        "signal": "HOLD",
        "confidence": 0.5,
        "price_change_percent": -0.21978021978022988
      },
      "saved": false,
      "candles_analyzed": 50
    },
    {
      "coin_id": 1960,
      "symbol": "AUSDT",
      "status": "completed",
      "analysis": {
        "current_price": 0.1618,
        "rsi": 64.70588235294184,
        "macd": 0.00015571158218527503,
        "ma_7": 0.1617142857142857,
        "ma_25": 0.161368,
        "volume": 197.9,
        "price_change": 0.0,
        "signal": "BUY",
        "confidence": 0.7,
        "price_change_percent": 0.0,
        "reason": "روند صعودی قوی"
      },
      "saved": false,
      "candles_analyzed": 50
    },
    {
      "coin_id": 1910,
      "symbol": "STORJUSDT",
      "status": "completed",
      "analysis": {
        "current_price": 0.1129,
        "rsi": 66.66666666666615,
        "macd": 0.00012537059759785973,
        "ma_7": 0.11291428571428572,
        "ma_25": 0.11265599999999999,
        "volume": 967.0,
        "price_change": 0.0,
        "signal": "HOLD",
        "confidence": 0.5,
        "price_change_percent": 0.0
      },
      "saved": false,
      "candles_analyzed": 50
    },
    {
      "coin_id": 1364,
      "symbol": "FORMUSDT",
      "status": "completed",
      "analysis": {
        "current_price": 0.3325,
        "rsi": 67.44186046511663,
        "macd": 0.00023795419357802716,
        "ma_7": 0.33212857142857144,
        "ma_25": 0.331672,
        "volume": 235.2,
        "price_change": 0.00020000000000003348,
        "signal": "BUY",
        "confidence": 0.7,
        "price_change_percent": 0.060186578393028434,
        "reason": "روند صعودی قوی"
      },
      "saved": false,
      "candles_analyzed": 50
    },
    {
      "coin_id": 1750,
      "symbol": "QKCUSDT",
      "status": "completed",
      "analysis": {
        "current_price": 0.003928,
        "rsi": 65.7894736842104,
        "macd": 4.3055140192599026e-06,
        "ma_7": 0.003924142857142857,
        "ma_25": 0.00391612,
        "volume": 21411.0,
        "price_change": 3.000000000000398e-06,
        "signal": "BUY",
        "confidence": 0.7,
        "price_change_percent": 0.07643312101911842,
        "reason": "روند صعودی قوی"
      },
      "saved": false,
      "candles_analyzed": 50
    },
    {
      "coin_id": 1603,
      "symbol": "LSKUSDT",
      "status": "completed",
      "analysis": {
        "current_price": 0.196,
        "rsi": 33.33333333333333,
        "macd": -3.7584433937865036e-05,
        "ma_7": 0.1967142857142857,
        "ma_25": 0.19708000000000003,
        "volume": 0.0,
        "price_change": 0.0,
        "signal": "SELL",
        "confidence": 0.7,
        "price_change_percent": 0.0,
        "reason": "روند نزولی قوی"
      },
      "saved": false,
      "candles_analyzed": 50
    },
    {
      "coin_id": 1529,
      "symbol": "BICOUSDT",
      "status": "completed",
      "analysis": {
        "current_price": 0.0418,
        "rsi": 50.0,
        "macd": 5.612957592711354e-05,
        "ma_7": 0.0418,
        "ma_25": 0.04172,
        "volume": 0.0,
        "price_change": 0.0,
        "signal": "HOLD",
        "confidence": 0.5,
        "price_change_percent": 0.0
      },
      "saved": false,
      "candles_analyzed": 50
    },
    {
      "coin_id": 1181,
      "symbol": "BFUSDUSDT",
      "status": "completed",
      "analysis": {
        "current_price": 0.9994,
        "rsi": 42.857142857142854,
        "macd": -3.0645137227836017e-06,
        "ma_7": 0.9994714285714286,
        "ma_25": 0.999476,
        "volume": 4677.0,
        "price_change": -0.00010000000000010001,
        "signal": "SELL",
        "confidence": 0.7,
        "price_change_percent": -0.010005002501260631,
        "reason": "روند نزولی قوی"
      },
      "saved": false,
      "candles_analyzed": 50
    },
    {
      "coin_id": 1268,
      "symbol": "GALAUSDT",
      "status": "completed",
      "analysis": {
        "current_price": 0.00611,
        "rsi": 57.14285714285697,
        "macd": 8.558284585644636e-06,
        "ma_7": 0.006112857142857143,
        "ma_25": 0.0060976,
        "volume": 224021.0,
        "price_change": 0.0,
        "signal": "HOLD",
        "confidence": 0.5,
        "price_change_percent": 0.0
      },
      "saved": false,
      "candles_analyzed": 50
    },
    {
      "coin_id": 1354,
      "symbol": "QTUMUSDT",
      "status": "completed",
      "analysis": {
        "current_price": 1.248,
        "rsi": 55.00000000000006,
        "macd": 0.0010446382728337422,
        "ma_7": 1.2484285714285714,
        "ma_25": 1.2462,
        "volume": 315.5,
        "price_change": -0.001000000000000112,
        "signal": "HOLD",
        "confidence": 0.5,
        "price_change_percent": -0.08006405124100174
      },
      "saved": false,
      "candles_analyzed": 50
    },
    {
      "coin_id": 2031,
      "symbol": "FIOUSDT",
      "status": "completed",
      "analysis": {
        "current_price": 0.01199,
        "rsi": 78.57142857142838,
        "macd": 2.3960819868775254e-05,
        "ma_7": 0.01198857142857143,
        "ma_25": 0.011944000000000001,
        "volume": 0.0,
        "price_change": 0.0,
        "signal": "BUY",
        "confidence": 0.8,
        "price_change_percent": 0.0,
        "reason": "روند صعودی قوی"
      },
      "saved": false,
      "candles_analyzed": 50
    },
    {
      "coin_id": 1305,
      "symbol": "WALUSDT",
      "status": "completed",
      "analysis": {
        "current_price": 0.119,
        "rsi": 70.00000000000014,
        "macd": 0.00011509195559065988,
        "ma_7": 0.11902857142857144,
        "ma_25": 0.11886799999999999,
        "volume": 0.0,
        "price_change": 0.0,
        "signal": "SELL",
        "confidence": 0.8,
        "price_change_percent": 0.0,
        "reason": "RSI اشباع خرید"
      },
      "saved": false,
      "candles_analyzed": 50
    },
    {
      "coin_id": 2039,
      "symbol": "GTCUSDT",
      "status": "completed",
      "analysis": {
        "current_price": 0.128,
        "rsi": 50.0,
        "macd": 0.0001308340905304961,
        "ma_7": 0.128,
        "ma_25": 0.12775999999999998,
        "volume": 0.0,
        "price_change": 0.0,
        "signal": "HOLD",
        "confidence": 0.5,
        "price_change_percent": 0.0
      },
      "saved": false,
      "candles_analyzed": 50
    },
    {
      "coin_id": 1387,
      "symbol": "RVNUSDT",
      "status": "completed",
      "analysis": {
        "current_price": 0.00684,
        "rsi": 58.33333333333339,
        "macd": 9.157970576276556e-06,
        "ma_7": 0.006835714285714285,
        "ma_25": 0.0068228,
        "volume": 3450.0,
        "price_change": 9.999999999999593e-06,
        "signal": "BUY",
        "confidence": 0.7,
        "price_change_percent": 0.1464128843338154,
        "reason": "روند صعودی قوی"
      },
      "saved": false,
      "candles_analyzed": 50
    },
    {
      "coin_id": 1457,
      "symbol": "XVGUSDT",
      "status": "completed",
      "analysis": {
        "current_price": 0.004883,
        "rsi": 71.71717171717214,
        "macd": 1.1584604013588524e-05,
        "ma_7": 0.004873857142857143,
        "ma_25": 0.00484656,
        "volume": 7760.0,
        "price_change": 4.000000000000531e-06,
        "signal": "BUY",
        "confidence": 0.8,
        "price_change_percent": 0.08198401311745299,
        "reason": "روند صعودی قوی"
      },
      "saved": false,
      "candles_analyzed": 50
    },
    {
      "coin_id": 1683,
      "symbol": "YBUSDT",
      "status": "completed",
      "analysis": {
        "current_price": 0.3819,
        "rsi": 74.24242424242453,
        "macd": 0.0012545790393038714,
        "ma_7": 0.38114285714285717,
        "ma_25": 0.379276,
        "volume": 0.0,
        "price_change": 0.0,
        "signal": "BUY",
        "confidence": 0.8,
        "price_change_percent": 0.0,
        "reason": "روند صعودی قوی"
      },
      "saved": false,
      "candles_analyzed": 50
    },
    {
      "coin_id": 1968,
      "symbol": "BARUSDT",
      "status": "completed",
      "analysis": {
        "current_price": 0.556,
        "rsi": 57.89473684210526,
        "macd": 0.0007873356291381306,
        "ma_7": 0.5568571428571429,
        "ma_25": 0.5551600000000001,
        "volume": 498.03,
        "price_change": -0.0020000000000000018,
        "signal": "HOLD",
        "confidence": 0.5,
        "price_change_percent": -0.3584229390681007
      },
      "saved": false,
      "candles_analyzed": 50
    },
    {
      "coin_id": 1918,
      "symbol": "ALICEUSDT",
      "status": "completed",
      "analysis": {
        "current_price": 0.1729,
        "rsi": 69.23076923076931,
        "macd": 0.0002189701631456209,
        "ma_7": 0.17257142857142857,
        "ma_25": 0.172044,
        "volume": 4709.05,
        "price_change": 0.0002999999999999947,
        "signal": "BUY",
        "confidence": 0.7,
        "price_change_percent": 0.17381228273464353,
        "reason": "روند صعودی قوی"
      },
      "saved": false,
      "candles_analyzed": 50
    },
    {
      "coin_id": 1286,
      "symbol": "COMPUSDT",
      "status": "completed",
      "analysis": {
        "current_price": 25.31,
        "rsi": 50.8196721311474,
        "macd": 0.03245808010582252,
        "ma_7": 25.318571428571428,
        "ma_25": 25.296000000000003,
        "volume": 31.15,
        "price_change": -0.019999999999999574,
        "signal": "HOLD",
        "confidence": 0.5,
        "price_change_percent": -0.0789577575996825
      },
      "saved": false,
      "candles_analyzed": 50
    },
    {
      "coin_id": 2029,
      "symbol": "UTKUSDT",
      "status": "completed",
      "analysis": {
        "current_price": 0.01223,
        "rsi": 63.636363636363704,
        "macd": 3.0860676034459925e-05,
        "ma_7": 0.012184285714285715,
        "ma_25": 0.012141199999999998,
        "volume": 6828.0,
        "price_change": 0.0,
        "signal": "BUY",
        "confidence": 0.7,
        "price_change_percent": 0.0,
        "reason": "روند صعودی قوی"
      },
      "saved": false,
      "candles_analyzed": 50
    },
    {
      "coin_id": 1733,
      "symbol": "XAIUSDT",
      "status": "completed",
      "analysis": {
        "current_price": 0.01536,
        "rsi": 64.70588235294125,
        "macd": 4.4698526001449995e-05,
        "ma_7": 0.015365714285714286,
        "ma_25": 0.0152908,
        "volume": 4587.6,
        "price_change": -9.999999999999593e-06,
        "signal": "HOLD",
        "confidence": 0.5,
        "price_change_percent": -0.06506180871827971
      },
      "saved": false,
      "candles_analyzed": 50
    },
    {
      "coin_id": 1401,
      "symbol": "ZRXUSDT",
      "status": "completed",
      "analysis": {
        "current_price": 0.1159,
        "rsi": 66.66666666666629,
        "macd": 5.843947923432624e-05,
        "ma_7": 0.11568571428571428,
        "ma_25": 0.115548,
        "volume": 0.0,
        "price_change": 0.0,
        "signal": "BUY",
        "confidence": 0.7,
        "price_change_percent": 0.0,
        "reason": "روند صعودی قوی"
      },
      "saved": false,
      "candles_analyzed": 50
    },
    {
      "coin_id": 1217,
      "symbol": "OPUSDT",
      "status": "completed",
      "analysis": {
        "current_price": 0.2634,
        "rsi": 58.064516129032434,
        "macd": 0.00017379426048325097,
        "ma_7": 0.26335714285714285,
        "ma_25": 0.262948,
        "volume": 6971.42,
        "price_change": 0.0001000000000000445,
        "signal": "BUY",
        "confidence": 0.7,
        "price_change_percent": 0.0379794910748365,
        "reason": "روند صعودی قوی"
      },
      "saved": false,
      "candles_analyzed": 50
    },
    {
      "coin_id": 1917,
      "symbol": "GUNUSDT",
      "status": "completed",
      "analysis": {
        "current_price": 0.01137,
        "rsi": 68.42105263157919,
        "macd": 2.3309228776174223e-05,
        "ma_7": 0.011381428571428572,
        "ma_25": 0.011322800000000001,
        "volume": 167261.0,
        "price_change": -2.000000000000092e-05,
        "signal": "HOLD",
        "confidence": 0.5,
        "price_change_percent": -0.17559262510975346
      },
      "saved": false,
      "candles_analyzed": 50
    },
    {
      "coin_id": 1974,
      "symbol": "FTTUSDT",
      "status": "completed",
      "analysis": {
        "current_price": 0.4938,
        "rsi": 65.78947368421062,
        "macd": 0.0009159064746208645,
        "ma_7": 0.4918571428571429,
        "ma_25": 0.49054,
        "volume": 1279.39,
        "price_change": 0.0005999999999999894,
        "signal": "BUY",
        "confidence": 0.7,
        "price_change_percent": 0.12165450121654287,
        "reason": "روند صعودی قوی"
      },
      "saved": false,
      "candles_analyzed": 50
    },
    {
      "coin_id": 1638,
      "symbol": "OSMOUSDT",
      "status": "completed",
      "analysis": {
        "current_price": 0.0511,
        "rsi": 100.0,
        "macd": 0.00012493876056268033,
        "ma_7": 0.05108571428571428,
        "ma_25": 0.050828000000000005,
        "volume": 4430.01,
        "price_change": 0.0,
        "signal": "BUY",
        "confidence": 0.8,
        "price_change_percent": 0.0,
        "reason": "روند صعودی قوی"
      },
      "saved": false,
      "candles_analyzed": 50
    },
    {
      "coin_id": 1261,
      "symbol": "PENDLEUSDT",
      "status": "completed",
      "analysis": {
        "current_price": 1.734,
        "rsi": 38.46153846153827,
        "macd": -0.0011177935313186893,
        "ma_7": 1.7365714285714287,
        "ma_25": 1.7372800000000002,
        "volume": 155.1,
        "price_change": -0.001000000000000112,
        "signal": "SELL",
        "confidence": 0.7,
        "price_change_percent": -0.05763688760807561,
        "reason": "روند نزولی قوی"
      },
      "saved": false,
      "candles_analyzed": 50
    },
    {
      "coin_id": 1690,
      "symbol": "PONDUSDT",
      "status": "completed",
      "analysis": {
        "current_price": 0.00399,
        "rsi": 55.55555555555545,
        "macd": 3.0143743635540135e-06,
        "ma_7": 0.003987142857142857,
        "ma_25": 0.0039832,
        "volume": 15038.0,
        "price_change": 0.0,
        "signal": "BUY",
        "confidence": 0.7,
        "price_change_percent": 0.0,
        "reason": "روند صعودی قوی"
      },
      "saved": false,
      "candles_analyzed": 50
    },
    {
      "coin_id": 1489,
      "symbol": "PNUTUSDT",
      "status": "completed",
      "analysis": {
        "current_price": 0.0708,
        "rsi": 42.85714285714229,
        "macd": 1.718832664729386e-05,
        "ma_7": 0.07085714285714285,
        "ma_25": 0.07084,
        "volume": 6763.7,
        "price_change": 0.0,
        "signal": "HOLD",
        "confidence": 0.5,
        "price_change_percent": 0.0
      },
      "saved": false,
      "candles_analyzed": 50
    },
    {
      "coin_id": 1332,
      "symbol": "CVXUSDT",
      "status": "completed",
      "analysis": {
        "current_price": 1.76,
        "rsi": 42.10526315789498,
        "macd": 0.0007890201034990163,
        "ma_7": 1.7614285714285711,
        "ma_25": 1.7608,
        "volume": 5.676,
        "price_change": -0.0009999999999998899,
        "signal": "HOLD",
        "confidence": 0.5,
        "price_change_percent": -0.05678591709255479
      },
      "saved": false,
      "candles_analyzed": 50
    },
    {
      "coin_id": 1413,
      "symbol": "MELANIAUSDT",
      "status": "failed",
      "reason": "no_data"
    },
    {
      "coin_id": 1820,
      "symbol": "ALLOUSDT",
      "status": "completed",
      "analysis": {
        "current_price": 0.1123,
        "rsi": 45.45454545454534,
        "macd": 0.00018156859542493853,
        "ma_7": 0.11262857142857143,
        "ma_25": 0.112568,
        "volume": 10079.4,
        "price_change": -0.0003000000000000086,
        "signal": "HOLD",
        "confidence": 0.5,
        "price_change_percent": -0.2664298401421035
      },
      "saved": false,
      "candles_analyzed": 50
    },
    {
      "coin_id": 1522,
      "symbol": "POLYXUSDT",
      "status": "completed",
      "analysis": {
        "current_price": 0.0541,
        "rsi": 76.92307692307713,
        "macd": 0.00020031830360368874,
        "ma_7": 0.05397142857142857,
        "ma_25": 0.05357200000000001,
        "volume": 28969.6,
        "price_change": 0.0,
        "signal": "BUY",
        "confidence": 0.8,
        "price_change_percent": 0.0,
        "reason": "روند صعودی قوی"
      },
      "saved": false,
      "candles_analyzed": 50
    },
    {
      "coin_id": 2016,
      "symbol": "COSUSDT",
      "status": "completed",
      "analysis": {
        "current_price": 0.001237,
        "rsi": 59.259259259259025,
        "macd": 2.3950305717433586e-06,
        "ma_7": 0.0012392857142857143,
        "ma_25": 0.00123452,
        "volume": 174628.2,
        "price_change": -2.0000000000000486e-06,
        "signal": "HOLD",
        "confidence": 0.5,
        "price_change_percent": -0.16142050040355516
      },
      "saved": false,
      "candles_analyzed": 50
    },
    {
      "coin_id": 1512,
      "symbol": "SXTUSDT",
      "status": "completed",
      "analysis": {
        "current_price": 0.0253,
        "rsi": 66.66666666666666,
        "macd": 1.8029869284900274e-05,
        "ma_7": 0.0253,
        "ma_25": 0.02528,
        "volume": 477.4,
        "price_change": 0.0,
        "signal": "HOLD",
        "confidence": 0.5,
        "price_change_percent": 0.0
      },
      "saved": false,
      "candles_analyzed": 50
    },
    {
      "coin_id": 2033,
      "symbol": "ANKRUSDT",
      "status": "completed",
      "analysis": {
        "current_price": 0.0063,
        "rsi": 57.14285714285768,
        "macd": 1.037939314345749e-05,
        "ma_7": 0.0063042857142857145,
        "ma_25": 0.006289600000000001,
        "volume": 4600.9,
        "price_change": 0.0,
        "signal": "HOLD",
        "confidence": 0.5,
        "price_change_percent": 0.0
      },
      "saved": false,
      "candles_analyzed": 50
    },
    {
      "coin_id": 1950,
      "symbol": "JUVUSDT",
      "status": "completed",
      "analysis": {
        "current_price": 0.729,
        "rsi": 50.0,
        "macd": 0.00020311587925325725,
        "ma_7": 0.7301428571428571,
        "ma_25": 0.7296799999999999,
        "volume": 6006.98,
        "price_change": -0.0010000000000000009,
        "signal": "HOLD",
        "confidence": 0.5,
        "price_change_percent": -0.13698630136986314
      },
      "saved": false,
      "candles_analyzed": 50
    },
    {
      "coin_id": 2030,
      "symbol": "HEIUSDT",
      "status": "completed",
      "analysis": {
        "current_price": 0.1174,
        "rsi": 52.94117647058828,
        "macd": 0.0001564010231795976,
        "ma_7": 0.11758571428571428,
        "ma_25": 0.11728800000000002,
        "volume": 3965.8,
        "price_change": 0.0,
        "signal": "HOLD",
        "confidence": 0.5,
        "price_change_percent": 0.0
      },
      "saved": false,
      "candles_analyzed": 50
    },
    {
      "coin_id": 1224,
      "symbol": "FETUSDT",
      "status": "completed",
      "analysis": {
        "current_price": 0.2087,
        "rsi": 57.142857142857025,
        "macd": 0.00018884923597639602,
        "ma_7": 0.2085,
        "ma_25": 0.20814,
        "volume": 14558.8,
        "price_change": -0.00010000000000001674,
        "signal": "BUY",
        "confidence": 0.7,
        "price_change_percent": -0.047892720306521426,
        "reason": "روند صعودی قوی"
      },
      "saved": false,
      "candles_analyzed": 50
    },
    {
      "coin_id": 1818,
      "symbol": "SOLVUSDT",
      "status": "completed",
      "analysis": {
        "current_price": 0.01459,
        "rsi": 50.0,
        "macd": 7.978824322839653e-06,
        "ma_7": 0.014607142857142857,
        "ma_25": 0.0145956,
        "volume": 0.0,
        "price_change": 0.0,
        "signal": "HOLD",
        "confidence": 0.5,
        "price_change_percent": 0.0
      },
      "saved": false,
      "candles_analyzed": 50
    },
    {
      "coin_id": 1230,
      "symbol": "ABUSDT",
      "status": "failed",
      "reason": "no_data"
    },
    {
      "coin_id": 1239,
      "symbol": "GRTUSDT",
      "status": "completed",
      "analysis": {
        "current_price": 0.03624,
        "rsi": 55.0,
        "macd": 2.5450887775814446e-05,
        "ma_7": 0.03625571428571429,
        "ma_25": 0.0362152,
        "volume": 15987.0,
        "price_change": -2.9999999999995308e-05,
        "signal": "HOLD",
        "confidence": 0.5,
        "price_change_percent": -0.08271298593877946
      },
      "saved": false,
      "candles_analyzed": 50
    },
    {
      "coin_id": 1535,
      "symbol": "MASKUSDT",
      "status": "completed",
      "analysis": {
        "current_price": 0.568,
        "rsi": 57.14285714285714,
        "macd": 0.0005073755196625118,
        "ma_7": 0.5677142857142857,
        "ma_25": 0.56672,
        "volume": 747.5,
        "price_change": 0.0,
        "signal": "BUY",
        "confidence": 0.7,
        "price_change_percent": 0.0,
        "reason": "روند صعودی قوی"
      },
      "saved": false,
      "candles_analyzed": 50
    },
    {
      "coin_id": 1644,
      "symbol": "ACHUSDT",
      "status": "completed",
      "analysis": {
        "current_price": 0.00759,
        "rsi": 66.66666666666666,
        "macd": 1.2829459356433759e-05,
        "ma_7": 0.00759,
        "ma_25": 0.007563200000000001,
        "volume": 93369.0,
        "price_change": -9.999999999999593e-06,
        "signal": "HOLD",
        "confidence": 0.5,
        "price_change_percent": -0.1315789473684157
      },
      "saved": false,
      "candles_analyzed": 50
    },
    {
      "coin_id": 1722,
      "symbol": "AGIUSDT",
      "status": "failed",
      "reason": "no_data"
    },
    {
      "coin_id": 2009,
      "symbol": "NFPUSDT",
      "status": "completed",
      "analysis": {
        "current_price": 0.0233,
        "rsi": 57.14285714285728,
        "macd": 0.0001263670739638026,
        "ma_7": 0.023314285714285714,
        "ma_25": 0.023072,
        "volume": 3509.0,
        "price_change": 0.0,
        "signal": "HOLD",
        "confidence": 0.5,
        "price_change_percent": 0.0
      },
      "saved": false,
      "candles_analyzed": 50
    }
  ]
}