{
  "block_id": 10,
  "processed_at": "2025-12-25T14:58:27.259669",
  "execution_time_seconds": 0.524001,
  "total_coins": 50,
  "successful_coins": 47,
  "failed_coins": 3,
  "signals_generated": 35,
  "results": [
    {
      "coin_id": 1442,
      "symbol": "GMXUSDT",
      "status": "completed",
      "analysis": {
        "current_price": 8.08,
        "rsi": 70.00000000000054,
        "macd": -0.004245903369275439,
        "ma_7": 8.072857142857144,
        "ma_25": 8.0664,
        "volume": 0.0,
        "price_change": 0.0,
        "signal": "BUY",
        "confidence": 0.8,
        "price_change_percent": 0.0,
        "reason": "روند صعودی قوی"
      },
      "saved": false,
      "candles_analyzed": 50
    },
    {
      "coin_id": 1624,
      "symbol": "POWRUSDT",
      "status": "completed",
      "analysis": {
        "current_price": 0.0767,
        "rsi": 42.85714285714371,
        "macd": -2.5602139504518617e-05,
        "ma_7": 0.07662857142857142,
        "ma_25": 0.07667199999999999,
        "volume": 0.0,
        "price_change": 0.0,
        "signal": "HOLD",
        "confidence": 0.5,
        "price_change_percent": 0.0
      },
      "saved": false,
      "candles_analyzed": 50
    },
    {
      "coin_id": 2004,
      "symbol": "LAZIOUSDT",
      "status": "completed",
      "analysis": {
        "current_price": 0.957,
        "rsi": 47.05882352941176,
        "macd": -0.0018654327586262731,
        "ma_7": 0.9554285714285714,
        "ma_25": 0.9571200000000001,
        "volume": 301.17,
        "price_change": 0.0020000000000000018,
        "signal": "HOLD",
        "confidence": 0.5,
        "price_change_percent": 0.2094240837696337
      },
      "saved": false,
      "candles_analyzed": 50
    },
    {
      "coin_id": 1710,
      "symbol": "ACTUSDT",
      "status": "completed",
      "analysis": {
        "current_price": 0.0404,
        "rsi": 79.99999999999991,
        "macd": 0.0004006667994769647,
        "ma_7": 0.03974285714285714,
        "ma_25": 0.03907600000000001,
        "volume": 2961824.5,
        "price_change": 9.999999999999593e-05,
        "signal": "BUY",
        "confidence": 0.8,
        "price_change_percent": 0.24813895781636708,
        "reason": "روند صعودی قوی"
      },
      "saved": false,
      "candles_analyzed": 50
    },
    {
      "coin_id": 1591,
      "symbol": "RLCUSDT",
      "status": "completed",
      "analysis": {
        "current_price": 0.63,
        "rsi": 61.53846153846153,
        "macd": 2.2548382965559277e-05,
        "ma_7": 0.628,
        "ma_25": 0.6273599999999999,
        "volume": 1203.3,
        "price_change": 0.0020000000000000018,
        "signal": "BUY",
        "confidence": 0.7,
        "price_change_percent": 0.3184713375796181,
        "reason": "روند صعودی قوی"
      },
      "saved": false,
      "candles_analyzed": 50
    },
    {
      "coin_id": 1310,
      "symbol": "BARDUSDT",
      "status": "completed",
      "analysis": {
        "current_price": 0.8111,
        "rsi": 32.579185520362074,
        "macd": -0.0024773266504108937,
        "ma_7": 0.8145142857142857,
        "ma_25": 0.817728,
        "volume": 2702.1,
        "price_change": -0.0031999999999999806,
        "signal": "SELL",
        "confidence": 0.7,
        "price_change_percent": -0.3929755618322462,
        "reason": "روند نزولی قوی"
      },
      "saved": false,
      "candles_analyzed": 50
    },
    {
      "coin_id": 1400,
      "symbol": "VTHOUSDT",
      "status": "completed",
      "analysis": {
        "current_price": 0.000817,
        "rsi": 53.846153846153854,
        "macd": -1.0975528516411282e-06,
        "ma_7": 0.0008162857142857144,
        "ma_25": 0.00081744,
        "volume": 1066059.0,
        "price_change": 1.0000000000000243e-06,
        "signal": "HOLD",
        "confidence": 0.5,
        "price_change_percent": 0.1225490196078461
      },
      "saved": false,
      "candles_analyzed": 50
    },
    {
      "coin_id": 1142,
      "symbol": "USDEUSDT",
      "status": "completed",
      "analysis": {
        "current_price": 0.9993,
        "rsi": null,
        "macd": 5.982665402304299e-06,
        "ma_7": 0.9993,
        "ma_25": 0.9993,
        "volume": 627082.0,
        "price_change": 0.0,
        "signal": "HOLD",
        "confidence": 0.5,
        "price_change_percent": 0.0
      },
      "saved": false,
      "candles_analyzed": 50
    },
    {
      "coin_id": 1595,
      "symbol": "DEGENUSDT",
      "status": "failed",
      "reason": "no_data"
    },
    {
      "coin_id": 1999,
      "symbol": "CUSDT",
      "status": "completed",
      "analysis": {
        "current_price": 0.0859,
        "rsi": 52.63157894736853,
        "macd": 2.5140749854726807e-05,
        "ma_7": 0.08571428571428573,
        "ma_25": 0.08565199999999999,
        "volume": 2712.0,
        "price_change": 0.00010000000000000286,
        "signal": "BUY",
        "confidence": 0.7,
        "price_change_percent": 0.11655011655011989,
        "reason": "روند صعودی قوی"
      },
      "saved": false,
      "candles_analyzed": 50
    },
    {
      "coin_id": 1227,
      "symbol": "VIRTUALUSDT",
      "status": "completed",
      "analysis": {
        "current_price": 0.6707,
        "rsi": 62.1428571428567,
        "macd": 0.0008163382465155022,
        "ma_7": 0.6707,
        "ma_25": 0.6688239999999999,
        "volume": 4862.7,
        "price_change": -0.000300000000000078,
        "signal": "HOLD",
        "confidence": 0.5,
        "price_change_percent": -0.04470938897169567
      },
      "saved": false,
      "candles_analyzed": 50
    },
    {
      "coin_id": 1966,
      "symbol": "BEAMXUSDT",
      "status": "completed",
      "analysis": {
        "current_price": 0.002686,
        "rsi": 65.62499999999987,
        "macd": 2.829633135867718e-06,
        "ma_7": 0.0026851428571428573,
        "ma_25": 0.00267868,
        "volume": 2317.0,
        "price_change": -2.9999999999999645e-06,
        "signal": "BUY",
        "confidence": 0.7,
        "price_change_percent": -0.11156563778356135,
        "reason": "روند صعودی قوی"
      },
      "saved": false,
      "candles_analyzed": 50
    },
    {
      "coin_id": 1150,
      "symbol": "UNIUSDT",
      "status": "completed",
      "analysis": {
        "current_price": 5.695,
        "rsi": 78.70967741935476,
        "macd": 0.012215775481695168,
        "ma_7": 5.667142857142857,
        "ma_25": 5.63668,
        "volume": 16142.28,
        "price_change": -0.0030000000000001137,
        "signal": "BUY",
        "confidence": 0.8,
        "price_change_percent": -0.052650052650054645,
        "reason": "روند صعودی قوی"
      },
      "saved": false,
      "candles_analyzed": 50
    },
    {
      "coin_id": 1785,
      "symbol": "COOKIEUSDT",
      "status": "completed",
      "analysis": {
        "current_price": 0.0389,
        "rsi": 62.50000000000011,
        "macd": 4.847963108146197e-05,
        "ma_7": 0.03882857142857143,
        "ma_25": 0.0387,
        "volume": 0.0,
        "price_change": 0.0,
        "signal": "BUY",
        "confidence": 0.7,
        "price_change_percent": 0.0,
        "reason": "روند صعودی قوی"
      },
      "saved": false,
      "candles_analyzed": 50
    },
    {
      "coin_id": 1945,
      "symbol": "AXLUSDT",
      "status": "completed",
      "analysis": {
        "current_price": 0.0734,
        "rsi": 38.46153846153813,
        "macd": -2.191000935010401e-05,
        "ma_7": 0.07344285714285714,
        "ma_25": 0.07345600000000001,
        "volume": 7295.25,
        "price_change": -9.999999999998899e-05,
        "signal": "SELL",
        "confidence": 0.7,
        "price_change_percent": -0.1360544217686925,
        "reason": "روند نزولی قوی"
      },
      "saved": false,
      "candles_analyzed": 50
    },
    {
      "coin_id": 1335,
      "symbol": "DEXEUSDT",
      "status": "completed",
      "analysis": {
        "current_price": 2.839,
        "rsi": 56.89655172413785,
        "macd": -0.0026618601653720653,
        "ma_7": 2.8308571428571425,
        "ma_25": 2.8272399999999998,
        "volume": 439.14,
        "price_change": 0.0030000000000001137,
        "signal": "BUY",
        "confidence": 0.7,
        "price_change_percent": 0.1057827926657304,
        "reason": "روند صعودی قوی"
      },
      "saved": false,
      "candles_analyzed": 50
    },
    {
      "coin_id": 1865,
      "symbol": "AVAUSDT",
      "status": "completed",
      "analysis": {
        "current_price": 0.273,
        "rsi": 68.18181818181978,
        "macd": 1.0401577594243427e-06,
        "ma_7": 0.27262857142857144,
        "ma_25": 0.272424,
        "volume": 131.2,
        "price_change": -9.999999999998899e-05,
        "signal": "BUY",
        "confidence": 0.7,
        "price_change_percent": -0.03661662394726803,
        "reason": "روند صعودی قوی"
      },
      "saved": false,
      "candles_analyzed": 50
    },
    {
      "coin_id": 1668,
      "symbol": "LAYERUSDT",
      "status": "completed",
      "analysis": {
        "current_price": 0.162,
        "rsi": 57.894736842105424,
        "macd": -0.00012711101449458528,
        "ma_7": 0.1622857142857143,
        "ma_25": 0.162076,
        "volume": 30036.24,
        "price_change": -0.0003999999999999837,
        "signal": "HOLD",
        "confidence": 0.5,
        "price_change_percent": -0.2463054187192018
      },
      "saved": false,
      "candles_analyzed": 50
    },
    {
      "coin_id": 1682,
      "symbol": "ERAUSDT",
      "status": "completed",
      "analysis": {
        "current_price": 0.1995,
        "rsi": 76.31578947368425,
        "macd": 0.0007988198697369275,
        "ma_7": 0.1982142857142857,
        "ma_25": 0.19698000000000002,
        "volume": 9161.6,
        "price_change": 0.0006000000000000172,
        "signal": "BUY",
        "confidence": 0.8,
        "price_change_percent": 0.3016591251885456,
        "reason": "روند صعودی قوی"
      },
      "saved": false,
      "candles_analyzed": 50
    },
    {
      "coin_id": 1947,
      "symbol": "BROCCOLI714USDT",
      "status": "completed",
      "analysis": {
        "current_price": 0.01237,
        "rsi": 57.812500000000135,
        "macd": 7.41368052540551e-05,
        "ma_7": 0.01236142857142857,
        "ma_25": 0.012282000000000001,
        "volume": 13282.0,
        "price_change": -9.999999999999593e-06,
        "signal": "BUY",
        "confidence": 0.7,
        "price_change_percent": -0.08077544426494017,
        "reason": "روند صعودی قوی"
      },
      "saved": false,
      "candles_analyzed": 50
    },
    {
      "coin_id": 1612,
      "symbol": "YGGUSDT",
      "status": "completed",
      "analysis": {
        "current_price": 0.0644,
        "rsi": 50.0,
        "macd": 5.005645301980888e-06,
        "ma_7": 0.0644,
        "ma_25": 0.064316,
        "volume": 10077.0,
        "price_change": 0.0,
        "signal": "HOLD",
        "confidence": 0.5,
        "price_change_percent": 0.0
      },
      "saved": false,
      "candles_analyzed": 50
    },
    {
      "coin_id": 2026,
      "symbol": "IDEXUSDT",
      "status": "completed",
      "analysis": {
        "current_price": 0.01,
        "rsi": 34.61538461538436,
        "macd": -7.870717436533892e-06,
        "ma_7": 0.010015714285714286,
        "ma_25": 0.0100304,
        "volume": 6469.1,
        "price_change": -1.9999999999999185e-05,
        "signal": "SELL",
        "confidence": 0.7,
        "price_change_percent": -0.19960079840318548,
        "reason": "روند نزولی قوی"
      },
      "saved": false,
      "candles_analyzed": 50
    },
    {
      "coin_id": 1701,
      "symbol": "AEVOUSDT",
      "status": "completed",
      "analysis": {
        "current_price": 0.0369,
        "rsi": 77.77777777777786,
        "macd": 2.405217660775283e-05,
        "ma_7": 0.03674285714285714,
        "ma_25": 0.036636,
        "volume": 68271.6,
        "price_change": 0.0,
        "signal": "BUY",
        "confidence": 0.8,
        "price_change_percent": 0.0,
        "reason": "روند صعودی قوی"
      },
      "saved": false,
      "candles_analyzed": 50
    },
    {
      "coin_id": 1443,
      "symbol": "VANAUSDT",
      "status": "completed",
      "analysis": {
        "current_price": 2.618,
        "rsi": 43.58974358974333,
        "macd": 0.00036442194596331134,
        "ma_7": 2.6215714285714284,
        "ma_25": 2.6206,
        "volume": 458.61,
        "price_change": -0.0050000000000003375,
        "signal": "HOLD",
        "confidence": 0.5,
        "price_change_percent": -0.19062142584827818
      },
      "saved": false,
      "candles_analyzed": 50
    },
    {
      "coin_id": 1353,
      "symbol": "PROMUSDT",
      "status": "completed",
      "analysis": {
        "current_price": 7.0,
        "rsi": 23.63636363636357,
        "macd": -0.0026858239380871396,
        "ma_7": 7.020714285714286,
        "ma_25": 7.034120000000001,
        "volume": 1443.14,
        "price_change": 0.0,
        "signal": "SELL",
        "confidence": 0.8,
        "price_change_percent": 0.0,
        "reason": "روند نزولی قوی"
      },
      "saved": false,
      "candles_analyzed": 50
    },
    {
      "coin_id": 1632,
      "symbol": "STRAXUSDT",
      "status": "completed",
      "analysis": {
        "current_price": 0.01907,
        "rsi": 56.75675675675704,
        "macd": -2.6654897728593807e-05,
        "ma_7": 0.019078571428571427,
        "ma_25": 0.0191068,
        "volume": 1383.0,
        "price_change": -1.9999999999999185e-05,
        "signal": "SELL",
        "confidence": 0.7,
        "price_change_percent": -0.10476689366159866,
        "reason": "روند نزولی قوی"
      },
      "saved": false,
      "candles_analyzed": 50
    },
    {
      "coin_id": 1552,
      "symbol": "ILVUSDT",
      "status": "completed",
      "analysis": {
        "current_price": 5.56,
        "rsi": 66.66666666666666,
        "macd": 0.0031213895922732604,
        "ma_7": 5.55,
        "ma_25": 5.545599999999999,
        "volume": 0.0,
        "price_change": 0.0,
        "signal": "BUY",
        "confidence": 0.7,
        "price_change_percent": 0.0,
        "reason": "روند صعودی قوی"
      },
      "saved": false,
      "candles_analyzed": 50
    },
    {
      "coin_id": 1957,
      "symbol": "ENSOUSDT",
      "status": "completed",
      "analysis": {
        "current_price": 0.681,
        "rsi": 41.79104477611947,
        "macd": -0.00038945079881314015,
        "ma_7": 0.6818571428571429,
        "ma_25": 0.68848,
        "volume": 3896.28,
        "price_change": -0.0010000000000000009,
        "signal": "SELL",
        "confidence": 0.7,
        "price_change_percent": -0.1466275659824048,
        "reason": "روند نزولی قوی"
      },
      "saved": false,
      "candles_analyzed": 50
    },
    {
      "coin_id": 1304,
      "symbol": "RUNEUSDT",
      "status": "completed",
      "analysis": {
        "current_price": 0.547,
        "rsi": 50.0,
        "macd": -0.00016502523086403542,
        "ma_7": 0.5471428571428572,
        "ma_25": 0.5472400000000001,
        "volume": 29.7,
        "price_change": 0.0,
        "signal": "SELL",
        "confidence": 0.7,
        "price_change_percent": 0.0,
        "reason": "روند نزولی قوی"
      },
      "saved": false,
      "candles_analyzed": 50
    },
    {
      "coin_id": 1571,
      "symbol": "ONTUSDT",
      "status": "completed",
      "analysis": {
        "current_price": 0.0531,
        "rsi": 62.49999999999967,
        "macd": 7.003639309231119e-05,
        "ma_7": 0.05304285714285715,
        "ma_25": 0.052904,
        "volume": 6083.0,
        "price_change": 0.00010000000000000286,
        "signal": "BUY",
        "confidence": 0.7,
        "price_change_percent": 0.18867924528302427,
        "reason": "روند صعودی قوی"
      },
      "saved": false,
      "candles_analyzed": 50
    },
    {
      "coin_id": 1254,
      "symbol": "WIFUSDT",
      "status": "completed",
      "analysis": {
        "current_price": 0.318,
        "rsi": 50.0,
        "macd": 0.00021928388104475172,
        "ma_7": 0.31757142857142856,
        "ma_25": 0.31716,
        "volume": 1125.58,
        "price_change": 0.0,
        "signal": "BUY",
        "confidence": 0.7,
        "price_change_percent": 0.0,
        "reason": "روند صعودی قوی"
      },
      "saved": false,
      "candles_analyzed": 50
    },
    {
      "coin_id": 1773,
      "symbol": "MIRAUSDT",
      "status": "completed",
      "analysis": {
        "current_price": 0.1322,
        "rsi": 69.56521739130464,
        "macd": 0.0005146668895536499,
        "ma_7": 0.13141428571428573,
        "ma_25": 0.130456,
        "volume": 25813.9,
        "price_change": 0.00020000000000000573,
        "signal": "BUY",
        "confidence": 0.7,
        "price_change_percent": 0.15151515151515585,
        "reason": "روند صعودی قوی"
      },
      "saved": false,
      "candles_analyzed": 50
    },
    {
      "coin_id": 1184,
      "symbol": "ONDOUSDT",
      "status": "completed",
      "analysis": {
        "current_price": 0.3761,
        "rsi": 57.37704918032797,
        "macd": -8.489521974475167e-05,
        "ma_7": 0.37564285714285717,
        "ma_25": 0.3754640000000001,
        "volume": 13293.6,
        "price_change": 0.0005000000000000004,
        "signal": "BUY",
        "confidence": 0.7,
        "price_change_percent": 0.13312034078807256,
        "reason": "روند صعودی قوی"
      },
      "saved": false,
      "candles_analyzed": 50
    },
    {
      "coin_id": 1137,
      "symbol": "LINKUSDT",
      "status": "completed",
      "analysis": {
        "current_price": 12.18,
        "rsi": 55.55555555555556,
        "macd": -0.003718076661918701,
        "ma_7": 12.171428571428573,
        "ma_25": 12.1732,
        "volume": 1198.87,
        "price_change": 0.009999999999999787,
        "signal": "HOLD",
        "confidence": 0.5,
        "price_change_percent": 0.08216926869350688
      },
      "saved": false,
      "candles_analyzed": 50
    },
    {
      "coin_id": 1628,
      "symbol": "BALUSDT",
      "status": "completed",
      "analysis": {
        "current_price": 0.967,
        "rsi": 52.808988764044955,
        "macd": 0.0019412038401972476,
        "ma_7": 0.9531428571428571,
        "ma_25": 0.9495999999999999,
        "volume": 6032.1,
        "price_change": 0.0040000000000000036,
        "signal": "BUY",
        "confidence": 0.7,
        "price_change_percent": 0.4153686396677055,
        "reason": "روند صعودی قوی"
      },
      "saved": false,
      "candles_analyzed": 50
    },
    {
      "coin_id": 1282,
      "symbol": "UDSUSDT",
      "status": "failed",
      "reason": "no_data"
    },
    {
      "coin_id": 1775,
      "symbol": "STOUSDT",
      "status": "completed",
      "analysis": {
        "current_price": 0.1117,
        "rsi": 38.46153846153821,
        "macd": -2.241581127469805e-05,
        "ma_7": 0.11177142857142856,
        "ma_25": 0.11188799999999999,
        "volume": 57.9,
        "price_change": 0.0,
        "signal": "SELL",
        "confidence": 0.7,
        "price_change_percent": 0.0,
        "reason": "روند نزولی قوی"
      },
      "saved": false,
      "candles_analyzed": 50
    },
    {
      "coin_id": 1508,
      "symbol": "AVNTUSDT",
      "status": "completed",
      "analysis": {
        "current_price": 0.3653,
        "rsi": 34.52685421994882,
        "macd": -0.0028150329441515853,
        "ma_7": 0.36424285714285715,
        "ma_25": 0.370068,
        "volume": 124504.8,
        "price_change": -9.999999999998899e-05,
        "signal": "HOLD",
        "confidence": 0.5,
        "price_change_percent": -0.02736726874657608
      },
      "saved": false,
      "candles_analyzed": 50
    },
    {
      "coin_id": 1940,
      "symbol": "DOLOUSDT",
      "status": "completed",
      "analysis": {
        "current_price": 0.04132,
        "rsi": 68.19484240687686,
        "macd": 0.00020467737118830265,
        "ma_7": 0.0407,
        "ma_25": 0.0404276,
        "volume": 455089.9,
        "price_change": -0.00016999999999999654,
        "signal": "BUY",
        "confidence": 0.7,
        "price_change_percent": -0.4097372860930261,
        "reason": "روند صعودی قوی"
      },
      "saved": false,
      "candles_analyzed": 50
    },
    {
      "coin_id": 1986,
      "symbol": "TRUUSDT",
      "status": "completed",
      "analysis": {
        "current_price": 0.0086,
        "rsi": 39.99999999999999,
        "macd": -2.8827279344029177e-06,
        "ma_7": 0.008642857142857143,
        "ma_25": 0.008652,
        "volume": 3909.0,
        "price_change": -9.99999999999994e-05,
        "signal": "SELL",
        "confidence": 0.7,
        "price_change_percent": -1.1494252873563149,
        "reason": "روند نزولی قوی"
      },
      "saved": false,
      "candles_analyzed": 50
    },
    {
      "coin_id": 1970,
      "symbol": "PIXELUSDT",
      "status": "completed",
      "analysis": {
        "current_price": 0.00797,
        "rsi": 76.47058823529406,
        "macd": -2.9306962177309825e-06,
        "ma_7": 0.007951428571428571,
        "ma_25": 0.0079304,
        "volume": 140740.5,
        "price_change": 0.0,
        "signal": "BUY",
        "confidence": 0.8,
        "price_change_percent": 0.0,
        "reason": "روند صعودی قوی"
      },
      "saved": false,
      "candles_analyzed": 50
    },
    {
      "coin_id": 1921,
      "symbol": "TREEUSDT",
      "status": "completed",
      "analysis": {
        "current_price": 0.1097,
        "rsi": 58.33333333333353,
        "macd": 2.0140789331740683e-05,
        "ma_7": 0.10957142857142856,
        "ma_25": 0.10954000000000001,
        "volume": 2520.6,
        "price_change": 0.0,
        "signal": "BUY",
        "confidence": 0.7,
        "price_change_percent": 0.0,
        "reason": "روند صعودی قوی"
      },
      "saved": false,
      "candles_analyzed": 50
    },
    {
      "coin_id": 1573,
      "symbol": "ARKUSDT",
      "status": "completed",
      "analysis": {
        "current_price": 0.2529,
        "rsi": 61.90476190476103,
        "macd": 8.556540361992493e-05,
        "ma_7": 0.25248571428571426,
        "ma_25": 0.252328,
        "volume": 1338.0,
        "price_change": 0.00030000000000002247,
        "signal": "BUY",
        "confidence": 0.7,
        "price_change_percent": 0.1187648456057096,
        "reason": "روند صعودی قوی"
      },
      "saved": false,
      "candles_analyzed": 50
    },
    {
      "coin_id": 1941,
      "symbol": "WUSDT",
      "status": "completed",
      "analysis": {
        "current_price": 0.0334,
        "rsi": 44.44444444444427,
        "macd": -3.659558453036893e-05,
        "ma_7": 0.033414285714285716,
        "ma_25": 0.033452,
        "volume": 3283.9,
        "price_change": -0.00010000000000000286,
        "signal": "SELL",
        "confidence": 0.7,
        "price_change_percent": -0.2985074626865757,
        "reason": "روند نزولی قوی"
      },
      "saved": false,
      "candles_analyzed": 50
    },
    {
      "coin_id": 1474,
      "symbol": "FOLKSUSDT",
      "status": "failed",
      "reason": "no_data"
    },
    {
      "coin_id": 1664,
      "symbol": "LISTAUSDT",
      "status": "completed",
      "analysis": {
        "current_price": 0.1469,
        "rsi": 57.14285714285714,
        "macd": -9.094193747105628e-05,
        "ma_7": 0.14617142857142856,
        "ma_25": 0.146452,
        "volume": 2702.1,
        "price_change": 0.0005999999999999894,
        "signal": "HOLD",
        "confidence": 0.5,
        "price_change_percent": 0.41011619958987655
      },
      "saved": false,
      "candles_analyzed": 50
    },
    {
      "coin_id": 1231,
      "symbol": "STXUSDT",
      "status": "completed",
      "analysis": {
        "current_price": 0.2402,
        "rsi": 61.538461538461206,
        "macd": 0.00019927733646424306,
        "ma_7": 0.24037142857142854,
        "ma_25": 0.23988400000000001,
        "volume": 4918.3,
        "price_change": -0.00040000000000001146,
        "signal": "HOLD",
        "confidence": 0.5,
        "price_change_percent": -0.16625103906899893
      },
      "saved": false,
      "candles_analyzed": 50
    },
    {
      "coin_id": 1497,
      "symbol": "IOTXUSDT",
      "status": "completed",
      "analysis": {
        "current_price": 0.00693,
        "rsi": 50.0,
        "macd": 1.3290173927395926e-06,
        "ma_7": 0.0069271428571428565,
        "ma_25": 0.006924400000000001,
        "volume": 0.0,
        "price_change": 1.000000000000046e-05,
        "signal": "BUY",
        "confidence": 0.7,
        "price_change_percent": 0.14450867052023786,
        "reason": "روند صعودی قوی"
      },
      "saved": false,
      "candles_analyzed": 50
    },
    {
      "coin_id": 1309,
      "symbol": "EIGENUSDT",
      "status": "completed",
      "analysis": {
        "current_price": 0.374,
        "rsi": 55.55555555555556,
        "macd": 0.00020237871490658144,
        "ma_7": 0.3732857142857143,
        "ma_25": 0.37284000000000006,
        "volume": 42452.93,
        "price_change": 0.0010000000000000009,
        "signal": "BUY",
        "confidence": 0.7,
        "price_change_percent": 0.26809651474530855,
        "reason": "روند صعودی قوی"
      },
      "saved": false,
      "candles_analyzed": 50
    },
    {
      "coin_id": 1314,
      "symbol": "IMXUSDT",
      "status": "completed",
      "analysis": {
        "current_price": 0.225,
        "rsi": 42.857142857142854,
        "macd": 7.805393579521369e-05,
        "ma_7": 0.2245714285714286,
        "ma_25": 0.2242,
        "volume": 7771.71,
        "price_change": 0.0,
        "signal": "BUY",
        "confidence": 0.7,
        "price_change_percent": 0.0,
        "reason": "روند صعودی قوی"
      },
      "saved": false,
      "candles_analyzed": 50
    }
  ]
}