{
  "block_id": 9,
  "processed_at": "2025-12-24T15:09:39.828662",
  "execution_time_seconds": 0.373557,
  "total_coins": 25,
  "successful_coins": 25,
  "failed_coins": 0,
  "signals_generated": 6,
  "results": [
    {
      "coin_id": 1305,
      "symbol": "WALUSDT",
      "status": "completed",
      "analysis": {
        "current_price": 0.1177,
        "rsi": null,
        "macd": null,
        "ma_7": null,
        "ma_25": null,
        "volume": 3015.2,
        "price_change": 0.0,
        "signal": "HOLD",
        "confidence": 0.5,
        "price_change_percent": 0.0
      },
      "saved": false,
      "candles_analyzed": 50
    },
    {
      "coin_id": 1871,
      "symbol": "NILUSDT",
      "status": "completed",
      "analysis": {
        "current_price": 0.0642,
        "rsi": 55.0,
        "macd": null,
        "ma_7": 0.06422857142857143,
        "ma_25": 0.06354400000000002,
        "volume": 26363.6,
        "price_change": -0.00020000000000000573,
        "signal": "HOLD",
        "confidence": 0.5,
        "price_change_percent": -0.31055900621118904
      },
      "saved": false,
      "candles_analyzed": 50
    },
    {
      "coin_id": 1313,
      "symbol": "EGLDUSDT",
      "status": "completed",
      "analysis": {
        "current_price": 6.3,
        "rsi": null,
        "macd": null,
        "ma_7": null,
        "ma_25": null,
        "volume": 174.28,
        "price_change": 0.019999999999999574,
        "signal": "HOLD",
        "confidence": 0.5,
        "price_change_percent": 0.31847133757961105
      },
      "saved": false,
      "candles_analyzed": 50
    },
    {
      "coin_id": 1807,
      "symbol": "SANTOSUSDT",
      "status": "completed",
      "analysis": {
        "current_price": 1.625,
        "rsi": 55.0,
        "macd": null,
        "ma_7": 1.6255714285714284,
        "ma_25": 1.6299599999999996,
        "volume": 20.47,
        "price_change": -0.0009999999999998899,
        "signal": "SELL",
        "confidence": 0.7,
        "price_change_percent": -0.06150061500614329,
        "reason": "روند نزولی قوی"
      },
      "saved": false,
      "candles_analyzed": 50
    },
    {
      "coin_id": 2020,
      "symbol": "WANUSDT",
      "status": "completed",
      "analysis": {
        "current_price": 0.0704,
        "rsi": null,
        "macd": null,
        "ma_7": null,
        "ma_25": null,
        "volume": 1556.0,
        "price_change": -0.00019999999999999185,
        "signal": "HOLD",
        "confidence": 0.5,
        "price_change_percent": -0.28328611898015843
      },
      "saved": false,
      "candles_analyzed": 50
    },
    {
      "coin_id": 1476,
      "symbol": "BIOUSDT",
      "status": "completed",
      "analysis": {
        "current_price": 0.0412,
        "rsi": null,
        "macd": null,
        "ma_7": null,
        "ma_25": null,
        "volume": 200326.1,
        "price_change": 0.00010000000000000286,
        "signal": "HOLD",
        "confidence": 0.5,
        "price_change_percent": 0.243309002433097
      },
      "saved": false,
      "candles_analyzed": 50
    },
    {
      "coin_id": 2007,
      "symbol": "BELUSDT",
      "status": "completed",
      "analysis": {
        "current_price": 0.1211,
        "rsi": 55.0,
        "macd": null,
        "ma_7": 0.12121428571428572,
        "ma_25": 0.12159600000000001,
        "volume": 1980.0,
        "price_change": -0.00020000000000000573,
        "signal": "SELL",
        "confidence": 0.7,
        "price_change_percent": -0.16488046166529738,
        "reason": "روند نزولی قوی"
      },
      "saved": false,
      "candles_analyzed": 50
    },
    {
      "coin_id": 1938,
      "symbol": "SUSDT",
      "status": "completed",
      "analysis": {
        "current_price": 0.0694,
        "rsi": 55.0,
        "macd": null,
        "ma_7": 0.06945714285714287,
        "ma_25": 0.06911599999999998,
        "volume": 100232.1,
        "price_change": -0.00010000000000000286,
        "signal": "HOLD",
        "confidence": 0.5,
        "price_change_percent": -0.14388489208633504
      },
      "saved": false,
      "candles_analyzed": 50
    },
    {
      "coin_id": 1925,
      "symbol": "USDCUSDT",
      "status": "completed",
      "analysis": {
        "current_price": 1.0003,
        "rsi": null,
        "macd": null,
        "ma_7": null,
        "ma_25": null,
        "volume": 940081.0,
        "price_change": 0.0,
        "signal": "HOLD",
        "confidence": 0.5,
        "price_change_percent": 0.0
      },
      "saved": false,
      "candles_analyzed": 50
    },
    {
      "coin_id": 1549,
      "symbol": "BANDUSDT",
      "status": "completed",
      "analysis": {
        "current_price": 0.315,
        "rsi": 55.0,
        "macd": null,
        "ma_7": 0.316,
        "ma_25": 0.31548000000000004,
        "volume": 34.2,
        "price_change": -0.0010000000000000009,
        "signal": "HOLD",
        "confidence": 0.5,
        "price_change_percent": -0.31645569620253194
      },
      "saved": false,
      "candles_analyzed": 50
    },
    {
      "coin_id": 1183,
      "symbol": "WLDUSDT",
      "status": "completed",
      "analysis": {
        "current_price": 0.4824,
        "rsi": null,
        "macd": null,
        "ma_7": null,
        "ma_25": null,
        "volume": 5067.3,
        "price_change": -9.999999999998899e-05,
        "signal": "HOLD",
        "confidence": 0.5,
        "price_change_percent": -0.020725388601033987
      },
      "saved": false,
      "candles_analyzed": 50
    },
    {
      "coin_id": 1668,
      "symbol": "LAYERUSDT",
      "status": "completed",
      "analysis": {
        "current_price": 0.162,
        "rsi": 55.0,
        "macd": null,
        "ma_7": 0.16228571428571428,
        "ma_25": 0.162076,
        "volume": 30036.24,
        "price_change": -0.0003999999999999837,
        "signal": "HOLD",
        "confidence": 0.5,
        "price_change_percent": -0.2463054187192018
      },
      "saved": false,
      "candles_analyzed": 50
    },
    {
      "coin_id": 1800,
      "symbol": "PARTIUSDT",
      "status": "completed",
      "analysis": {
        "current_price": 0.097,
        "rsi": 55.0,
        "macd": null,
        "ma_7": 0.09684285714285713,
        "ma_25": 0.09701599999999999,
        "volume": 52961.4,
        "price_change": 0.00020000000000000573,
        "signal": "HOLD",
        "confidence": 0.5,
        "price_change_percent": 0.2066115702479398
      },
      "saved": false,
      "candles_analyzed": 50
    },
    {
      "coin_id": 1548,
      "symbol": "HUMAUSDT",
      "status": "completed",
      "analysis": {
        "current_price": 0.03125,
        "rsi": 55.0,
        "macd": null,
        "ma_7": 0.031165714285714286,
        "ma_25": 0.0312352,
        "volume": 485741.0,
        "price_change": 8.000000000000021e-05,
        "signal": "HOLD",
        "confidence": 0.5,
        "price_change_percent": 0.2566570420275913
      },
      "saved": false,
      "candles_analyzed": 50
    },
    {
      "coin_id": 1488,
      "symbol": "LRCUSDT",
      "status": "completed",
      "analysis": {
        "current_price": 0.0556,
        "rsi": 55.0,
        "macd": null,
        "ma_7": 0.05567142857142856,
        "ma_25": 0.055480000000000015,
        "volume": 11128.0,
        "price_change": 0.0,
        "signal": "HOLD",
        "confidence": 0.5,
        "price_change_percent": 0.0
      },
      "saved": false,
      "candles_analyzed": 50
    },
    {
      "coin_id": 1632,
      "symbol": "STRAXUSDT",
      "status": "completed",
      "analysis": {
        "current_price": 0.01907,
        "rsi": 55.0,
        "macd": null,
        "ma_7": 0.019078571428571427,
        "ma_25": 0.0191068,
        "volume": 1383.0,
        "price_change": -1.9999999999999185e-05,
        "signal": "SELL",
        "confidence": 0.7,
        "price_change_percent": -0.10476689366159866,
        "reason": "روند نزولی قوی"
      },
      "saved": false,
      "candles_analyzed": 50
    },
    {
      "coin_id": 1912,
      "symbol": "FORTHUSDT",
      "status": "completed",
      "analysis": {
        "current_price": 1.533,
        "rsi": 55.0,
        "macd": null,
        "ma_7": 1.5369999999999997,
        "ma_25": 1.5441199999999997,
        "volume": 4.59,
        "price_change": -0.001000000000000112,
        "signal": "SELL",
        "confidence": 0.7,
        "price_change_percent": -0.06518904823990299,
        "reason": "روند نزولی قوی"
      },
      "saved": false,
      "candles_analyzed": 50
    },
    {
      "coin_id": 1359,
      "symbol": "TFUELUSDT",
      "status": "completed",
      "analysis": {
        "current_price": 0.01832,
        "rsi": null,
        "macd": null,
        "ma_7": null,
        "ma_25": null,
        "volume": 194028.0,
        "price_change": -6.0000000000001025e-05,
        "signal": "HOLD",
        "confidence": 0.5,
        "price_change_percent": -0.32644178454842776
      },
      "saved": false,
      "candles_analyzed": 50
    },
    {
      "coin_id": 1831,
      "symbol": "NOMUSDT",
      "status": "completed",
      "analysis": {
        "current_price": 0.0072,
        "rsi": 55.0,
        "macd": null,
        "ma_7": 0.007164285714285714,
        "ma_25": 0.0072392,
        "volume": 31437.0,
        "price_change": 2.0000000000000052e-05,
        "signal": "HOLD",
        "confidence": 0.5,
        "price_change_percent": 0.2785515320334269
      },
      "saved": false,
      "candles_analyzed": 50
    },
    {
      "coin_id": 1454,
      "symbol": "BERAUSDT",
      "status": "completed",
      "analysis": {
        "current_price": 0.582,
        "rsi": 55.0,
        "macd": null,
        "ma_7": 0.5794285714285714,
        "ma_25": 0.5780000000000001,
        "volume": 4468.024,
        "price_change": 0.0010000000000000009,
        "signal": "BUY",
        "confidence": 0.7,
        "price_change_percent": 0.17211703958691926,
        "reason": "روند صعودی قوی"
      },
      "saved": false,
      "candles_analyzed": 50
    },
    {
      "coin_id": 1992,
      "symbol": "2ZUSDT",
      "status": "completed",
      "analysis": {
        "current_price": 0.10801,
        "rsi": 55.0,
        "macd": null,
        "ma_7": 0.1070957142857143,
        "ma_25": 0.1071132,
        "volume": 29013.0,
        "price_change": 0.0003499999999999892,
        "signal": "HOLD",
        "confidence": 0.5,
        "price_change_percent": 0.3250975292587676
      },
      "saved": false,
      "candles_analyzed": 50
    },
    {
      "coin_id": 1896,
      "symbol": "FUNUSDT",
      "status": "completed",
      "analysis": {
        "current_price": 0.001654,
        "rsi": 55.0,
        "macd": null,
        "ma_7": 0.0016535714285714283,
        "ma_25": 0.0016533600000000006,
        "volume": 662505.0,
        "price_change": 0.0,
        "signal": "BUY",
        "confidence": 0.7,
        "price_change_percent": 0.0,
        "reason": "روند صعودی قوی"
      },
      "saved": false,
      "candles_analyzed": 50
    },
    {
      "coin_id": 1523,
      "symbol": "LAUSDT",
      "status": "completed",
      "analysis": {
        "current_price": 0.292,
        "rsi": 55.0,
        "macd": null,
        "ma_7": 0.29112857142857135,
        "ma_25": 0.29188400000000003,
        "volume": 3508.2,
        "price_change": 9.999999999998899e-05,
        "signal": "HOLD",
        "confidence": 0.5,
        "price_change_percent": 0.034258307639598834
      },
      "saved": false,
      "candles_analyzed": 50
    },
    {
      "coin_id": 1943,
      "symbol": "TURTLEUSDT",
      "status": "completed",
      "analysis": {
        "current_price": 0.0572,
        "rsi": 55.0,
        "macd": null,
        "ma_7": 0.05702857142857143,
        "ma_25": 0.05707199999999999,
        "volume": 8958.8,
        "price_change": 0.00010000000000000286,
        "signal": "HOLD",
        "confidence": 0.5,
        "price_change_percent": 0.17513134851138856
      },
      "saved": false,
      "candles_analyzed": 50
    },
    {
      "coin_id": 1477,
      "symbol": "BLURUSDT",
      "status": "completed",
      "analysis": {
        "current_price": 0.02746,
        "rsi": 55.0,
        "macd": null,
        "ma_7": 0.027421428571428572,
        "ma_25": 0.027432400000000003,
        "volume": 958.6,
        "price_change": 1.9999999999999185e-05,
        "signal": "HOLD",
        "confidence": 0.5,
        "price_change_percent": 0.07288629737609033
      },
      "saved": false,
      "candles_analyzed": 50
    }
  ]
}