{
  "block_id": 2,
  "processed_at": "2025-12-25T14:59:45.371305",
  "execution_time_seconds": 0.249003,
  "total_coins": 25,
  "successful_coins": 24,
  "failed_coins": 1,
  "signals_generated": 16,
  "results": [
    {
      "coin_id": 1328,
      "symbol": "AMPUSDT",
      "status": "completed",
      "analysis": {
        "current_price": 0.001729,
        "rsi": 52.63157894736878,
        "macd": 7.963689649991348e-07,
        "ma_7": 0.001731,
        "ma_25": 0.0017304799999999997,
        "volume": 364273.0,
        "price_change": -2.9999999999999645e-06,
        "signal": "HOLD",
        "confidence": 0.5,
        "price_change_percent": -0.1732101616628155
      },
      "saved": false,
      "candles_analyzed": 50
    },
    {
      "coin_id": 1572,
      "symbol": "XUSDUSDT",
      "status": "completed",
      "analysis": {
        "current_price": 1.0005,
        "rsi": 42.857142857142854,
        "macd": -1.55437171769357e-05,
        "ma_7": 1.000542857142857,
        "ma_25": 1.000572,
        "volume": 0.0,
        "price_change": 0.0,
        "signal": "SELL",
        "confidence": 0.7,
        "price_change_percent": 0.0,
        "reason": "روند نزولی قوی"
      },
      "saved": false,
      "candles_analyzed": 50
    },
    {
      "coin_id": 1501,
      "symbol": "SAHARAUSDT",
      "status": "completed",
      "analysis": {
        "current_price": 0.02674,
        "rsi": 8.571428571428314,
        "macd": -4.271306383649143e-05,
        "ma_7": 0.02677,
        "ma_25": 0.026906799999999998,
        "volume": 0.0,
        "price_change": 0.0,
        "signal": "SELL",
        "confidence": 0.8,
        "price_change_percent": 0.0,
        "reason": "روند نزولی قوی"
      },
      "saved": false,
      "candles_analyzed": 50
    },
    {
      "coin_id": 1581,
      "symbol": "UXPLUSDT",
      "status": "failed",
      "reason": "no_data"
    },
    {
      "coin_id": 1625,
      "symbol": "USUALUSDT",
      "status": "completed",
      "analysis": {
        "current_price": 0.0248,
        "rsi": 62.50000000000001,
        "macd": 8.933253387919185e-05,
        "ma_7": 0.024728571428571426,
        "ma_25": 0.024644000000000003,
        "volume": 0.0,
        "price_change": 0.0,
        "signal": "BUY",
        "confidence": 0.7,
        "price_change_percent": 0.0,
        "reason": "روند صعودی قوی"
      },
      "saved": false,
      "candles_analyzed": 50
    },
    {
      "coin_id": 1696,
      "symbol": "DIAUSDT",
      "status": "completed",
      "analysis": {
        "current_price": 0.2738,
        "rsi": 42.8571428571421,
        "macd": 0.00027105394855730935,
        "ma_7": 0.27368571428571425,
        "ma_25": 0.273372,
        "volume": 388.8,
        "price_change": 0.0,
        "signal": "BUY",
        "confidence": 0.7,
        "price_change_percent": 0.0,
        "reason": "روند صعودی قوی"
      },
      "saved": false,
      "candles_analyzed": 50
    },
    {
      "coin_id": 1213,
      "symbol": "PENGUUSDT",
      "status": "completed",
      "analysis": {
        "current_price": 0.009146,
        "rsi": 34.466019417475735,
        "macd": 2.3360989707035124e-06,
        "ma_7": 0.009143142857142858,
        "ma_25": 0.00918092,
        "volume": 281380.0,
        "price_change": -1.3000000000000858e-05,
        "signal": "HOLD",
        "confidence": 0.5,
        "price_change_percent": -0.14193689267388204
      },
      "saved": false,
      "candles_analyzed": 50
    },
    {
      "coin_id": 1449,
      "symbol": "MEUSDT",
      "status": "completed",
      "analysis": {
        "current_price": 0.2005,
        "rsi": 50.0,
        "macd": 0.00010181271861708918,
        "ma_7": 0.20047142857142858,
        "ma_25": 0.20042800000000002,
        "volume": 0.0,
        "price_change": 0.0,
        "signal": "BUY",
        "confidence": 0.7,
        "price_change_percent": 0.0,
        "reason": "روند صعودی قوی"
      },
      "saved": false,
      "candles_analyzed": 50
    },
    {
      "coin_id": 1871,
      "symbol": "NILUSDT",
      "status": "completed",
      "analysis": {
        "current_price": 0.0702,
        "rsi": 60.8695652173912,
        "macd": 0.00019858579548505395,
        "ma_7": 0.07024285714285713,
        "ma_25": 0.069728,
        "volume": 2686.0,
        "price_change": 0.00010000000000000286,
        "signal": "HOLD",
        "confidence": 0.5,
        "price_change_percent": 0.14265335235378443
      },
      "saved": false,
      "candles_analyzed": 50
    },
    {
      "coin_id": 1191,
      "symbol": "ARBUSDT",
      "status": "completed",
      "analysis": {
        "current_price": 0.1875,
        "rsi": 50.0,
        "macd": 2.882394908254593e-05,
        "ma_7": 0.18744285714285716,
        "ma_25": 0.18753600000000004,
        "volume": 5572.9,
        "price_change": -9.999999999998899e-05,
        "signal": "HOLD",
        "confidence": 0.5,
        "price_change_percent": -0.05330490405116684
      },
      "saved": false,
      "candles_analyzed": 50
    },
    {
      "coin_id": 1450,
      "symbol": "ORDIUSDT",
      "status": "completed",
      "analysis": {
        "current_price": 3.984,
        "rsi": 61.8181818181816,
        "macd": 0.007286305313896513,
        "ma_7": 3.9834285714285715,
        "ma_25": 3.97604,
        "volume": 23.9,
        "price_change": -0.006000000000000227,
        "signal": "BUY",
        "confidence": 0.7,
        "price_change_percent": -0.15037593984962974,
        "reason": "روند صعودی قوی"
      },
      "saved": false,
      "candles_analyzed": 50
    },
    {
      "coin_id": 1523,
      "symbol": "LAUSDT",
      "status": "completed",
      "analysis": {
        "current_price": 0.2969,
        "rsi": 21.87499999999946,
        "macd": -0.00025804949737784355,
        "ma_7": 0.29660000000000003,
        "ma_25": 0.298,
        "volume": 0.0,
        "price_change": 0.0,
        "signal": "BUY",
        "confidence": 0.8,
        "price_change_percent": 0.0,
        "reason": "RSI اشباع فروش"
      },
      "saved": false,
      "candles_analyzed": 50
    },
    {
      "coin_id": 1236,
      "symbol": "JSTUSDT",
      "status": "completed",
      "analysis": {
        "current_price": 0.03905,
        "rsi": 76.47058823529676,
        "macd": 9.434984063548535e-06,
        "ma_7": 0.03904285714285714,
        "ma_25": 0.039005200000000004,
        "volume": 927.1,
        "price_change": 0.0,
        "signal": "BUY",
        "confidence": 0.8,
        "price_change_percent": 0.0,
        "reason": "روند صعودی قوی"
      },
      "saved": false,
      "candles_analyzed": 50
    },
    {
      "coin_id": 1956,
      "symbol": "EDENUSDT",
      "status": "completed",
      "analysis": {
        "current_price": 0.0657,
        "rsi": 53.84615384615351,
        "macd": 6.31883198401878e-05,
        "ma_7": 0.06561428571428571,
        "ma_25": 0.065648,
        "volume": 567.2,
        "price_change": 9.999999999998899e-05,
        "signal": "HOLD",
        "confidence": 0.5,
        "price_change_percent": 0.1524390243902271
      },
      "saved": false,
      "candles_analyzed": 50
    },
    {
      "coin_id": 1193,
      "symbol": "ALGOUSDT",
      "status": "completed",
      "analysis": {
        "current_price": 0.1124,
        "rsi": 42.85714285714271,
        "macd": 0.00011521608900609548,
        "ma_7": 0.11232857142857143,
        "ma_25": 0.11225999999999998,
        "volume": 5464.0,
        "price_change": 0.0,
        "signal": "BUY",
        "confidence": 0.7,
        "price_change_percent": 0.0,
        "reason": "روند صعودی قوی"
      },
      "saved": false,
      "candles_analyzed": 50
    },
    {
      "coin_id": 1955,
      "symbol": "WCTUSDT",
      "status": "completed",
      "analysis": {
        "current_price": 0.0765,
        "rsi": 71.42857142857143,
        "macd": 0.0006513443199336472,
        "ma_7": 0.0768,
        "ma_25": 0.075544,
        "volume": 366.0,
        "price_change": 0.0,
        "signal": "SELL",
        "confidence": 0.8,
        "price_change_percent": 0.0,
        "reason": "RSI اشباع خرید"
      },
      "saved": false,
      "candles_analyzed": 50
    },
    {
      "coin_id": 1197,
      "symbol": "NEXOUSDT",
      "status": "completed",
      "analysis": {
        "current_price": 0.907,
        "rsi": 42.857142857142854,
        "macd": -0.0015514929469340188,
        "ma_7": 0.9071428571428571,
        "ma_25": 0.91096,
        "volume": 13.38,
        "price_change": 0.0,
        "signal": "SELL",
        "confidence": 0.7,
        "price_change_percent": 0.0,
        "reason": "روند نزولی قوی"
      },
      "saved": false,
      "candles_analyzed": 50
    },
    {
      "coin_id": 1594,
      "symbol": "GMTUSDT",
      "status": "completed",
      "analysis": {
        "current_price": 0.01463,
        "rsi": 34.04255319148946,
        "macd": -2.0104330396805356e-05,
        "ma_7": 0.01467,
        "ma_25": 0.014731600000000001,
        "volume": 13738.6,
        "price_change": -1.9999999999999185e-05,
        "signal": "SELL",
        "confidence": 0.7,
        "price_change_percent": -0.13651877133105245,
        "reason": "روند نزولی قوی"
      },
      "saved": false,
      "candles_analyzed": 50
    },
    {
      "coin_id": 2011,
      "symbol": "TKOUSDT",
      "status": "completed",
      "analysis": {
        "current_price": 0.0814,
        "rsi": 57.14285714285705,
        "macd": 0.0002079203650245387,
        "ma_7": 0.08151428571428572,
        "ma_25": 0.08114,
        "volume": 0.0,
        "price_change": 0.0,
        "signal": "HOLD",
        "confidence": 0.5,
        "price_change_percent": 0.0
      },
      "saved": false,
      "candles_analyzed": 50
    },
    {
      "coin_id": 1807,
      "symbol": "SANTOSUSDT",
      "status": "completed",
      "analysis": {
        "current_price": 1.641,
        "rsi": 26.66666666666687,
        "macd": -0.00028522362727168016,
        "ma_7": 1.6454285714285712,
        "ma_25": 1.6471600000000002,
        "volume": 0.0,
        "price_change": 0.0,
        "signal": "SELL",
        "confidence": 0.8,
        "price_change_percent": 0.0,
        "reason": "روند نزولی قوی"
      },
      "saved": false,
      "candles_analyzed": 50
    },
    {
      "coin_id": 1466,
      "symbol": "ELFUSDT",
      "status": "completed",
      "analysis": {
        "current_price": 0.2272,
        "rsi": 44.488188976377955,
        "macd": 0.001960769474655649,
        "ma_7": 0.2235,
        "ma_25": 0.222884,
        "volume": 35857.1,
        "price_change": 0.0018000000000000238,
        "signal": "BUY",
        "confidence": 0.7,
        "price_change_percent": 0.7985803016859024,
        "reason": "روند صعودی قوی"
      },
      "saved": false,
      "candles_analyzed": 50
    },
    {
      "coin_id": 2013,
      "symbol": "NKNUSDT",
      "status": "completed",
      "analysis": {
        "current_price": 0.0116,
        "rsi": 57.14285714285714,
        "macd": 2.3851744491544882e-05,
        "ma_7": 0.011585714285714284,
        "ma_25": 0.011556,
        "volume": 0.0,
        "price_change": 0.0,
        "signal": "BUY",
        "confidence": 0.7,
        "price_change_percent": 0.0,
        "reason": "روند صعودی قوی"
      },
      "saved": false,
      "candles_analyzed": 50
    },
    {
      "coin_id": 1541,
      "symbol": "OGUSDT",
      "status": "completed",
      "analysis": {
        "current_price": 12.047,
        "rsi": 62.33766233766243,
        "macd": 0.0018138479299558696,
        "ma_7": 12.049999999999999,
        "ma_25": 12.03812,
        "volume": 0.0,
        "price_change": 0.0,
        "signal": "HOLD",
        "confidence": 0.5,
        "price_change_percent": 0.0
      },
      "saved": false,
      "candles_analyzed": 50
    },
    {
      "coin_id": 1188,
      "symbol": "POLUSDT",
      "status": "completed",
      "analysis": {
        "current_price": 0.1062,
        "rsi": 60.0,
        "macd": 0.00012813383457813132,
        "ma_7": 0.10602857142857143,
        "ma_25": 0.10591199999999999,
        "volume": 8355.4,
        "price_change": 0.00010000000000000286,
        "signal": "BUY",
        "confidence": 0.7,
        "price_change_percent": 0.0942507068803043,
        "reason": "روند صعودی قوی"
      },
      "saved": false,
      "candles_analyzed": 50
    },
    {
      "coin_id": 1271,
      "symbol": "THETAUSDT",
      "status": "completed",
      "analysis": {
        "current_price": 0.27,
        "rsi": 50.0,
        "macd": 5.572538653292325e-05,
        "ma_7": 0.27,
        "ma_25": 0.27028,
        "volume": 0.0,
        "price_change": 0.0,
        "signal": "HOLD",
        "confidence": 0.5,
        "price_change_percent": 0.0
      },
      "saved": false,
      "candles_analyzed": 50
    }
  ]
}