{
  "block_id": 12,
  "processed_at": "2025-12-24T15:14:12.128866",
  "execution_time_seconds": 0.188998,
  "total_coins": 21,
  "successful_coins": 20,
  "failed_coins": 1,
  "signals_generated": 9,
  "results": [
    {
      "coin_id": 1240,
      "symbol": "STRKUSDT",
      "status": "completed",
      "analysis": {
        "current_price": 0.078,
        "rsi": null,
        "macd": null,
        "ma_7": null,
        "ma_25": null,
        "volume": 297868.42,
        "price_change": 0.0,
        "signal": "HOLD",
        "confidence": 0.5,
        "price_change_percent": 0.0
      },
      "saved": false,
      "candles_analyzed": 50
    },
    {
      "coin_id": 1921,
      "symbol": "TREEUSDT",
      "status": "completed",
      "analysis": {
        "current_price": 0.1097,
        "rsi": null,
        "macd": null,
        "ma_7": null,
        "ma_25": null,
        "volume": 2520.6,
        "price_change": 0.0,
        "signal": "HOLD",
        "confidence": 0.5,
        "price_change_percent": 0.0
      },
      "saved": false,
      "candles_analyzed": 50
    },
    {
      "coin_id": 1555,
      "symbol": "PLUMEUSDT",
      "status": "completed",
      "analysis": {
        "current_price": 0.01722,
        "rsi": 55.0,
        "macd": null,
        "ma_7": 0.017305714285714282,
        "ma_25": 0.017386800000000004,
        "volume": 366.0,
        "price_change": -4.000000000000184e-05,
        "signal": "SELL",
        "confidence": 0.7,
        "price_change_percent": -0.23174971031287278,
        "reason": "روند نزولی قوی"
      },
      "saved": false,
      "candles_analyzed": 50
    },
    {
      "coin_id": 1335,
      "symbol": "DEXEUSDT",
      "status": "completed",
      "analysis": {
        "current_price": 2.839,
        "rsi": null,
        "macd": null,
        "ma_7": null,
        "ma_25": null,
        "volume": 439.14,
        "price_change": 0.0030000000000001137,
        "signal": "HOLD",
        "confidence": 0.5,
        "price_change_percent": 0.1057827926657304
      },
      "saved": false,
      "candles_analyzed": 50
    },
    {
      "coin_id": 1982,
      "symbol": "A2ZUSDT",
      "status": "completed",
      "analysis": {
        "current_price": 0.001329,
        "rsi": 55.0,
        "macd": null,
        "ma_7": 0.0013297142857142859,
        "ma_25": 0.0013291199999999998,
        "volume": 63350.0,
        "price_change": -9.999999999999159e-07,
        "signal": "HOLD",
        "confidence": 0.5,
        "price_change_percent": -0.0751879699248057
      },
      "saved": false,
      "candles_analyzed": 50
    },
    {
      "coin_id": 1951,
      "symbol": "MLNUSDT",
      "status": "completed",
      "analysis": {
        "current_price": 4.96,
        "rsi": 55.0,
        "macd": null,
        "ma_7": 4.951428571428571,
        "ma_25": 4.9075999999999995,
        "volume": 556.126,
        "price_change": -0.009999999999999787,
        "signal": "BUY",
        "confidence": 0.7,
        "price_change_percent": -0.2012072434607603,
        "reason": "روند صعودی قوی"
      },
      "saved": false,
      "candles_analyzed": 50
    },
    {
      "coin_id": 1354,
      "symbol": "QTUMUSDT",
      "status": "completed",
      "analysis": {
        "current_price": 1.236,
        "rsi": null,
        "macd": null,
        "ma_7": null,
        "ma_25": null,
        "volume": 72.7,
        "price_change": 0.0,
        "signal": "HOLD",
        "confidence": 0.5,
        "price_change_percent": 0.0
      },
      "saved": false,
      "candles_analyzed": 50
    },
    {
      "coin_id": 1629,
      "symbol": "CTKUSDT",
      "status": "completed",
      "analysis": {
        "current_price": 0.2603,
        "rsi": 55.0,
        "macd": null,
        "ma_7": 0.2598857142857143,
        "ma_25": 0.263024,
        "volume": 57.9,
        "price_change": 0.00029999999999996696,
        "signal": "HOLD",
        "confidence": 0.5,
        "price_change_percent": 0.11538461538460267
      },
      "saved": false,
      "candles_analyzed": 50
    },
    {
      "coin_id": 1440,
      "symbol": "ASTRUSDT",
      "status": "completed",
      "analysis": {
        "current_price": 0.00974,
        "rsi": 55.0,
        "macd": null,
        "ma_7": 0.009735714285714287,
        "ma_25": 0.0097264,
        "volume": 0.0,
        "price_change": 0.0,
        "signal": "BUY",
        "confidence": 0.7,
        "price_change_percent": 0.0,
        "reason": "روند صعودی قوی"
      },
      "saved": false,
      "candles_analyzed": 50
    },
    {
      "coin_id": 1669,
      "symbol": "OCEANUSDT",
      "status": "completed",
      "analysis": {
        "current_price": 0.6123,
        "rsi": 55.0,
        "macd": null,
        "ma_7": 0.6145428571428572,
        "ma_25": 0.614372,
        "volume": 141857.0,
        "price_change": -0.000500000000000056,
        "signal": "HOLD",
        "confidence": 0.5,
        "price_change_percent": -0.08159268929504829
      },
      "saved": false,
      "candles_analyzed": 50
    },
    {
      "coin_id": 1196,
      "symbol": "ATOMUSDT",
      "status": "completed",
      "analysis": {
        "current_price": 1.933,
        "rsi": null,
        "macd": null,
        "ma_7": null,
        "ma_25": null,
        "volume": 546.61,
        "price_change": 0.0,
        "signal": "HOLD",
        "confidence": 0.5,
        "price_change_percent": 0.0
      },
      "saved": false,
      "candles_analyzed": 50
    },
    {
      "coin_id": 1270,
      "symbol": "FLOWUSDT",
      "status": "completed",
      "analysis": {
        "current_price": 0.168,
        "rsi": null,
        "macd": null,
        "ma_7": null,
        "ma_25": null,
        "volume": 414.12,
        "price_change": -0.0010000000000000009,
        "signal": "HOLD",
        "confidence": 0.5,
        "price_change_percent": -0.5917159763313614
      },
      "saved": false,
      "candles_analyzed": 50
    },
    {
      "coin_id": 1532,
      "symbol": "PUNDIXUSDT",
      "status": "completed",
      "analysis": {
        "current_price": 0.2262,
        "rsi": 55.0,
        "macd": null,
        "ma_7": 0.22594285714285714,
        "ma_25": 0.22586399999999998,
        "volume": 181.7,
        "price_change": 0.00030000000000002247,
        "signal": "BUY",
        "confidence": 0.7,
        "price_change_percent": 0.13280212483400727,
        "reason": "روند صعودی قوی"
      },
      "saved": false,
      "candles_analyzed": 50
    },
    {
      "coin_id": 1401,
      "symbol": "ZRXUSDT",
      "status": "completed",
      "analysis": {
        "current_price": 0.1155,
        "rsi": 55.0,
        "macd": null,
        "ma_7": 0.11545714285714288,
        "ma_25": 0.115228,
        "volume": 0.0,
        "price_change": 0.0,
        "signal": "BUY",
        "confidence": 0.7,
        "price_change_percent": 0.0,
        "reason": "روند صعودی قوی"
      },
      "saved": false,
      "candles_analyzed": 50
    },
    {
      "coin_id": 1849,
      "symbol": "MAVUSDT",
      "status": "completed",
      "analysis": {
        "current_price": 0.02581,
        "rsi": 55.0,
        "macd": null,
        "ma_7": 0.02578285714285714,
        "ma_25": 0.025751999999999997,
        "volume": 17254.0,
        "price_change": 9.999999999999593e-06,
        "signal": "BUY",
        "confidence": 0.7,
        "price_change_percent": 0.038759689922479044,
        "reason": "روند صعودی قوی"
      },
      "saved": false,
      "candles_analyzed": 50
    },
    {
      "coin_id": 1429,
      "symbol": "NIZAUSDT",
      "status": "failed",
      "reason": "no_data"
    },
    {
      "coin_id": 1271,
      "symbol": "THETAUSDT",
      "status": "completed",
      "analysis": {
        "current_price": 0.268,
        "rsi": null,
        "macd": null,
        "ma_7": null,
        "ma_25": null,
        "volume": 10662.9,
        "price_change": 0.0,
        "signal": "HOLD",
        "confidence": 0.5,
        "price_change_percent": 0.0
      },
      "saved": false,
      "candles_analyzed": 50
    },
    {
      "coin_id": 1535,
      "symbol": "MASKUSDT",
      "status": "completed",
      "analysis": {
        "current_price": 0.564,
        "rsi": 55.0,
        "macd": null,
        "ma_7": 0.5632857142857143,
        "ma_25": 0.5627200000000002,
        "volume": 886.5,
        "price_change": 0.0,
        "signal": "BUY",
        "confidence": 0.7,
        "price_change_percent": 0.0,
        "reason": "روند صعودی قوی"
      },
      "saved": false,
      "candles_analyzed": 50
    },
    {
      "coin_id": 1940,
      "symbol": "DOLOUSDT",
      "status": "completed",
      "analysis": {
        "current_price": 0.04132,
        "rsi": 55.0,
        "macd": null,
        "ma_7": 0.0407,
        "ma_25": 0.0404276,
        "volume": 455089.9,
        "price_change": -0.00016999999999999654,
        "signal": "BUY",
        "confidence": 0.7,
        "price_change_percent": -0.4097372860930261,
        "reason": "روند صعودی قوی"
      },
      "saved": false,
      "candles_analyzed": 50
    },
    {
      "coin_id": 1970,
      "symbol": "PIXELUSDT",
      "status": "completed",
      "analysis": {
        "current_price": 0.00797,
        "rsi": 55.0,
        "macd": null,
        "ma_7": 0.007951428571428571,
        "ma_25": 0.0079304,
        "volume": 140740.5,
        "price_change": 0.0,
        "signal": "BUY",
        "confidence": 0.7,
        "price_change_percent": 0.0,
        "reason": "روند صعودی قوی"
      },
      "saved": false,
      "candles_analyzed": 50
    },
    {
      "coin_id": 1241,
      "symbol": "SUNUSDT",
      "status": "completed",
      "analysis": {
        "current_price": 0.02027,
        "rsi": null,
        "macd": null,
        "ma_7": null,
        "ma_25": null,
        "volume": 95788.0,
        "price_change": 9.999999999999593e-06,
        "signal": "HOLD",
        "confidence": 0.5,
        "price_change_percent": 0.04935834155972158
      },
      "saved": false,
      "candles_analyzed": 50
    }
  ]
}