{
  "block_id": 7,
  "processed_at": "2025-12-24T15:06:46.999985",
  "execution_time_seconds": 0.253004,
  "total_coins": 29,
  "successful_coins": 27,
  "failed_coins": 2,
  "signals_generated": 8,
  "results": [
    {
      "coin_id": 1895,
      "symbol": "DODOUSDT",
      "status": "completed",
      "analysis": {
        "current_price": 0.0177,
        "rsi": 55.0,
        "macd": null,
        "ma_7": 0.017699999999999997,
        "ma_25": 0.017783999999999998,
        "volume": 807.9,
        "price_change": 0.0,
        "signal": "HOLD",
        "confidence": 0.5,
        "price_change_percent": 0.0
      },
      "saved": false,
      "candles_analyzed": 50
    },
    {
      "coin_id": 1552,
      "symbol": "ILVUSDT",
      "status": "completed",
      "analysis": {
        "current_price": 5.56,
        "rsi": 55.0,
        "macd": null,
        "ma_7": 5.55,
        "ma_25": 5.5456,
        "volume": 0.0,
        "price_change": 0.0,
        "signal": "BUY",
        "confidence": 0.7,
        "price_change_percent": 0.0,
        "reason": "روند صعودی قوی"
      },
      "saved": false,
      "candles_analyzed": 50
    },
    {
      "coin_id": 1937,
      "symbol": "HEMIUSDT",
      "status": "completed",
      "analysis": {
        "current_price": 0.0147,
        "rsi": null,
        "macd": null,
        "ma_7": null,
        "ma_25": null,
        "volume": 0.0,
        "price_change": 0.0,
        "signal": "HOLD",
        "confidence": 0.5,
        "price_change_percent": 0.0
      },
      "saved": false,
      "candles_analyzed": 50
    },
    {
      "coin_id": 1974,
      "symbol": "FTTUSDT",
      "status": "completed",
      "analysis": {
        "current_price": 0.4865,
        "rsi": 55.0,
        "macd": null,
        "ma_7": 0.48567142857142853,
        "ma_25": 0.48424,
        "volume": 249.62,
        "price_change": -0.00020000000000003348,
        "signal": "BUY",
        "confidence": 0.7,
        "price_change_percent": -0.04109307581673176,
        "reason": "روند صعودی قوی"
      },
      "saved": false,
      "candles_analyzed": 50
    },
    {
      "coin_id": 1999,
      "symbol": "CUSDT",
      "status": "completed",
      "analysis": {
        "current_price": 0.0859,
        "rsi": null,
        "macd": null,
        "ma_7": null,
        "ma_25": null,
        "volume": 2712.0,
        "price_change": 0.00010000000000000286,
        "signal": "HOLD",
        "confidence": 0.5,
        "price_change_percent": 0.11655011655011989
      },
      "saved": false,
      "candles_analyzed": 50
    },
    {
      "coin_id": 1450,
      "symbol": "ORDIUSDT",
      "status": "completed",
      "analysis": {
        "current_price": 3.816,
        "rsi": 55.0,
        "macd": null,
        "ma_7": 3.821857142857143,
        "ma_25": 3.814079999999999,
        "volume": 1495.84,
        "price_change": 0.0009999999999998899,
        "signal": "HOLD",
        "confidence": 0.5,
        "price_change_percent": 0.026212319790298557
      },
      "saved": false,
      "candles_analyzed": 50
    },
    {
      "coin_id": 1511,
      "symbol": "SKLUSDT",
      "status": "completed",
      "analysis": {
        "current_price": 0.00997,
        "rsi": 55.0,
        "macd": null,
        "ma_7": 0.009974285714285713,
        "ma_25": 0.009964400000000002,
        "volume": 27178.0,
        "price_change": 9.999999999999593e-06,
        "signal": "HOLD",
        "confidence": 0.5,
        "price_change_percent": 0.10040160642569873
      },
      "saved": false,
      "candles_analyzed": 50
    },
    {
      "coin_id": 1236,
      "symbol": "JSTUSDT",
      "status": "completed",
      "analysis": {
        "current_price": 0.03935,
        "rsi": null,
        "macd": null,
        "ma_7": null,
        "ma_25": null,
        "volume": 7961.9,
        "price_change": 0.0,
        "signal": "HOLD",
        "confidence": 0.5,
        "price_change_percent": 0.0
      },
      "saved": false,
      "candles_analyzed": 50
    },
    {
      "coin_id": 1959,
      "symbol": "AIUSDT",
      "status": "completed",
      "analysis": {
        "current_price": 0.0367,
        "rsi": 55.0,
        "macd": null,
        "ma_7": 0.03661428571428571,
        "ma_25": 0.03661999999999999,
        "volume": 6408.7,
        "price_change": 0.00010000000000000286,
        "signal": "HOLD",
        "confidence": 0.5,
        "price_change_percent": 0.2732240437158548
      },
      "saved": false,
      "candles_analyzed": 50
    },
    {
      "coin_id": 1378,
      "symbol": "TURBOUSDT",
      "status": "completed",
      "analysis": {
        "current_price": 0.001653,
        "rsi": null,
        "macd": null,
        "ma_7": null,
        "ma_25": null,
        "volume": 995100.0,
        "price_change": 9.999999999999159e-07,
        "signal": "HOLD",
        "confidence": 0.5,
        "price_change_percent": 0.060532687651326626
      },
      "saved": false,
      "candles_analyzed": 50
    },
    {
      "coin_id": 1906,
      "symbol": "GPSUSDT",
      "status": "completed",
      "analysis": {
        "current_price": 0.00471,
        "rsi": 55.0,
        "macd": null,
        "ma_7": 0.004707142857142857,
        "ma_25": 0.004713200000000001,
        "volume": 0.0,
        "price_change": 0.0,
        "signal": "HOLD",
        "confidence": 0.5,
        "price_change_percent": 0.0
      },
      "saved": false,
      "candles_analyzed": 50
    },
    {
      "coin_id": 1355,
      "symbol": "DYDXUSDT",
      "status": "completed",
      "analysis": {
        "current_price": 0.161,
        "rsi": null,
        "macd": null,
        "ma_7": null,
        "ma_25": null,
        "volume": 451.77,
        "price_change": 0.00010000000000001674,
        "signal": "HOLD",
        "confidence": 0.5,
        "price_change_percent": 0.06215040397763627
      },
      "saved": false,
      "candles_analyzed": 50
    },
    {
      "coin_id": 1245,
      "symbol": "CHZUSDT",
      "status": "completed",
      "analysis": {
        "current_price": 0.03479,
        "rsi": null,
        "macd": null,
        "ma_7": null,
        "ma_25": null,
        "volume": 241562.0,
        "price_change": -1.9999999999999185e-05,
        "signal": "HOLD",
        "confidence": 0.5,
        "price_change_percent": -0.057454754380922686
      },
      "saved": false,
      "candles_analyzed": 50
    },
    {
      "coin_id": 1254,
      "symbol": "WIFUSDT",
      "status": "completed",
      "analysis": {
        "current_price": 0.318,
        "rsi": null,
        "macd": null,
        "ma_7": null,
        "ma_25": null,
        "volume": 1125.58,
        "price_change": 0.0,
        "signal": "HOLD",
        "confidence": 0.5,
        "price_change_percent": 0.0
      },
      "saved": false,
      "candles_analyzed": 50
    },
    {
      "coin_id": 1709,
      "symbol": "RIFUSDT",
      "status": "completed",
      "analysis": {
        "current_price": 0.0316,
        "rsi": 55.0,
        "macd": null,
        "ma_7": 0.03157142857142858,
        "ma_25": 0.03154799999999998,
        "volume": 4246.0,
        "price_change": 0.0,
        "signal": "BUY",
        "confidence": 0.7,
        "price_change_percent": 0.0,
        "reason": "روند صعودی قوی"
      },
      "saved": false,
      "candles_analyzed": 50
    },
    {
      "coin_id": 1778,
      "symbol": "BANANAUSDT",
      "status": "completed",
      "analysis": {
        "current_price": 5.99,
        "rsi": 55.0,
        "macd": null,
        "ma_7": 5.990000000000001,
        "ma_25": 5.982000000000002,
        "volume": 0.0,
        "price_change": 0.0,
        "signal": "HOLD",
        "confidence": 0.5,
        "price_change_percent": 0.0
      },
      "saved": false,
      "candles_analyzed": 50
    },
    {
      "coin_id": 2032,
      "symbol": "ATAUSDT",
      "status": "completed",
      "analysis": {
        "current_price": 0.0161,
        "rsi": 55.0,
        "macd": null,
        "ma_7": 0.0161,
        "ma_25": 0.016128,
        "volume": 0.0,
        "price_change": 0.0,
        "signal": "HOLD",
        "confidence": 0.5,
        "price_change_percent": 0.0
      },
      "saved": false,
      "candles_analyzed": 50
    },
    {
      "coin_id": 1731,
      "symbol": "MAGICUSDT",
      "status": "completed",
      "analysis": {
        "current_price": 0.0965,
        "rsi": null,
        "macd": null,
        "ma_7": null,
        "ma_25": null,
        "volume": 11134.8,
        "price_change": 0.0,
        "signal": "HOLD",
        "confidence": 0.5,
        "price_change_percent": 0.0
      },
      "saved": false,
      "candles_analyzed": 50
    },
    {
      "coin_id": 1613,
      "symbol": "SPKUSDT",
      "status": "completed",
      "analysis": {
        "current_price": 0.020408,
        "rsi": 55.0,
        "macd": null,
        "ma_7": 0.020386428571428576,
        "ma_25": 0.02036156,
        "volume": 13730.0,
        "price_change": 4.9999999999980616e-06,
        "signal": "BUY",
        "confidence": 0.7,
        "price_change_percent": 0.024506200068607858,
        "reason": "روند صعودی قوی"
      },
      "saved": false,
      "candles_analyzed": 50
    },
    {
      "coin_id": 1542,
      "symbol": "SNTUSDT",
      "status": "completed",
      "analysis": {
        "current_price": 0.0272,
        "rsi": 55.0,
        "macd": null,
        "ma_7": 0.027125714285714284,
        "ma_25": 0.026621600000000006,
        "volume": 256265.0,
        "price_change": 0.00011999999999999858,
        "signal": "BUY",
        "confidence": 0.7,
        "price_change_percent": 0.44313146233382045,
        "reason": "روند صعودی قوی"
      },
      "saved": false,
      "candles_analyzed": 50
    },
    {
      "coin_id": 1986,
      "symbol": "TRUUSDT",
      "status": "completed",
      "analysis": {
        "current_price": 0.0086,
        "rsi": 55.0,
        "macd": null,
        "ma_7": 0.008642857142857143,
        "ma_25": 0.008651999999999998,
        "volume": 3909.0,
        "price_change": -9.99999999999994e-05,
        "signal": "SELL",
        "confidence": 0.7,
        "price_change_percent": -1.1494252873563149,
        "reason": "روند نزولی قوی"
      },
      "saved": false,
      "candles_analyzed": 50
    },
    {
      "coin_id": 1282,
      "symbol": "UDSUSDT",
      "status": "failed",
      "reason": "no_data"
    },
    {
      "coin_id": 1402,
      "symbol": "DGBUSDT",
      "status": "completed",
      "analysis": {
        "current_price": 0.00569,
        "rsi": 55.0,
        "macd": null,
        "ma_7": 0.005678571428571429,
        "ma_25": 0.005664399999999999,
        "volume": 7851.7,
        "price_change": 0.0,
        "signal": "BUY",
        "confidence": 0.7,
        "price_change_percent": 0.0,
        "reason": "روند صعودی قوی"
      },
      "saved": false,
      "candles_analyzed": 50
    },
    {
      "coin_id": 1743,
      "symbol": "MNGOUSDT",
      "status": "failed",
      "reason": "no_data"
    },
    {
      "coin_id": 1612,
      "symbol": "YGGUSDT",
      "status": "completed",
      "analysis": {
        "current_price": 0.0644,
        "rsi": 55.0,
        "macd": null,
        "ma_7": 0.06440000000000001,
        "ma_25": 0.06431600000000001,
        "volume": 10077.0,
        "price_change": 0.0,
        "signal": "HOLD",
        "confidence": 0.5,
        "price_change_percent": 0.0
      },
      "saved": false,
      "candles_analyzed": 50
    },
    {
      "coin_id": 1261,
      "symbol": "PENDLEUSDT",
      "status": "completed",
      "analysis": {
        "current_price": 1.703,
        "rsi": null,
        "macd": null,
        "ma_7": null,
        "ma_25": null,
        "volume": 771.2,
        "price_change": 0.0,
        "signal": "HOLD",
        "confidence": 0.5,
        "price_change_percent": 0.0
      },
      "saved": false,
      "candles_analyzed": 50
    },
    {
      "coin_id": 1309,
      "symbol": "EIGENUSDT",
      "status": "completed",
      "analysis": {
        "current_price": 0.374,
        "rsi": null,
        "macd": null,
        "ma_7": null,
        "ma_25": null,
        "volume": 42452.93,
        "price_change": 0.0010000000000000009,
        "signal": "HOLD",
        "confidence": 0.5,
        "price_change_percent": 0.26809651474530855
      },
      "saved": false,
      "candles_analyzed": 50
    },
    {
      "coin_id": 1310,
      "symbol": "BARDUSDT",
      "status": "completed",
      "analysis": {
        "current_price": 0.8111,
        "rsi": null,
        "macd": null,
        "ma_7": null,
        "ma_25": null,
        "volume": 2702.1,
        "price_change": -0.0031999999999999806,
        "signal": "HOLD",
        "confidence": 0.5,
        "price_change_percent": -0.3929755618322462
      },
      "saved": false,
      "candles_analyzed": 50
    },
    {
      "coin_id": 2021,
      "symbol": "PIVXUSDT",
      "status": "completed",
      "analysis": {
        "current_price": 0.1192,
        "rsi": 55.0,
        "macd": null,
        "ma_7": 0.11928571428571429,
        "ma_25": 0.11972400000000002,
        "volume": 2984.0,
        "price_change": -0.00010000000000000286,
        "signal": "SELL",
        "confidence": 0.7,
        "price_change_percent": -0.08382229673093282,
        "reason": "روند نزولی قوی"
      },
      "saved": false,
      "candles_analyzed": 50
    }
  ]
}