{
  "block_id": 1,
  "processed_at": "2025-12-24T12:37:28.733081",
  "execution_time_seconds": 0.031007,
  "total_coins": 2,
  "successful_coins": 2,
  "failed_coins": 0,
  "signals_generated": 0,
  "results": [
    {
      "coin_id": 2006,
      "symbol": "NTRNUSDT",
      "status": "completed",
      "analysis": {
        "current_price": 0.0242,
        "rsi": 55.0,
        "macd": null,
        "ma_7": 0.02392857142857143,
        "ma_25": 0.024024000000000004,
        "volume": 43718.5,
        "price_change": 0.0001999999999999988,
        "signal": "HOLD",
        "confidence": 0.5,
        "price_change_percent": 0.8333333333333283
      },
      "saved": false,
      "candles_analyzed": 50
    },
    {
      "coin_id": 1268,
      "symbol": "GALAUSDT",
      "status": "completed",
      "analysis": {
        "current_price": 0.00602,
        "rsi": 55.0,
        "macd": null,
        "ma_7": 0.006005714285714286,
        "ma_25": 0.0060128000000000004,
        "volume": 580551.0,
        "price_change": 1.000000000000046e-05,
        "signal": "HOLD",
        "confidence": 0.5,
        "price_change_percent": 0.16638935108153843
      },
      "saved": false,
      "candles_analyzed": 50
    }
  ]
}