{
  "block_id": 6,
  "processed_at": "2025-12-25T14:58:17.068354",
  "execution_time_seconds": 0.388944,
  "total_coins": 42,
  "successful_coins": 40,
  "failed_coins": 2,
  "signals_generated": 24,
  "results": [
    {
      "coin_id": 2008,
      "symbol": "HIGHUSDT",
      "status": "completed",
      "analysis": {
        "current_price": 0.199,
        "rsi": 50.0,
        "macd": -0.00012640691046428287,
        "ma_7": 0.19985714285714287,
        "ma_25": 0.19984000000000002,
        "volume": 1311.881,
        "price_change": -0.0010000000000000009,
        "signal": "HOLD",
        "confidence": 0.5,
        "price_change_percent": -0.5000000000000004
      },
      "saved": false,
      "candles_analyzed": 50
    },
    {
      "coin_id": 1604,
      "symbol": "TORNUSDT",
      "status": "completed",
      "analysis": {
        "current_price": 4.06,
        "rsi": 51.4285714285714,
        "macd": -0.02129024274053304,
        "ma_7": 4.074285714285714,
        "ma_25": 4.086,
        "volume": 3626.7,
        "price_change": -0.11000000000000032,
        "signal": "SELL",
        "confidence": 0.7,
        "price_change_percent": -2.6378896882494085,
        "reason": "روند نزولی قوی"
      },
      "saved": false,
      "candles_analyzed": 50
    },
    {
      "coin_id": 1542,
      "symbol": "SNTUSDT",
      "status": "completed",
      "analysis": {
        "current_price": 0.0272,
        "rsi": 35.412026726057874,
        "macd": 0.000751548804270058,
        "ma_7": 0.027125714285714284,
        "ma_25": 0.026621600000000002,
        "volume": 256265.0,
        "price_change": 0.00011999999999999858,
        "signal": "BUY",
        "confidence": 0.7,
        "price_change_percent": 0.44313146233382045,
        "reason": "روند صعودی قوی"
      },
      "saved": false,
      "candles_analyzed": 50
    },
    {
      "coin_id": 1937,
      "symbol": "HEMIUSDT",
      "status": "completed",
      "analysis": {
        "current_price": 0.0147,
        "rsi": 60.0,
        "macd": 1.2865055909749845e-06,
        "ma_7": 0.014685714285714285,
        "ma_25": 0.014656,
        "volume": 0.0,
        "price_change": 0.0,
        "signal": "BUY",
        "confidence": 0.7,
        "price_change_percent": 0.0,
        "reason": "روند صعودی قوی"
      },
      "saved": false,
      "candles_analyzed": 50
    },
    {
      "coin_id": 1133,
      "symbol": "ADAUSDT",
      "status": "completed",
      "analysis": {
        "current_price": 0.3556,
        "rsi": 50.0,
        "macd": -0.00017805121440089833,
        "ma_7": 0.35587142857142856,
        "ma_25": 0.35592,
        "volume": 5880.9,
        "price_change": 0.0,
        "signal": "SELL",
        "confidence": 0.7,
        "price_change_percent": 0.0,
        "reason": "روند نزولی قوی"
      },
      "saved": false,
      "candles_analyzed": 50
    },
    {
      "coin_id": 1252,
      "symbol": "TWTUSDT",
      "status": "completed",
      "analysis": {
        "current_price": 0.8152,
        "rsi": 42.500000000000036,
        "macd": -0.0008421338819825097,
        "ma_7": 0.8149428571428572,
        "ma_25": 0.81632,
        "volume": 51.0,
        "price_change": 0.0,
        "signal": "HOLD",
        "confidence": 0.5,
        "price_change_percent": 0.0
      },
      "saved": false,
      "candles_analyzed": 50
    },
    {
      "coin_id": 1412,
      "symbol": "SADUSDT",
      "status": "failed",
      "reason": "no_data"
    },
    {
      "coin_id": 1738,
      "symbol": "RESOLVUSDT",
      "status": "completed",
      "analysis": {
        "current_price": 0.0733,
        "rsi": 42.85714285714295,
        "macd": 0.0002194184020402612,
        "ma_7": 0.07361428571428572,
        "ma_25": 0.073144,
        "volume": 31324.2,
        "price_change": -0.00019999999999999185,
        "signal": "HOLD",
        "confidence": 0.5,
        "price_change_percent": -0.2721088435374039
      },
      "saved": false,
      "candles_analyzed": 50
    },
    {
      "coin_id": 1242,
      "symbol": "SYRUPUSDT",
      "status": "completed",
      "analysis": {
        "current_price": 0.305,
        "rsi": 41.935483870967715,
        "macd": -0.0009516626198953215,
        "ma_7": 0.3042714285714286,
        "ma_25": 0.3058,
        "volume": 535.8,
        "price_change": 0.00019999999999997797,
        "signal": "HOLD",
        "confidence": 0.5,
        "price_change_percent": 0.06561679790025524
      },
      "saved": false,
      "candles_analyzed": 50
    },
    {
      "coin_id": 1959,
      "symbol": "AIUSDT",
      "status": "completed",
      "analysis": {
        "current_price": 0.0367,
        "rsi": 55.55555555555556,
        "macd": -1.7629385464422442e-05,
        "ma_7": 0.03661428571428572,
        "ma_25": 0.03662000000000001,
        "volume": 6408.7,
        "price_change": 0.00010000000000000286,
        "signal": "HOLD",
        "confidence": 0.5,
        "price_change_percent": 0.2732240437158548
      },
      "saved": false,
      "candles_analyzed": 50
    },
    {
      "coin_id": 1244,
      "symbol": "IOTAUSDT",
      "status": "completed",
      "analysis": {
        "current_price": 0.0822,
        "rsi": 52.63157894736808,
        "macd": -1.0013114343565555e-05,
        "ma_7": 0.08194285714285714,
        "ma_25": 0.081956,
        "volume": 29400.0,
        "price_change": 0.0,
        "signal": "HOLD",
        "confidence": 0.5,
        "price_change_percent": 0.0
      },
      "saved": false,
      "candles_analyzed": 50
    },
    {
      "coin_id": 1545,
      "symbol": "SSVUSDT",
      "status": "completed",
      "analysis": {
        "current_price": 3.857,
        "rsi": 66.66666666666666,
        "macd": 0.007462378511488232,
        "ma_7": 3.846857142857143,
        "ma_25": 3.8240800000000004,
        "volume": 24.666,
        "price_change": -0.005999999999999783,
        "signal": "BUY",
        "confidence": 0.7,
        "price_change_percent": -0.15531969971524162,
        "reason": "روند صعودی قوی"
      },
      "saved": false,
      "candles_analyzed": 50
    },
    {
      "coin_id": 1427,
      "symbol": "NXPCUSDT",
      "status": "completed",
      "analysis": {
        "current_price": 0.3727,
        "rsi": 45.833333333333385,
        "macd": -0.00022974170842099406,
        "ma_7": 0.3728714285714286,
        "ma_25": 0.37285999999999997,
        "volume": 0.0,
        "price_change": 0.0,
        "signal": "HOLD",
        "confidence": 0.5,
        "price_change_percent": 0.0
      },
      "saved": false,
      "candles_analyzed": 50
    },
    {
      "coin_id": 1166,
      "symbol": "ETCUSDT",
      "status": "completed",
      "analysis": {
        "current_price": 11.85,
        "rsi": 58.82352941176471,
        "macd": -0.002735680127949891,
        "ma_7": 11.854285714285712,
        "ma_25": 11.847599999999998,
        "volume": 0.0,
        "price_change": 0.0,
        "signal": "HOLD",
        "confidence": 0.5,
        "price_change_percent": 0.0
      },
      "saved": false,
      "candles_analyzed": 50
    },
    {
      "coin_id": 1382,
      "symbol": "CKBUSDT",
      "status": "completed",
      "analysis": {
        "current_price": 0.002351,
        "rsi": 80.0000000000005,
        "macd": 3.837069019586945e-06,
        "ma_7": 0.0023457142857142856,
        "ma_25": 0.0023365599999999997,
        "volume": 150523.0,
        "price_change": 3.9999999999996635e-06,
        "signal": "BUY",
        "confidence": 0.8,
        "price_change_percent": 0.17043033659990045,
        "reason": "روند صعودی قوی"
      },
      "saved": false,
      "candles_analyzed": 50
    },
    {
      "coin_id": 1285,
      "symbol": "ZKUSDT",
      "status": "completed",
      "analysis": {
        "current_price": 0.02774,
        "rsi": 48.00000000000007,
        "macd": -2.08199327644161e-05,
        "ma_7": 0.027754285714285714,
        "ma_25": 0.0277576,
        "volume": 130004.9,
        "price_change": 9.999999999999593e-06,
        "signal": "SELL",
        "confidence": 0.7,
        "price_change_percent": 0.03606202668589827,
        "reason": "روند نزولی قوی"
      },
      "saved": false,
      "candles_analyzed": 50
    },
    {
      "coin_id": 1982,
      "symbol": "A2ZUSDT",
      "status": "completed",
      "analysis": {
        "current_price": 0.001329,
        "rsi": 55.882352941176585,
        "macd": -8.18960124612713e-07,
        "ma_7": 0.0013297142857142859,
        "ma_25": 0.00132912,
        "volume": 63350.0,
        "price_change": -9.999999999999159e-07,
        "signal": "HOLD",
        "confidence": 0.5,
        "price_change_percent": -0.0751879699248057
      },
      "saved": false,
      "candles_analyzed": 50
    },
    {
      "coin_id": 1764,
      "symbol": "IDUSDT",
      "status": "completed",
      "analysis": {
        "current_price": 0.0565,
        "rsi": 55.55555555555564,
        "macd": -0.00014271496459025007,
        "ma_7": 0.05644285714285714,
        "ma_25": 0.056364,
        "volume": 0.0,
        "price_change": 0.0,
        "signal": "BUY",
        "confidence": 0.7,
        "price_change_percent": 0.0,
        "reason": "روند صعودی قوی"
      },
      "saved": false,
      "candles_analyzed": 50
    },
    {
      "coin_id": 1265,
      "symbol": "JASMYUSDT",
      "status": "completed",
      "analysis": {
        "current_price": 0.00615,
        "rsi": 60.86956521739119,
        "macd": -1.220049937710778e-06,
        "ma_7": 0.006117142857142857,
        "ma_25": 0.006112799999999999,
        "volume": 102554.4,
        "price_change": 2.0000000000000052e-05,
        "signal": "BUY",
        "confidence": 0.7,
        "price_change_percent": 0.32626427406199104,
        "reason": "روند صعودی قوی"
      },
      "saved": false,
      "candles_analyzed": 50
    },
    {
      "coin_id": 1313,
      "symbol": "EGLDUSDT",
      "status": "completed",
      "analysis": {
        "current_price": 6.3,
        "rsi": 87.50000000000021,
        "macd": 0.03149171419134511,
        "ma_7": 6.271428571428571,
        "ma_25": 6.203200000000001,
        "volume": 174.28,
        "price_change": 0.019999999999999574,
        "signal": "BUY",
        "confidence": 0.8,
        "price_change_percent": 0.31847133757961105,
        "reason": "روند صعودی قوی"
      },
      "saved": false,
      "candles_analyzed": 50
    },
    {
      "coin_id": 1998,
      "symbol": "SHELLUSDT",
      "status": "completed",
      "analysis": {
        "current_price": 0.0434,
        "rsi": 66.66666666666686,
        "macd": 0.0001721393939983079,
        "ma_7": 0.04348571428571429,
        "ma_25": 0.04308,
        "volume": 0.0,
        "price_change": 0.0,
        "signal": "HOLD",
        "confidence": 0.5,
        "price_change_percent": 0.0
      },
      "saved": false,
      "candles_analyzed": 50
    },
    {
      "coin_id": 2003,
      "symbol": "RPLUSDT",
      "status": "completed",
      "analysis": {
        "current_price": 1.77,
        "rsi": 66.66666666666666,
        "macd": 0.0023693041479866395,
        "ma_7": 1.77,
        "ma_25": 1.7639999999999998,
        "volume": 0.0,
        "price_change": 0.0,
        "signal": "HOLD",
        "confidence": 0.5,
        "price_change_percent": 0.0
      },
      "saved": false,
      "candles_analyzed": 50
    },
    {
      "coin_id": 1618,
      "symbol": "MMTUSDT",
      "status": "completed",
      "analysis": {
        "current_price": 0.223,
        "rsi": 68.88888888888907,
        "macd": 0.0005273312434722344,
        "ma_7": 0.22202857142857144,
        "ma_25": 0.22064799999999998,
        "volume": 14421.5,
        "price_change": 0.0007000000000000062,
        "signal": "BUY",
        "confidence": 0.7,
        "price_change_percent": 0.3148897885740019,
        "reason": "روند صعودی قوی"
      },
      "saved": false,
      "candles_analyzed": 50
    },
    {
      "coin_id": 1229,
      "symbol": "INJUSDT",
      "status": "completed",
      "analysis": {
        "current_price": 4.466,
        "rsi": 38.15789473684218,
        "macd": -0.004430154057284419,
        "ma_7": 4.469571428571429,
        "ma_25": 4.47808,
        "volume": 2566.28,
        "price_change": 0.0,
        "signal": "SELL",
        "confidence": 0.7,
        "price_change_percent": 0.0,
        "reason": "روند نزولی قوی"
      },
      "saved": false,
      "candles_analyzed": 50
    },
    {
      "coin_id": 1440,
      "symbol": "ASTRUSDT",
      "status": "completed",
      "analysis": {
        "current_price": 0.00974,
        "rsi": 53.84615384615374,
        "macd": 5.527591236623858e-07,
        "ma_7": 0.009735714285714287,
        "ma_25": 0.009726400000000001,
        "volume": 0.0,
        "price_change": 0.0,
        "signal": "BUY",
        "confidence": 0.7,
        "price_change_percent": 0.0,
        "reason": "روند صعودی قوی"
      },
      "saved": false,
      "candles_analyzed": 50
    },
    {
      "coin_id": 1491,
      "symbol": "XVSUSDT",
      "status": "completed",
      "analysis": {
        "current_price": 3.95,
        "rsi": 0.0,
        "macd": -0.008921843248027361,
        "ma_7": 3.9585714285714286,
        "ma_25": 3.974,
        "volume": 5.24,
        "price_change": -0.009999999999999787,
        "signal": "SELL",
        "confidence": 0.7,
        "price_change_percent": -0.2525252525252471,
        "reason": "روند نزولی قوی"
      },
      "saved": false,
      "candles_analyzed": 50
    },
    {
      "coin_id": 1849,
      "symbol": "MAVUSDT",
      "status": "completed",
      "analysis": {
        "current_price": 0.02581,
        "rsi": 58.97435897435902,
        "macd": 1.555749584533292e-05,
        "ma_7": 0.025782857142857142,
        "ma_25": 0.025752,
        "volume": 17254.0,
        "price_change": 9.999999999999593e-06,
        "signal": "BUY",
        "confidence": 0.7,
        "price_change_percent": 0.038759689922479044,
        "reason": "روند صعودی قوی"
      },
      "saved": false,
      "candles_analyzed": 50
    },
    {
      "coin_id": 1394,
      "symbol": "COWUSDT",
      "status": "completed",
      "analysis": {
        "current_price": 0.2157,
        "rsi": 46.42857142857156,
        "macd": 0.0005436712335488425,
        "ma_7": 0.21582857142857143,
        "ma_25": 0.21526800000000001,
        "volume": 4649.9,
        "price_change": 0.0,
        "signal": "HOLD",
        "confidence": 0.5,
        "price_change_percent": 0.0
      },
      "saved": false,
      "candles_analyzed": 50
    },
    {
      "coin_id": 1992,
      "symbol": "2ZUSDT",
      "status": "completed",
      "analysis": {
        "current_price": 0.10801,
        "rsi": 63.79310344827585,
        "macd": -5.4506908830881384e-05,
        "ma_7": 0.1070957142857143,
        "ma_25": 0.10711319999999999,
        "volume": 29013.0,
        "price_change": 0.0003499999999999892,
        "signal": "HOLD",
        "confidence": 0.5,
        "price_change_percent": 0.3250975292587676
      },
      "saved": false,
      "candles_analyzed": 50
    },
    {
      "coin_id": 1639,
      "symbol": "BIGTIMEUSDT",
      "status": "completed",
      "analysis": {
        "current_price": 0.01923,
        "rsi": 61.538461538462045,
        "macd": -9.94368614379293e-07,
        "ma_7": 0.01920142857142857,
        "ma_25": 0.0191928,
        "volume": 7201.0,
        "price_change": -1.9999999999999185e-05,
        "signal": "BUY",
        "confidence": 0.7,
        "price_change_percent": -0.10389610389609967,
        "reason": "روند صعودی قوی"
      },
      "saved": false,
      "candles_analyzed": 50
    },
    {
      "coin_id": 1402,
      "symbol": "DGBUSDT",
      "status": "completed",
      "analysis": {
        "current_price": 0.00569,
        "rsi": 77.77777777777715,
        "macd": 3.775235432869513e-06,
        "ma_7": 0.005678571428571429,
        "ma_25": 0.005664399999999999,
        "volume": 7851.7,
        "price_change": 0.0,
        "signal": "BUY",
        "confidence": 0.8,
        "price_change_percent": 0.0,
        "reason": "روند صعودی قوی"
      },
      "saved": false,
      "candles_analyzed": 50
    },
    {
      "coin_id": 1315,
      "symbol": "APEUSDT",
      "status": "completed",
      "analysis": {
        "current_price": 0.1948,
        "rsi": 56.66666666666698,
        "macd": 3.6512385455489405e-05,
        "ma_7": 0.1947142857142857,
        "ma_25": 0.19456799999999996,
        "volume": 96.47,
        "price_change": 9.999999999998899e-05,
        "signal": "BUY",
        "confidence": 0.7,
        "price_change_percent": 0.0513610683102152,
        "reason": "روند صعودی قوی"
      },
      "saved": false,
      "candles_analyzed": 50
    },
    {
      "coin_id": 1361,
      "symbol": "KSMUSDT",
      "status": "completed",
      "analysis": {
        "current_price": 6.91,
        "rsi": 50.0,
        "macd": -0.006003697665537544,
        "ma_7": 6.922857142857143,
        "ma_25": 6.9308000000000005,
        "volume": 77.815,
        "price_change": 0.0,
        "signal": "SELL",
        "confidence": 0.7,
        "price_change_percent": 0.0,
        "reason": "روند نزولی قوی"
      },
      "saved": false,
      "candles_analyzed": 50
    },
    {
      "coin_id": 1172,
      "symbol": "ENAUSDT",
      "status": "completed",
      "analysis": {
        "current_price": 0.1982,
        "rsi": 70.58823529411751,
        "macd": 0.00034088764170900343,
        "ma_7": 0.19752857142857144,
        "ma_25": 0.196848,
        "volume": 117532.12,
        "price_change": 0.0,
        "signal": "BUY",
        "confidence": 0.8,
        "price_change_percent": 0.0,
        "reason": "روند صعودی قوی"
      },
      "saved": false,
      "candles_analyzed": 50
    },
    {
      "coin_id": 1485,
      "symbol": "LUNAUSDT",
      "status": "completed",
      "analysis": {
        "current_price": 0.1065,
        "rsi": 65.62500000000024,
        "macd": 0.0002092211660877502,
        "ma_7": 0.10621428571428572,
        "ma_25": 0.10578800000000001,
        "volume": 33669.08,
        "price_change": 0.0,
        "signal": "BUY",
        "confidence": 0.7,
        "price_change_percent": 0.0,
        "reason": "روند صعودی قوی"
      },
      "saved": false,
      "candles_analyzed": 50
    },
    {
      "coin_id": 1375,
      "symbol": "GASUSDT",
      "status": "completed",
      "analysis": {
        "current_price": 1.79,
        "rsi": 50.0,
        "macd": -0.0009115713294547412,
        "ma_7": 1.7910000000000001,
        "ma_25": 1.7917599999999998,
        "volume": 155.8,
        "price_change": 0.0020000000000000018,
        "signal": "SELL",
        "confidence": 0.7,
        "price_change_percent": 0.11185682326621935,
        "reason": "روند نزولی قوی"
      },
      "saved": false,
      "candles_analyzed": 50
    },
    {
      "coin_id": 1685,
      "symbol": "STEEMUSDT",
      "status": "completed",
      "analysis": {
        "current_price": 0.0627,
        "rsi": 50.0,
        "macd": -1.3303335510778114e-05,
        "ma_7": 0.06267142857142857,
        "ma_25": 0.06268000000000001,
        "volume": 0.0,
        "price_change": 0.0,
        "signal": "HOLD",
        "confidence": 0.5,
        "price_change_percent": 0.0
      },
      "saved": false,
      "candles_analyzed": 50
    },
    {
      "coin_id": 1975,
      "symbol": "GHSTUSDT",
      "status": "completed",
      "analysis": {
        "current_price": 0.165,
        "rsi": 39.99999999999999,
        "macd": -9.029442485683492e-05,
        "ma_7": 0.16585714285714287,
        "ma_25": 0.16571999999999998,
        "volume": 21595.3,
        "price_change": -0.0010000000000000009,
        "signal": "HOLD",
        "confidence": 0.5,
        "price_change_percent": -0.6024096385542174
      },
      "saved": false,
      "candles_analyzed": 50
    },
    {
      "coin_id": 1616,
      "symbol": "FLUXUSDT",
      "status": "completed",
      "analysis": {
        "current_price": 0.0985,
        "rsi": 59.090909090909186,
        "macd": 0.00013528447646424246,
        "ma_7": 0.09848571428571427,
        "ma_25": 0.098208,
        "volume": 8919.95,
        "price_change": -0.00019999999999999185,
        "signal": "BUY",
        "confidence": 0.7,
        "price_change_percent": -0.2026342451874284,
        "reason": "روند صعودی قوی"
      },
      "saved": false,
      "candles_analyzed": 50
    },
    {
      "coin_id": 1307,
      "symbol": "LGCTUSDT",
      "status": "failed",
      "reason": "no_data"
    },
    {
      "coin_id": 1559,
      "symbol": "ENJUSDT",
      "status": "completed",
      "analysis": {
        "current_price": 0.02665,
        "rsi": 53.48837209302309,
        "macd": -1.4146501579163223e-05,
        "ma_7": 0.026675714285714285,
        "ma_25": 0.0266724,
        "volume": 10588.4,
        "price_change": 0.0,
        "signal": "HOLD",
        "confidence": 0.5,
        "price_change_percent": 0.0
      },
      "saved": false,
      "candles_analyzed": 50
    },
    {
      "coin_id": 1964,
      "symbol": "INITUSDT",
      "status": "completed",
      "analysis": {
        "current_price": 0.0831,
        "rsi": 66.66666666666666,
        "macd": 6.69776029536967e-05,
        "ma_7": 0.08271428571428571,
        "ma_25": 0.082632,
        "volume": 58962.0,
        "price_change": 0.0003999999999999976,
        "signal": "BUY",
        "confidence": 0.7,
        "price_change_percent": 0.4836759371221253,
        "reason": "روند صعودی قوی"
      },
      "saved": false,
      "candles_analyzed": 50
    }
  ]
}