{
  "block_id": 5,
  "processed_at": "2025-12-24T15:04:00.668490",
  "execution_time_seconds": 0.241814,
  "total_coins": 27,
  "successful_coins": 24,
  "failed_coins": 3,
  "signals_generated": 7,
  "results": [
    {
      "coin_id": 1594,
      "symbol": "GMTUSDT",
      "status": "completed",
      "analysis": {
        "current_price": 0.01417,
        "rsi": 55.0,
        "macd": null,
        "ma_7": 0.014164285714285714,
        "ma_25": 0.0141504,
        "volume": 75820.0,
        "price_change": 9.999999999999593e-06,
        "signal": "BUY",
        "confidence": 0.7,
        "price_change_percent": 0.07062146892655079,
        "reason": "روند صعودی قوی"
      },
      "saved": false,
      "candles_analyzed": 50
    },
    {
      "coin_id": 1199,
      "symbol": "VETUSDT",
      "status": "completed",
      "analysis": {
        "current_price": 0.01029,
        "rsi": null,
        "macd": null,
        "ma_7": null,
        "ma_25": null,
        "volume": 296369.0,
        "price_change": 0.0,
        "signal": "HOLD",
        "confidence": 0.5,
        "price_change_percent": 0.0
      },
      "saved": false,
      "candles_analyzed": 50
    },
    {
      "coin_id": 1924,
      "symbol": "MITOUSDT",
      "status": "completed",
      "analysis": {
        "current_price": 0.06687,
        "rsi": 55.0,
        "macd": null,
        "ma_7": 0.06684142857142858,
        "ma_25": 0.06715,
        "volume": 9005.0,
        "price_change": 7.000000000000062e-05,
        "signal": "HOLD",
        "confidence": 0.5,
        "price_change_percent": 0.10479041916167757
      },
      "saved": false,
      "candles_analyzed": 50
    },
    {
      "coin_id": 1647,
      "symbol": "IQUSDT",
      "status": "completed",
      "analysis": {
        "current_price": 0.001504,
        "rsi": null,
        "macd": null,
        "ma_7": null,
        "ma_25": null,
        "volume": 259666.0,
        "price_change": 1.9999999999998318e-06,
        "signal": "HOLD",
        "confidence": 0.5,
        "price_change_percent": 0.13315579227695284
      },
      "saved": false,
      "candles_analyzed": 50
    },
    {
      "coin_id": 1146,
      "symbol": "HBARUSDT",
      "status": "completed",
      "analysis": {
        "current_price": 0.10866,
        "rsi": null,
        "macd": null,
        "ma_7": null,
        "ma_25": null,
        "volume": 135180.0,
        "price_change": 5.000000000000837e-05,
        "signal": "HOLD",
        "confidence": 0.5,
        "price_change_percent": 0.046036276585957436
      },
      "saved": false,
      "candles_analyzed": 50
    },
    {
      "coin_id": 1156,
      "symbol": "DOTUSDT",
      "status": "completed",
      "analysis": {
        "current_price": 1.725,
        "rsi": null,
        "macd": null,
        "ma_7": null,
        "ma_25": null,
        "volume": 1935.72,
        "price_change": 0.0,
        "signal": "HOLD",
        "confidence": 0.5,
        "price_change_percent": 0.0
      },
      "saved": false,
      "candles_analyzed": 50
    },
    {
      "coin_id": 2031,
      "symbol": "FIOUSDT",
      "status": "completed",
      "analysis": {
        "current_price": 0.01207,
        "rsi": 55.0,
        "macd": null,
        "ma_7": 0.012035714285714285,
        "ma_25": 0.011920400000000003,
        "volume": 29596.0,
        "price_change": 0.0,
        "signal": "BUY",
        "confidence": 0.7,
        "price_change_percent": 0.0,
        "reason": "روند صعودی قوی"
      },
      "saved": false,
      "candles_analyzed": 50
    },
    {
      "coin_id": 1686,
      "symbol": "GNSUSDT",
      "status": "completed",
      "analysis": {
        "current_price": 1.258,
        "rsi": 55.0,
        "macd": null,
        "ma_7": 1.2585714285714285,
        "ma_25": 1.26036,
        "volume": 264.54,
        "price_change": 0.0,
        "signal": "SELL",
        "confidence": 0.7,
        "price_change_percent": 0.0,
        "reason": "روند نزولی قوی"
      },
      "saved": false,
      "candles_analyzed": 50
    },
    {
      "coin_id": 1400,
      "symbol": "VTHOUSDT",
      "status": "completed",
      "analysis": {
        "current_price": 0.000817,
        "rsi": 55.0,
        "macd": null,
        "ma_7": 0.0008162857142857142,
        "ma_25": 0.0008174400000000001,
        "volume": 1066059.0,
        "price_change": 1.0000000000000243e-06,
        "signal": "HOLD",
        "confidence": 0.5,
        "price_change_percent": 0.1225490196078461
      },
      "saved": false,
      "candles_analyzed": 50
    },
    {
      "coin_id": 1701,
      "symbol": "AEVOUSDT",
      "status": "completed",
      "analysis": {
        "current_price": 0.0369,
        "rsi": 55.0,
        "macd": null,
        "ma_7": 0.03674285714285714,
        "ma_25": 0.036635999999999995,
        "volume": 68271.6,
        "price_change": 0.0,
        "signal": "BUY",
        "confidence": 0.7,
        "price_change_percent": 0.0,
        "reason": "روند صعودی قوی"
      },
      "saved": false,
      "candles_analyzed": 50
    },
    {
      "coin_id": 1225,
      "symbol": "ETHFIUSDT",
      "status": "completed",
      "analysis": {
        "current_price": 0.678,
        "rsi": null,
        "macd": null,
        "ma_7": null,
        "ma_25": null,
        "volume": 9051.0,
        "price_change": 0.0,
        "signal": "HOLD",
        "confidence": 0.5,
        "price_change_percent": 0.0
      },
      "saved": false,
      "candles_analyzed": 50
    },
    {
      "coin_id": 1459,
      "symbol": "SCUSDT",
      "status": "completed",
      "analysis": {
        "current_price": 0.001438,
        "rsi": 55.0,
        "macd": null,
        "ma_7": 0.0014421428571428571,
        "ma_25": 0.0014505999999999996,
        "volume": 195727.0,
        "price_change": -2.0000000000000486e-06,
        "signal": "SELL",
        "confidence": 0.7,
        "price_change_percent": -0.13888888888889225,
        "reason": "روند نزولی قوی"
      },
      "saved": false,
      "candles_analyzed": 50
    },
    {
      "coin_id": 1387,
      "symbol": "RVNUSDT",
      "status": "completed",
      "analysis": {
        "current_price": 0.00676,
        "rsi": 55.0,
        "macd": null,
        "ma_7": 0.006764285714285715,
        "ma_25": 0.006765599999999998,
        "volume": 39800.8,
        "price_change": 0.0,
        "signal": "SELL",
        "confidence": 0.7,
        "price_change_percent": 0.0,
        "reason": "روند نزولی قوی"
      },
      "saved": false,
      "candles_analyzed": 50
    },
    {
      "coin_id": 1474,
      "symbol": "FOLKSUSDT",
      "status": "failed",
      "reason": "no_data"
    },
    {
      "coin_id": 1496,
      "symbol": "GIGGLEUSDT",
      "status": "completed",
      "analysis": {
        "current_price": 64.85,
        "rsi": 55.0,
        "macd": null,
        "ma_7": 64.53142857142858,
        "ma_25": 64.1604,
        "volume": 471.375,
        "price_change": 0.2599999999999909,
        "signal": "BUY",
        "confidence": 0.7,
        "price_change_percent": 0.4025390927388,
        "reason": "روند صعودی قوی"
      },
      "saved": false,
      "candles_analyzed": 50
    },
    {
      "coin_id": 1694,
      "symbol": "CVCUSDT",
      "status": "completed",
      "analysis": {
        "current_price": 0.04296,
        "rsi": null,
        "macd": null,
        "ma_7": null,
        "ma_25": null,
        "volume": 117427.0,
        "price_change": -6.0000000000004494e-05,
        "signal": "HOLD",
        "confidence": 0.5,
        "price_change_percent": -0.13947001394701183
      },
      "saved": false,
      "candles_analyzed": 50
    },
    {
      "coin_id": 1636,
      "symbol": "TONUSDT",
      "status": "completed",
      "analysis": {
        "current_price": 1.457,
        "rsi": null,
        "macd": null,
        "ma_7": null,
        "ma_25": null,
        "volume": 2938.57,
        "price_change": 0.001000000000000112,
        "signal": "HOLD",
        "confidence": 0.5,
        "price_change_percent": 0.06868131868132638
      },
      "saved": false,
      "candles_analyzed": 50
    },
    {
      "coin_id": 1143,
      "symbol": "LTCUSDT",
      "status": "completed",
      "analysis": {
        "current_price": 75.89,
        "rsi": null,
        "macd": null,
        "ma_7": null,
        "ma_25": null,
        "volume": 236.317,
        "price_change": 0.09000000000000341,
        "signal": "HOLD",
        "confidence": 0.5,
        "price_change_percent": 0.118733509234833
      },
      "saved": false,
      "candles_analyzed": 50
    },
    {
      "coin_id": 1222,
      "symbol": "DASHUSDT",
      "status": "completed",
      "analysis": {
        "current_price": 36.64,
        "rsi": null,
        "macd": null,
        "ma_7": null,
        "ma_25": null,
        "volume": 91.772,
        "price_change": 0.030000000000001137,
        "signal": "HOLD",
        "confidence": 0.5,
        "price_change_percent": 0.0819448238186319
      },
      "saved": false,
      "candles_analyzed": 50
    },
    {
      "coin_id": 1507,
      "symbol": "EARNAUSDUSDT",
      "status": "failed",
      "reason": "no_data"
    },
    {
      "coin_id": 1392,
      "symbol": "METUSDT",
      "status": "completed",
      "analysis": {
        "current_price": 0.2371,
        "rsi": 55.0,
        "macd": null,
        "ma_7": 0.23667142857142862,
        "ma_25": 0.236904,
        "volume": 3933.7,
        "price_change": 0.0,
        "signal": "HOLD",
        "confidence": 0.5,
        "price_change_percent": 0.0
      },
      "saved": false,
      "candles_analyzed": 50
    },
    {
      "coin_id": 1961,
      "symbol": "PYRUSDT",
      "status": "completed",
      "analysis": {
        "current_price": 0.449,
        "rsi": 55.0,
        "macd": null,
        "ma_7": 0.44885714285714284,
        "ma_25": 0.44967999999999997,
        "volume": 749.202,
        "price_change": 0.0,
        "signal": "HOLD",
        "confidence": 0.5,
        "price_change_percent": 0.0
      },
      "saved": false,
      "candles_analyzed": 50
    },
    {
      "coin_id": 1375,
      "symbol": "GASUSDT",
      "status": "completed",
      "analysis": {
        "current_price": 1.79,
        "rsi": null,
        "macd": null,
        "ma_7": null,
        "ma_25": null,
        "volume": 155.8,
        "price_change": 0.0020000000000000018,
        "signal": "HOLD",
        "confidence": 0.5,
        "price_change_percent": 0.11185682326621935
      },
      "saved": false,
      "candles_analyzed": 50
    },
    {
      "coin_id": 1206,
      "symbol": "SEIUSDT",
      "status": "completed",
      "analysis": {
        "current_price": 0.1081,
        "rsi": null,
        "macd": null,
        "ma_7": null,
        "ma_25": null,
        "volume": 11594.9,
        "price_change": -0.00010000000000000286,
        "signal": "HOLD",
        "confidence": 0.5,
        "price_change_percent": -0.09242144177449432
      },
      "saved": false,
      "candles_analyzed": 50
    },
    {
      "coin_id": 1736,
      "symbol": "IAGUSDT",
      "status": "failed",
      "reason": "no_data"
    },
    {
      "coin_id": 1683,
      "symbol": "YBUSDT",
      "status": "completed",
      "analysis": {
        "current_price": 0.3672,
        "rsi": 55.0,
        "macd": null,
        "ma_7": 0.36615714285714285,
        "ma_25": 0.36654800000000004,
        "volume": 2037.7,
        "price_change": 0.0005000000000000004,
        "signal": "HOLD",
        "confidence": 0.5,
        "price_change_percent": 0.13635124079629135
      },
      "saved": false,
      "candles_analyzed": 50
    },
    {
      "coin_id": 1181,
      "symbol": "BFUSDUSDT",
      "status": "completed",
      "analysis": {
        "current_price": 0.9993,
        "rsi": null,
        "macd": null,
        "ma_7": null,
        "ma_25": null,
        "volume": 21319.0,
        "price_change": -0.000200000000000089,
        "signal": "HOLD",
        "confidence": 0.5,
        "price_change_percent": -0.020010005002510153
      },
      "saved": false,
      "candles_analyzed": 50
    }
  ]
}