{
  "block_id": 6,
  "processed_at": "2025-12-24T15:05:32.701190",
  "execution_time_seconds": 0.272984,
  "total_coins": 29,
  "successful_coins": 29,
  "failed_coins": 0,
  "signals_generated": 6,
  "results": [
    {
      "coin_id": 1136,
      "symbol": "USDSUSDT",
      "status": "completed",
      "analysis": {
        "current_price": 0.9968,
        "rsi": null,
        "macd": null,
        "ma_7": null,
        "ma_25": null,
        "volume": 0.0,
        "price_change": 0.0,
        "signal": "HOLD",
        "confidence": 0.5,
        "price_change_percent": 0.0
      },
      "saved": false,
      "candles_analyzed": 50
    },
    {
      "coin_id": 1812,
      "symbol": "HOLOUSDT",
      "status": "completed",
      "analysis": {
        "current_price": 0.0702,
        "rsi": null,
        "macd": null,
        "ma_7": null,
        "ma_25": null,
        "volume": 115.5,
        "price_change": 0.00010000000000000286,
        "signal": "HOLD",
        "confidence": 0.5,
        "price_change_percent": 0.14265335235378443
      },
      "saved": false,
      "candles_analyzed": 50
    },
    {
      "coin_id": 1423,
      "symbol": "ZILUSDT",
      "status": "completed",
      "analysis": {
        "current_price": 0.0045,
        "rsi": null,
        "macd": null,
        "ma_7": null,
        "ma_25": null,
        "volume": 0.0,
        "price_change": 0.0,
        "signal": "HOLD",
        "confidence": 0.5,
        "price_change_percent": 0.0
      },
      "saved": false,
      "candles_analyzed": 50
    },
    {
      "coin_id": 2027,
      "symbol": "TUSDT",
      "status": "completed",
      "analysis": {
        "current_price": 0.00872,
        "rsi": null,
        "macd": null,
        "ma_7": null,
        "ma_25": null,
        "volume": 0.0,
        "price_change": 0.0,
        "signal": "HOLD",
        "confidence": 0.5,
        "price_change_percent": 0.0
      },
      "saved": false,
      "candles_analyzed": 50
    },
    {
      "coin_id": 1976,
      "symbol": "PSGUSDT",
      "status": "completed",
      "analysis": {
        "current_price": 0.815,
        "rsi": null,
        "macd": null,
        "ma_7": null,
        "ma_25": null,
        "volume": 37.69,
        "price_change": 0.0020000000000000018,
        "signal": "HOLD",
        "confidence": 0.5,
        "price_change_percent": 0.24600246002460047
      },
      "saved": false,
      "candles_analyzed": 50
    },
    {
      "coin_id": 1638,
      "symbol": "OSMOUSDT",
      "status": "completed",
      "analysis": {
        "current_price": 0.0501,
        "rsi": null,
        "macd": null,
        "ma_7": null,
        "ma_25": null,
        "volume": 4029.21,
        "price_change": 0.0,
        "signal": "HOLD",
        "confidence": 0.5,
        "price_change_percent": 0.0
      },
      "saved": false,
      "candles_analyzed": 50
    },
    {
      "coin_id": 1164,
      "symbol": "TAOUSDT",
      "status": "completed",
      "analysis": {
        "current_price": 208.1,
        "rsi": null,
        "macd": null,
        "ma_7": null,
        "ma_25": null,
        "volume": 53.1367,
        "price_change": 0.0,
        "signal": "HOLD",
        "confidence": 0.5,
        "price_change_percent": 0.0
      },
      "saved": false,
      "candles_analyzed": 50
    },
    {
      "coin_id": 1314,
      "symbol": "IMXUSDT",
      "status": "completed",
      "analysis": {
        "current_price": 0.225,
        "rsi": null,
        "macd": null,
        "ma_7": null,
        "ma_25": null,
        "volume": 7771.71,
        "price_change": 0.0,
        "signal": "HOLD",
        "confidence": 0.5,
        "price_change_percent": 0.0
      },
      "saved": false,
      "candles_analyzed": 50
    },
    {
      "coin_id": 2019,
      "symbol": "VICUSDT",
      "status": "completed",
      "analysis": {
        "current_price": 0.0877,
        "rsi": null,
        "macd": null,
        "ma_7": null,
        "ma_25": null,
        "volume": 61766.14,
        "price_change": -0.0005000000000000004,
        "signal": "HOLD",
        "confidence": 0.5,
        "price_change_percent": -0.5668934240362817
      },
      "saved": false,
      "candles_analyzed": 50
    },
    {
      "coin_id": 1934,
      "symbol": "LDOUSDT",
      "status": "completed",
      "analysis": {
        "current_price": 0.5233,
        "rsi": null,
        "macd": null,
        "ma_7": null,
        "ma_25": null,
        "volume": 2825.28,
        "price_change": 9.999999999998899e-05,
        "signal": "HOLD",
        "confidence": 0.5,
        "price_change_percent": 0.019113149847092694
      },
      "saved": false,
      "candles_analyzed": 50
    },
    {
      "coin_id": 1602,
      "symbol": "SXPUSDT",
      "status": "completed",
      "analysis": {
        "current_price": 0.0642,
        "rsi": null,
        "macd": null,
        "ma_7": null,
        "ma_25": null,
        "volume": 14620.1,
        "price_change": 0.0,
        "signal": "HOLD",
        "confidence": 0.5,
        "price_change_percent": 0.0
      },
      "saved": false,
      "candles_analyzed": 50
    },
    {
      "coin_id": 1172,
      "symbol": "ENAUSDT",
      "status": "completed",
      "analysis": {
        "current_price": 0.1982,
        "rsi": null,
        "macd": null,
        "ma_7": null,
        "ma_25": null,
        "volume": 117532.12,
        "price_change": 0.0,
        "signal": "HOLD",
        "confidence": 0.5,
        "price_change_percent": 0.0
      },
      "saved": false,
      "candles_analyzed": 50
    },
    {
      "coin_id": 1990,
      "symbol": "TLMUSDT",
      "status": "completed",
      "analysis": {
        "current_price": 0.002087,
        "rsi": null,
        "macd": null,
        "ma_7": null,
        "ma_25": null,
        "volume": 13659.0,
        "price_change": 1.9999999999998318e-06,
        "signal": "HOLD",
        "confidence": 0.5,
        "price_change_percent": 0.09592326139087921
      },
      "saved": false,
      "candles_analyzed": 50
    },
    {
      "coin_id": 1219,
      "symbol": "CRVUSDT",
      "status": "completed",
      "analysis": {
        "current_price": 0.3737,
        "rsi": null,
        "macd": null,
        "ma_7": null,
        "ma_25": null,
        "volume": 45774.3,
        "price_change": 0.00019999999999997797,
        "signal": "HOLD",
        "confidence": 0.5,
        "price_change_percent": 0.0535475234270356
      },
      "saved": false,
      "candles_analyzed": 50
    },
    {
      "coin_id": 1781,
      "symbol": "FIROUSDT",
      "status": "completed",
      "analysis": {
        "current_price": 0.3,
        "rsi": 55.0,
        "macd": null,
        "ma_7": 0.303,
        "ma_25": 0.30743999999999994,
        "volume": 13462.4,
        "price_change": -0.03300000000000003,
        "signal": "SELL",
        "confidence": 0.7,
        "price_change_percent": -9.909909909909919,
        "reason": "روند نزولی قوی"
      },
      "saved": false,
      "candles_analyzed": 50
    },
    {
      "coin_id": 1481,
      "symbol": "CELOUSDT",
      "status": "completed",
      "analysis": {
        "current_price": 0.1149,
        "rsi": null,
        "macd": null,
        "ma_7": null,
        "ma_25": null,
        "volume": 6347.2,
        "price_change": -0.00010000000000000286,
        "signal": "HOLD",
        "confidence": 0.5,
        "price_change_percent": -0.08695652173913292
      },
      "saved": false,
      "candles_analyzed": 50
    },
    {
      "coin_id": 1635,
      "symbol": "FIDAUSDT",
      "status": "completed",
      "analysis": {
        "current_price": 0.0396,
        "rsi": null,
        "macd": null,
        "ma_7": null,
        "ma_25": null,
        "volume": 2223.8,
        "price_change": 0.0,
        "signal": "HOLD",
        "confidence": 0.5,
        "price_change_percent": 0.0
      },
      "saved": false,
      "candles_analyzed": 50
    },
    {
      "coin_id": 1794,
      "symbol": "CGPTUSDT",
      "status": "completed",
      "analysis": {
        "current_price": 0.02774,
        "rsi": null,
        "macd": null,
        "ma_7": null,
        "ma_25": null,
        "volume": 0.0,
        "price_change": 0.0,
        "signal": "HOLD",
        "confidence": 0.5,
        "price_change_percent": 0.0
      },
      "saved": false,
      "candles_analyzed": 50
    },
    {
      "coin_id": 1987,
      "symbol": "TOWNSUSDT",
      "status": "completed",
      "analysis": {
        "current_price": 0.00551,
        "rsi": 55.0,
        "macd": null,
        "ma_7": 0.005494285714285715,
        "ma_25": 0.005495199999999998,
        "volume": 82304.0,
        "price_change": 0.0,
        "signal": "HOLD",
        "confidence": 0.5,
        "price_change_percent": 0.0
      },
      "saved": false,
      "candles_analyzed": 50
    },
    {
      "coin_id": 1952,
      "symbol": "ATMUSDT",
      "status": "completed",
      "analysis": {
        "current_price": 0.923,
        "rsi": 55.0,
        "macd": null,
        "ma_7": 0.9225714285714287,
        "ma_25": 0.9205599999999998,
        "volume": 118.59,
        "price_change": 0.0020000000000000018,
        "signal": "BUY",
        "confidence": 0.7,
        "price_change_percent": 0.21715526601520105,
        "reason": "روند صعودی قوی"
      },
      "saved": false,
      "candles_analyzed": 50
    },
    {
      "coin_id": 2002,
      "symbol": "MDTUSDT",
      "status": "completed",
      "analysis": {
        "current_price": 0.01315,
        "rsi": 55.0,
        "macd": null,
        "ma_7": 0.013132857142857142,
        "ma_25": 0.013134800000000002,
        "volume": 264125.3,
        "price_change": 9.999999999999593e-06,
        "signal": "HOLD",
        "confidence": 0.5,
        "price_change_percent": 0.07610350076103191
      },
      "saved": false,
      "candles_analyzed": 50
    },
    {
      "coin_id": 1745,
      "symbol": "TNSRUSDT",
      "status": "completed",
      "analysis": {
        "current_price": 0.0793,
        "rsi": 55.0,
        "macd": null,
        "ma_7": 0.07877142857142858,
        "ma_25": 0.07830799999999999,
        "volume": 13081.7,
        "price_change": 0.00019999999999999185,
        "signal": "BUY",
        "confidence": 0.7,
        "price_change_percent": 0.25284450063210095,
        "reason": "روند صعودی قوی"
      },
      "saved": false,
      "candles_analyzed": 50
    },
    {
      "coin_id": 1522,
      "symbol": "POLYXUSDT",
      "status": "completed",
      "analysis": {
        "current_price": 0.0526,
        "rsi": 55.0,
        "macd": null,
        "ma_7": 0.052457142857142855,
        "ma_25": 0.052928,
        "volume": 20235.7,
        "price_change": 0.00010000000000000286,
        "signal": "HOLD",
        "confidence": 0.5,
        "price_change_percent": 0.19047619047619593
      },
      "saved": false,
      "candles_analyzed": 50
    },
    {
      "coin_id": 1928,
      "symbol": "ASRUSDT",
      "status": "completed",
      "analysis": {
        "current_price": 1.457,
        "rsi": null,
        "macd": null,
        "ma_7": null,
        "ma_25": null,
        "volume": 2384.1,
        "price_change": 0.001000000000000112,
        "signal": "HOLD",
        "confidence": 0.5,
        "price_change_percent": 0.06868131868132638
      },
      "saved": false,
      "candles_analyzed": 50
    },
    {
      "coin_id": 1328,
      "symbol": "AMPUSDT",
      "status": "completed",
      "analysis": {
        "current_price": 0.001718,
        "rsi": null,
        "macd": null,
        "ma_7": null,
        "ma_25": null,
        "volume": 248867.0,
        "price_change": -3.0000000000001813e-06,
        "signal": "HOLD",
        "confidence": 0.5,
        "price_change_percent": -0.17431725740849396
      },
      "saved": false,
      "candles_analyzed": 50
    },
    {
      "coin_id": 1944,
      "symbol": "ZROUSDT",
      "status": "completed",
      "analysis": {
        "current_price": 1.264,
        "rsi": 55.0,
        "macd": null,
        "ma_7": 1.2632857142857143,
        "ma_25": 1.2623199999999997,
        "volume": 955.64,
        "price_change": 0.001000000000000112,
        "signal": "BUY",
        "confidence": 0.7,
        "price_change_percent": 0.07917656373714267,
        "reason": "روند صعودی قوی"
      },
      "saved": false,
      "candles_analyzed": 50
    },
    {
      "coin_id": 1993,
      "symbol": "PHBUSDT",
      "status": "completed",
      "analysis": {
        "current_price": 0.247,
        "rsi": 55.0,
        "macd": null,
        "ma_7": 0.24657142857142858,
        "ma_25": 0.24628,
        "volume": 2246.6,
        "price_change": 0.0010000000000000009,
        "signal": "BUY",
        "confidence": 0.7,
        "price_change_percent": 0.4065040650406508,
        "reason": "روند صعودی قوی"
      },
      "saved": false,
      "candles_analyzed": 50
    },
    {
      "coin_id": 1973,
      "symbol": "TUSDUSDT",
      "status": "completed",
      "analysis": {
        "current_price": 0.9991,
        "rsi": 55.0,
        "macd": null,
        "ma_7": 0.9991000000000001,
        "ma_25": 0.9990399999999997,
        "volume": 0.0,
        "price_change": 0.0,
        "signal": "HOLD",
        "confidence": 0.5,
        "price_change_percent": 0.0
      },
      "saved": false,
      "candles_analyzed": 50
    },
    {
      "coin_id": 1604,
      "symbol": "TORNUSDT",
      "status": "completed",
      "analysis": {
        "current_price": 4.06,
        "rsi": 55.0,
        "macd": null,
        "ma_7": 4.074285714285714,
        "ma_25": 4.085999999999999,
        "volume": 3626.7,
        "price_change": -0.11000000000000032,
        "signal": "SELL",
        "confidence": 0.7,
        "price_change_percent": -2.6378896882494085,
        "reason": "روند نزولی قوی"
      },
      "saved": false,
      "candles_analyzed": 50
    }
  ]
}