{
  "block_id": 8,
  "processed_at": "2025-12-25T15:00:00.604206",
  "execution_time_seconds": 0.175702,
  "total_coins": 22,
  "successful_coins": 20,
  "failed_coins": 2,
  "signals_generated": 8,
  "results": [
    {
      "coin_id": 1904,
      "symbol": "EPICUSDT",
      "status": "completed",
      "analysis": {
        "current_price": 0.741,
        "rsi": 67.27272727272728,
        "macd": 0.00611973535932453,
        "ma_7": 0.7337142857142858,
        "ma_25": 0.7242400000000001,
        "volume": 22434.7,
        "price_change": -0.0020000000000000018,
        "signal": "BUY",
        "confidence": 0.7,
        "price_change_percent": -0.2691790040376853,
        "reason": "روند صعودی قوی"
      },
      "saved": false,
      "candles_analyzed": 50
    },
    {
      "coin_id": 1251,
      "symbol": "KAIAUSDT",
      "status": "completed",
      "analysis": {
        "current_price": 0.0568,
        "rsi": 54.54545454545466,
        "macd": 5.618835754818419e-06,
        "ma_7": 0.0568,
        "ma_25": 0.056704,
        "volume": 122.5,
        "price_change": -9.999999999999593e-05,
        "signal": "HOLD",
        "confidence": 0.5,
        "price_change_percent": -0.17574692442881534
      },
      "saved": false,
      "candles_analyzed": 50
    },
    {
      "coin_id": 1206,
      "symbol": "SEIUSDT",
      "status": "completed",
      "analysis": {
        "current_price": 0.1081,
        "rsi": 50.0,
        "macd": -0.00013060704086320651,
        "ma_7": 0.10819999999999999,
        "ma_25": 0.108336,
        "volume": 11594.9,
        "price_change": -0.00010000000000000286,
        "signal": "SELL",
        "confidence": 0.7,
        "price_change_percent": -0.09242144177449432,
        "reason": "روند نزولی قوی"
      },
      "saved": false,
      "candles_analyzed": 50
    },
    {
      "coin_id": 2032,
      "symbol": "ATAUSDT",
      "status": "completed",
      "analysis": {
        "current_price": 0.0161,
        "rsi": 50.0,
        "macd": -2.5055280224256515e-05,
        "ma_7": 0.0161,
        "ma_25": 0.016128,
        "volume": 0.0,
        "price_change": 0.0,
        "signal": "HOLD",
        "confidence": 0.5,
        "price_change_percent": 0.0
      },
      "saved": false,
      "candles_analyzed": 50
    },
    {
      "coin_id": 1289,
      "symbol": "ARUSDT",
      "status": "completed",
      "analysis": {
        "current_price": 3.33,
        "rsi": 50.0,
        "macd": -0.0035677733875560946,
        "ma_7": 3.327142857142857,
        "ma_25": 3.3303999999999996,
        "volume": 4712.19,
        "price_change": 0.0,
        "signal": "HOLD",
        "confidence": 0.5,
        "price_change_percent": 0.0
      },
      "saved": false,
      "candles_analyzed": 50
    },
    {
      "coin_id": 1548,
      "symbol": "HUMAUSDT",
      "status": "completed",
      "analysis": {
        "current_price": 0.03125,
        "rsi": 46.9696969696971,
        "macd": -5.212369137046202e-05,
        "ma_7": 0.03116571428571429,
        "ma_25": 0.0312352,
        "volume": 485741.0,
        "price_change": 8.000000000000021e-05,
        "signal": "HOLD",
        "confidence": 0.5,
        "price_change_percent": 0.2566570420275913
      },
      "saved": false,
      "candles_analyzed": 50
    },
    {
      "coin_id": 1325,
      "symbol": "KITEUSDT",
      "status": "completed",
      "analysis": {
        "current_price": 0.0845,
        "rsi": 33.333333333333556,
        "macd": -0.00022137135692465448,
        "ma_7": 0.0845,
        "ma_25": 0.08508,
        "volume": 0.0,
        "price_change": 0.0,
        "signal": "HOLD",
        "confidence": 0.5,
        "price_change_percent": 0.0
      },
      "saved": false,
      "candles_analyzed": 50
    },
    {
      "coin_id": 1803,
      "symbol": "JOEUSDT",
      "status": "completed",
      "analysis": {
        "current_price": 0.0575,
        "rsi": 42.857142857143,
        "macd": -7.388519315354447e-05,
        "ma_7": 0.05755714285714286,
        "ma_25": 0.057668,
        "volume": 0.0,
        "price_change": 0.0,
        "signal": "SELL",
        "confidence": 0.7,
        "price_change_percent": 0.0,
        "reason": "روند نزولی قوی"
      },
      "saved": false,
      "candles_analyzed": 50
    },
    {
      "coin_id": 1623,
      "symbol": "PRIMEUSDT",
      "status": "failed",
      "reason": "no_data"
    },
    {
      "coin_id": 1997,
      "symbol": "DEGOUSDT",
      "status": "completed",
      "analysis": {
        "current_price": 0.453,
        "rsi": 50.0,
        "macd": -0.000464375358652902,
        "ma_7": 0.4522857142857143,
        "ma_25": 0.45272000000000007,
        "volume": 0.0,
        "price_change": 0.0,
        "signal": "HOLD",
        "confidence": 0.5,
        "price_change_percent": 0.0
      },
      "saved": false,
      "candles_analyzed": 50
    },
    {
      "coin_id": 1373,
      "symbol": "KAITOUSDT",
      "status": "completed",
      "analysis": {
        "current_price": 0.4806,
        "rsi": 67.16417910447755,
        "macd": 0.0006531780740596238,
        "ma_7": 0.4796428571428572,
        "ma_25": 0.478384,
        "volume": 0.0,
        "price_change": 0.0,
        "signal": "BUY",
        "confidence": 0.7,
        "price_change_percent": 0.0,
        "reason": "روند صعودی قوی"
      },
      "saved": false,
      "candles_analyzed": 50
    },
    {
      "coin_id": 1660,
      "symbol": "AVICIUSDT",
      "status": "failed",
      "reason": "no_data"
    },
    {
      "coin_id": 1823,
      "symbol": "THEUSDT",
      "status": "completed",
      "analysis": {
        "current_price": 0.1816,
        "rsi": 29.999999999999858,
        "macd": -0.0002287040040738486,
        "ma_7": 0.18171428571428572,
        "ma_25": 0.18202400000000002,
        "volume": 0.0,
        "price_change": 0.0,
        "signal": "SELL",
        "confidence": 0.8,
        "price_change_percent": 0.0,
        "reason": "روند نزولی قوی"
      },
      "saved": false,
      "candles_analyzed": 50
    },
    {
      "coin_id": 1390,
      "symbol": "AWEUSDT",
      "status": "completed",
      "analysis": {
        "current_price": 0.05625,
        "rsi": 68.51851851851868,
        "macd": 2.73339176578985e-05,
        "ma_7": 0.056271428571428576,
        "ma_25": 0.056162000000000004,
        "volume": 808.0,
        "price_change": -1.9999999999999185e-05,
        "signal": "HOLD",
        "confidence": 0.5,
        "price_change_percent": -0.03554291807357239
      },
      "saved": false,
      "candles_analyzed": 50
    },
    {
      "coin_id": 2028,
      "symbol": "CHESSUSDT",
      "status": "completed",
      "analysis": {
        "current_price": 0.03212,
        "rsi": 45.97701149425295,
        "macd": -4.544633458877789e-05,
        "ma_7": 0.032035714285714285,
        "ma_25": 0.0321148,
        "volume": 5098.6,
        "price_change": 2.0000000000006124e-05,
        "signal": "HOLD",
        "confidence": 0.5,
        "price_change_percent": 0.062305295950174845
      },
      "saved": false,
      "candles_analyzed": 50
    },
    {
      "coin_id": 1532,
      "symbol": "PUNDIXUSDT",
      "status": "completed",
      "analysis": {
        "current_price": 0.2262,
        "rsi": 50.0,
        "macd": -3.848819265134251e-05,
        "ma_7": 0.22594285714285714,
        "ma_25": 0.22586399999999998,
        "volume": 181.7,
        "price_change": 0.00030000000000002247,
        "signal": "BUY",
        "confidence": 0.7,
        "price_change_percent": 0.13280212483400727,
        "reason": "روند صعودی قوی"
      },
      "saved": false,
      "candles_analyzed": 50
    },
    {
      "coin_id": 1669,
      "symbol": "OCEANUSDT",
      "status": "completed",
      "analysis": {
        "current_price": 0.6123,
        "rsi": 42.19858156028353,
        "macd": 0.0007156332130346943,
        "ma_7": 0.6145428571428572,
        "ma_25": 0.6143719999999999,
        "volume": 141857.0,
        "price_change": -0.000500000000000056,
        "signal": "HOLD",
        "confidence": 0.5,
        "price_change_percent": -0.08159268929504829
      },
      "saved": false,
      "candles_analyzed": 50
    },
    {
      "coin_id": 1199,
      "symbol": "VETUSDT",
      "status": "completed",
      "analysis": {
        "current_price": 0.01029,
        "rsi": 55.55555555555576,
        "macd": 2.550333179484471e-07,
        "ma_7": 0.010295714285714285,
        "ma_25": 0.010292,
        "volume": 296369.0,
        "price_change": 0.0,
        "signal": "HOLD",
        "confidence": 0.5,
        "price_change_percent": 0.0
      },
      "saved": false,
      "candles_analyzed": 50
    },
    {
      "coin_id": 1614,
      "symbol": "OPENUSDT",
      "status": "completed",
      "analysis": {
        "current_price": 0.1644,
        "rsi": 60.606060606060375,
        "macd": 0.0002805098013677343,
        "ma_7": 0.16430000000000003,
        "ma_25": 0.163828,
        "volume": 1689.6,
        "price_change": 9.999999999998899e-05,
        "signal": "BUY",
        "confidence": 0.7,
        "price_change_percent": 0.06086427267193487,
        "reason": "روند صعودی قوی"
      },
      "saved": false,
      "candles_analyzed": 50
    },
    {
      "coin_id": 1688,
      "symbol": "WAXPUSDT",
      "status": "completed",
      "analysis": {
        "current_price": 0.00786,
        "rsi": 38.461538461538815,
        "macd": 7.2814218988592055e-06,
        "ma_7": 0.007874285714285714,
        "ma_25": 0.0078764,
        "volume": 125576.0,
        "price_change": -9.999999999999593e-06,
        "signal": "SELL",
        "confidence": 0.7,
        "price_change_percent": -0.1270648030495501,
        "reason": "روند نزولی قوی"
      },
      "saved": false,
      "candles_analyzed": 50
    },
    {
      "coin_id": 2040,
      "symbol": "SYNUSDT",
      "status": "completed",
      "analysis": {
        "current_price": 0.0482,
        "rsi": 33.33333333333373,
        "macd": -7.228549770315479e-05,
        "ma_7": 0.04817142857142857,
        "ma_25": 0.048316,
        "volume": 2827.2,
        "price_change": 0.0,
        "signal": "HOLD",
        "confidence": 0.5,
        "price_change_percent": 0.0
      },
      "saved": false,
      "candles_analyzed": 50
    },
    {
      "coin_id": 1259,
      "symbol": "GNOUSDT",
      "status": "completed",
      "analysis": {
        "current_price": 121.03,
        "rsi": 59.57446808510649,
        "macd": 0.09750283077551103,
        "ma_7": 121.03571428571429,
        "ma_25": 120.88,
        "volume": 0.88,
        "price_change": 0.010000000000005116,
        "signal": "HOLD",
        "confidence": 0.5,
        "price_change_percent": 0.00826309700876311
      },
      "saved": false,
      "candles_analyzed": 50
    }
  ]
}