{
  "block_id": 13,
  "processed_at": "2025-12-24T15:15:51.409720",
  "execution_time_seconds": 0.395981,
  "total_coins": 44,
  "successful_coins": 39,
  "failed_coins": 5,
  "signals_generated": 16,
  "results": [
    {
      "coin_id": 1226,
      "symbol": "XTZUSDT",
      "status": "completed",
      "analysis": {
        "current_price": 0.431,
        "rsi": null,
        "macd": null,
        "ma_7": null,
        "ma_25": null,
        "volume": 2474.6,
        "price_change": 0.0005999999999999894,
        "signal": "HOLD",
        "confidence": 0.5,
        "price_change_percent": 0.13940520446096408
      },
      "saved": false,
      "candles_analyzed": 50
    },
    {
      "coin_id": 1168,
      "symbol": "ICPUSDT",
      "status": "completed",
      "analysis": {
        "current_price": 2.982,
        "rsi": null,
        "macd": null,
        "ma_7": null,
        "ma_25": null,
        "volume": 2650.7,
        "price_change": 0.0,
        "signal": "HOLD",
        "confidence": 0.5,
        "price_change_percent": 0.0
      },
      "saved": false,
      "candles_analyzed": 50
    },
    {
      "coin_id": 1618,
      "symbol": "MMTUSDT",
      "status": "completed",
      "analysis": {
        "current_price": 0.223,
        "rsi": null,
        "macd": null,
        "ma_7": null,
        "ma_25": null,
        "volume": 14421.5,
        "price_change": 0.0007000000000000062,
        "signal": "HOLD",
        "confidence": 0.5,
        "price_change_percent": 0.3148897885740019
      },
      "saved": false,
      "candles_analyzed": 50
    },
    {
      "coin_id": 1431,
      "symbol": "KAVAUSDT",
      "status": "completed",
      "analysis": {
        "current_price": 0.0744,
        "rsi": 55.0,
        "macd": null,
        "ma_7": 0.07440000000000001,
        "ma_25": 0.07436800000000002,
        "volume": 0.0,
        "price_change": 0.0,
        "signal": "HOLD",
        "confidence": 0.5,
        "price_change_percent": 0.0
      },
      "saved": false,
      "candles_analyzed": 50
    },
    {
      "coin_id": 1413,
      "symbol": "MELANIAUSDT",
      "status": "failed",
      "reason": "no_data"
    },
    {
      "coin_id": 1184,
      "symbol": "ONDOUSDT",
      "status": "completed",
      "analysis": {
        "current_price": 0.3761,
        "rsi": null,
        "macd": null,
        "ma_7": null,
        "ma_25": null,
        "volume": 13293.6,
        "price_change": 0.0005000000000000004,
        "signal": "HOLD",
        "confidence": 0.5,
        "price_change_percent": 0.13312034078807256
      },
      "saved": false,
      "candles_analyzed": 50
    },
    {
      "coin_id": 2029,
      "symbol": "UTKUSDT",
      "status": "completed",
      "analysis": {
        "current_price": 0.01165,
        "rsi": 55.0,
        "macd": null,
        "ma_7": 0.01163857142857143,
        "ma_25": 0.011634399999999998,
        "volume": 13362.0,
        "price_change": 1.0000000000001327e-05,
        "signal": "BUY",
        "confidence": 0.7,
        "price_change_percent": 0.08591065292097361,
        "reason": "روند صعودی قوی"
      },
      "saved": false,
      "candles_analyzed": 50
    },
    {
      "coin_id": 1904,
      "symbol": "EPICUSDT",
      "status": "completed",
      "analysis": {
        "current_price": 0.741,
        "rsi": 55.0,
        "macd": null,
        "ma_7": 0.7337142857142857,
        "ma_25": 0.7242399999999998,
        "volume": 22434.7,
        "price_change": -0.0020000000000000018,
        "signal": "BUY",
        "confidence": 0.7,
        "price_change_percent": -0.2691790040376853,
        "reason": "روند صعودی قوی"
      },
      "saved": false,
      "candles_analyzed": 50
    },
    {
      "coin_id": 1195,
      "symbol": "FILUSDT",
      "status": "completed",
      "analysis": {
        "current_price": 1.279,
        "rsi": null,
        "macd": null,
        "ma_7": null,
        "ma_25": null,
        "volume": 25641.25,
        "price_change": 0.0,
        "signal": "HOLD",
        "confidence": 0.5,
        "price_change_percent": 0.0
      },
      "saved": false,
      "candles_analyzed": 50
    },
    {
      "coin_id": 2000,
      "symbol": "1000CATUSDT",
      "status": "completed",
      "analysis": {
        "current_price": 0.0026,
        "rsi": null,
        "macd": null,
        "ma_7": null,
        "ma_25": null,
        "volume": 3620724.6,
        "price_change": 0.0,
        "signal": "HOLD",
        "confidence": 0.5,
        "price_change_percent": 0.0
      },
      "saved": false,
      "candles_analyzed": 50
    },
    {
      "coin_id": 1557,
      "symbol": "ONEUSDT",
      "status": "completed",
      "analysis": {
        "current_price": 0.0035,
        "rsi": 55.0,
        "macd": null,
        "ma_7": 0.0034928571428571426,
        "ma_25": 0.0034915999999999992,
        "volume": 51425.6,
        "price_change": 0.0,
        "signal": "BUY",
        "confidence": 0.7,
        "price_change_percent": 0.0,
        "reason": "روند صعودی قوی"
      },
      "saved": false,
      "candles_analyzed": 50
    },
    {
      "coin_id": 1623,
      "symbol": "PRIMEUSDT",
      "status": "failed",
      "reason": "no_data"
    },
    {
      "coin_id": 1628,
      "symbol": "BALUSDT",
      "status": "completed",
      "analysis": {
        "current_price": 0.967,
        "rsi": 55.0,
        "macd": null,
        "ma_7": 0.9531428571428571,
        "ma_25": 0.9495999999999999,
        "volume": 6032.1,
        "price_change": 0.0040000000000000036,
        "signal": "BUY",
        "confidence": 0.7,
        "price_change_percent": 0.4153686396677055,
        "reason": "روند صعودی قوی"
      },
      "saved": false,
      "candles_analyzed": 50
    },
    {
      "coin_id": 1625,
      "symbol": "USUALUSDT",
      "status": "completed",
      "analysis": {
        "current_price": 0.0242,
        "rsi": null,
        "macd": null,
        "ma_7": null,
        "ma_25": null,
        "volume": 291926.2,
        "price_change": 0.0,
        "signal": "HOLD",
        "confidence": 0.5,
        "price_change_percent": 0.0
      },
      "saved": false,
      "candles_analyzed": 50
    },
    {
      "coin_id": 1417,
      "symbol": "EDUUSDT",
      "status": "completed",
      "analysis": {
        "current_price": 0.1429,
        "rsi": 55.0,
        "macd": null,
        "ma_7": 0.14290000000000003,
        "ma_25": 0.14348399999999997,
        "volume": 9492.0,
        "price_change": -9.999999999998899e-05,
        "signal": "SELL",
        "confidence": 0.7,
        "price_change_percent": -0.06993006993006223,
        "reason": "روند نزولی قوی"
      },
      "saved": false,
      "candles_analyzed": 50
    },
    {
      "coin_id": 1634,
      "symbol": "ANIMEUSDT",
      "status": "completed",
      "analysis": {
        "current_price": 0.00959,
        "rsi": 55.0,
        "macd": null,
        "ma_7": 0.009624285714285714,
        "ma_25": 0.009680799999999998,
        "volume": 4198007.3,
        "price_change": -7.000000000000062e-05,
        "signal": "SELL",
        "confidence": 0.7,
        "price_change_percent": -0.7246376811594266,
        "reason": "روند نزولی قوی"
      },
      "saved": false,
      "candles_analyzed": 50
    },
    {
      "coin_id": 1642,
      "symbol": "KNCUSDT",
      "status": "completed",
      "analysis": {
        "current_price": 0.224,
        "rsi": 55.0,
        "macd": null,
        "ma_7": 0.22357142857142856,
        "ma_25": 0.22347199999999998,
        "volume": 0.0,
        "price_change": 0.0,
        "signal": "BUY",
        "confidence": 0.7,
        "price_change_percent": 0.0,
        "reason": "روند صعودی قوی"
      },
      "saved": false,
      "candles_analyzed": 50
    },
    {
      "coin_id": 1141,
      "symbol": "XLMUSDT",
      "status": "completed",
      "analysis": {
        "current_price": 0.2145,
        "rsi": null,
        "macd": null,
        "ma_7": null,
        "ma_25": null,
        "volume": 15331.0,
        "price_change": 0.0,
        "signal": "HOLD",
        "confidence": 0.5,
        "price_change_percent": 0.0
      },
      "saved": false,
      "candles_analyzed": 50
    },
    {
      "coin_id": 1722,
      "symbol": "AGIUSDT",
      "status": "failed",
      "reason": "no_data"
    },
    {
      "coin_id": 1128,
      "symbol": "BNBUSDT",
      "status": "completed",
      "analysis": {
        "current_price": 838.59,
        "rsi": null,
        "macd": null,
        "ma_7": null,
        "ma_25": null,
        "volume": 203.468,
        "price_change": 0.4700000000000273,
        "signal": "HOLD",
        "confidence": 0.5,
        "price_change_percent": 0.05607788860783984
      },
      "saved": false,
      "candles_analyzed": 50
    },
    {
      "coin_id": 1833,
      "symbol": "NEWTUSDT",
      "status": "completed",
      "analysis": {
        "current_price": 0.0991,
        "rsi": null,
        "macd": null,
        "ma_7": null,
        "ma_25": null,
        "volume": 7129.3,
        "price_change": 9.999999999998899e-05,
        "signal": "HOLD",
        "confidence": 0.5,
        "price_change_percent": 0.10101010101008989
      },
      "saved": false,
      "candles_analyzed": 50
    },
    {
      "coin_id": 1307,
      "symbol": "LGCTUSDT",
      "status": "failed",
      "reason": "no_data"
    },
    {
      "coin_id": 1699,
      "symbol": "ACXUSDT",
      "status": "completed",
      "analysis": {
        "current_price": 0.0501,
        "rsi": 55.0,
        "macd": null,
        "ma_7": 0.050099999999999985,
        "ma_25": 0.049704000000000005,
        "volume": 403.5,
        "price_change": 0.0,
        "signal": "BUY",
        "confidence": 0.7,
        "price_change_percent": 0.0,
        "reason": "روند صعودی قوی"
      },
      "saved": false,
      "candles_analyzed": 50
    },
    {
      "coin_id": 1211,
      "symbol": "CAKEUSDT",
      "status": "completed",
      "analysis": {
        "current_price": 1.803,
        "rsi": null,
        "macd": null,
        "ma_7": null,
        "ma_25": null,
        "volume": 509.98,
        "price_change": 0.0,
        "signal": "HOLD",
        "confidence": 0.5,
        "price_change_percent": 0.0
      },
      "saved": false,
      "candles_analyzed": 50
    },
    {
      "coin_id": 1861,
      "symbol": "DUSKUSDT",
      "status": "completed",
      "analysis": {
        "current_price": 0.0405,
        "rsi": 55.0,
        "macd": null,
        "ma_7": 0.040428571428571425,
        "ma_25": 0.040256,
        "volume": 2743.0,
        "price_change": 0.0,
        "signal": "BUY",
        "confidence": 0.7,
        "price_change_percent": 0.0,
        "reason": "روند صعودی قوی"
      },
      "saved": false,
      "candles_analyzed": 50
    },
    {
      "coin_id": 2009,
      "symbol": "NFPUSDT",
      "status": "completed",
      "analysis": {
        "current_price": 0.0223,
        "rsi": 55.0,
        "macd": null,
        "ma_7": 0.022214285714285718,
        "ma_25": 0.02222,
        "volume": 361005.0,
        "price_change": 9.99999999999994e-05,
        "signal": "HOLD",
        "confidence": 0.5,
        "price_change_percent": 0.4504504504504477
      },
      "saved": false,
      "candles_analyzed": 50
    },
    {
      "coin_id": 1918,
      "symbol": "ALICEUSDT",
      "status": "completed",
      "analysis": {
        "current_price": 0.1686,
        "rsi": 55.0,
        "macd": null,
        "ma_7": 0.16874285714285717,
        "ma_25": 0.16880399999999998,
        "volume": 15963.22,
        "price_change": -0.00040000000000001146,
        "signal": "SELL",
        "confidence": 0.7,
        "price_change_percent": -0.23668639053255114,
        "reason": "روند نزولی قوی"
      },
      "saved": false,
      "candles_analyzed": 50
    },
    {
      "coin_id": 1158,
      "symbol": "AAVEUSDT",
      "status": "completed",
      "analysis": {
        "current_price": 148.93,
        "rsi": null,
        "macd": null,
        "ma_7": null,
        "ma_25": null,
        "volume": 208.052,
        "price_change": 0.11000000000001364,
        "signal": "HOLD",
        "confidence": 0.5,
        "price_change_percent": 0.07391479639834272
      },
      "saved": false,
      "candles_analyzed": 50
    },
    {
      "coin_id": 1177,
      "symbol": "SKYUSDT",
      "status": "completed",
      "analysis": {
        "current_price": 0.06692,
        "rsi": null,
        "macd": null,
        "ma_7": null,
        "ma_25": null,
        "volume": 38196.0,
        "price_change": 0.00020999999999998797,
        "signal": "HOLD",
        "confidence": 0.5,
        "price_change_percent": 0.31479538300103127
      },
      "saved": false,
      "candles_analyzed": 50
    },
    {
      "coin_id": 1495,
      "symbol": "WAVESUSDT",
      "status": "completed",
      "analysis": {
        "current_price": 1.076,
        "rsi": 55.0,
        "macd": null,
        "ma_7": 1.0254285714285716,
        "ma_25": 0.9986799999999999,
        "volume": 98527.64,
        "price_change": 0.018000000000000016,
        "signal": "BUY",
        "confidence": 0.7,
        "price_change_percent": 1.7013232514177707,
        "reason": "روند صعودی قوی"
      },
      "saved": false,
      "candles_analyzed": 50
    },
    {
      "coin_id": 1595,
      "symbol": "DEGENUSDT",
      "status": "failed",
      "reason": "no_data"
    },
    {
      "coin_id": 1573,
      "symbol": "ARKUSDT",
      "status": "completed",
      "analysis": {
        "current_price": 0.2529,
        "rsi": 55.0,
        "macd": null,
        "ma_7": 0.25248571428571426,
        "ma_25": 0.25232800000000005,
        "volume": 1338.0,
        "price_change": 0.00030000000000002247,
        "signal": "BUY",
        "confidence": 0.7,
        "price_change_percent": 0.1187648456057096,
        "reason": "روند صعودی قوی"
      },
      "saved": false,
      "candles_analyzed": 50
    },
    {
      "coin_id": 1466,
      "symbol": "ELFUSDT",
      "status": "completed",
      "analysis": {
        "current_price": 0.2272,
        "rsi": 55.0,
        "macd": null,
        "ma_7": 0.22350000000000003,
        "ma_25": 0.22288399999999992,
        "volume": 35857.1,
        "price_change": 0.0018000000000000238,
        "signal": "BUY",
        "confidence": 0.7,
        "price_change_percent": 0.7985803016859024,
        "reason": "روند صعودی قوی"
      },
      "saved": false,
      "candles_analyzed": 50
    },
    {
      "coin_id": 1931,
      "symbol": "0GUSDT",
      "status": "completed",
      "analysis": {
        "current_price": 0.8,
        "rsi": null,
        "macd": null,
        "ma_7": null,
        "ma_25": null,
        "volume": 3923.0,
        "price_change": 0.0010000000000000009,
        "signal": "HOLD",
        "confidence": 0.5,
        "price_change_percent": 0.1251564455569463
      },
      "saved": false,
      "candles_analyzed": 50
    },
    {
      "coin_id": 1346,
      "symbol": "SNXUSDT",
      "status": "completed",
      "analysis": {
        "current_price": 0.42,
        "rsi": null,
        "macd": null,
        "ma_7": null,
        "ma_25": null,
        "volume": 36432.9,
        "price_change": 0.0,
        "signal": "HOLD",
        "confidence": 0.5,
        "price_change_percent": 0.0
      },
      "saved": false,
      "candles_analyzed": 50
    },
    {
      "coin_id": 1229,
      "symbol": "INJUSDT",
      "status": "completed",
      "analysis": {
        "current_price": 4.466,
        "rsi": null,
        "macd": null,
        "ma_7": null,
        "ma_25": null,
        "volume": 2566.28,
        "price_change": 0.0,
        "signal": "HOLD",
        "confidence": 0.5,
        "price_change_percent": 0.0
      },
      "saved": false,
      "candles_analyzed": 50
    },
    {
      "coin_id": 1639,
      "symbol": "BIGTIMEUSDT",
      "status": "completed",
      "analysis": {
        "current_price": 0.01923,
        "rsi": 55.0,
        "macd": null,
        "ma_7": 0.01920142857142857,
        "ma_25": 0.0191928,
        "volume": 7201.0,
        "price_change": -1.9999999999999185e-05,
        "signal": "BUY",
        "confidence": 0.7,
        "price_change_percent": -0.10389610389609967,
        "reason": "روند صعودی قوی"
      },
      "saved": false,
      "candles_analyzed": 50
    },
    {
      "coin_id": 1962,
      "symbol": "EURIUSDT",
      "status": "completed",
      "analysis": {
        "current_price": 1.1801,
        "rsi": 55.0,
        "macd": null,
        "ma_7": 1.1798428571428572,
        "ma_25": 1.179964,
        "volume": 8351.1,
        "price_change": 0.0004999999999999449,
        "signal": "HOLD",
        "confidence": 0.5,
        "price_change_percent": 0.04238724991522083
      },
      "saved": false,
      "candles_analyzed": 50
    },
    {
      "coin_id": 1949,
      "symbol": "FUSDT",
      "status": "completed",
      "analysis": {
        "current_price": 0.0081,
        "rsi": null,
        "macd": null,
        "ma_7": null,
        "ma_25": null,
        "volume": 916657.0,
        "price_change": -9.999999999999593e-06,
        "signal": "HOLD",
        "confidence": 0.5,
        "price_change_percent": -0.12330456226879893
      },
      "saved": false,
      "candles_analyzed": 50
    },
    {
      "coin_id": 1571,
      "symbol": "ONTUSDT",
      "status": "completed",
      "analysis": {
        "current_price": 0.0531,
        "rsi": 55.0,
        "macd": null,
        "ma_7": 0.053042857142857135,
        "ma_25": 0.05290399999999997,
        "volume": 6083.0,
        "price_change": 0.00010000000000000286,
        "signal": "BUY",
        "confidence": 0.7,
        "price_change_percent": 0.18867924528302427,
        "reason": "روند صعودی قوی"
      },
      "saved": false,
      "candles_analyzed": 50
    },
    {
      "coin_id": 1338,
      "symbol": "JTOUSDT",
      "status": "completed",
      "analysis": {
        "current_price": 0.351,
        "rsi": null,
        "macd": null,
        "ma_7": null,
        "ma_25": null,
        "volume": 0.0,
        "price_change": 0.0,
        "signal": "HOLD",
        "confidence": 0.5,
        "price_change_percent": 0.0
      },
      "saved": false,
      "candles_analyzed": 50
    },
    {
      "coin_id": 2014,
      "symbol": "GLMRUSDT",
      "status": "completed",
      "analysis": {
        "current_price": 0.0228,
        "rsi": 55.0,
        "macd": null,
        "ma_7": 0.022757142857142858,
        "ma_25": 0.022788,
        "volume": 13816.0,
        "price_change": 0.0,
        "signal": "HOLD",
        "confidence": 0.5,
        "price_change_percent": 0.0
      },
      "saved": false,
      "candles_analyzed": 50
    },
    {
      "coin_id": 1682,
      "symbol": "ERAUSDT",
      "status": "completed",
      "analysis": {
        "current_price": 0.1995,
        "rsi": 55.0,
        "macd": null,
        "ma_7": 0.19821428571428573,
        "ma_25": 0.19698000000000002,
        "volume": 9161.6,
        "price_change": 0.0006000000000000172,
        "signal": "BUY",
        "confidence": 0.7,
        "price_change_percent": 0.3016591251885456,
        "reason": "روند صعودی قوی"
      },
      "saved": false,
      "candles_analyzed": 50
    },
    {
      "coin_id": 1332,
      "symbol": "CVXUSDT",
      "status": "completed",
      "analysis": {
        "current_price": 1.749,
        "rsi": null,
        "macd": null,
        "ma_7": null,
        "ma_25": null,
        "volume": 61.373,
        "price_change": -0.0019999999999997797,
        "signal": "HOLD",
        "confidence": 0.5,
        "price_change_percent": -0.11422044545972472
      },
      "saved": false,
      "candles_analyzed": 50
    }
  ]
}