{
  "block_id": 11,
  "processed_at": "2025-12-24T15:13:12.192953",
  "execution_time_seconds": 0.539196,
  "total_coins": 41,
  "successful_coins": 40,
  "failed_coins": 1,
  "signals_generated": 22,
  "results": [
    {
      "coin_id": 1528,
      "symbol": "HOMEUSDT",
      "status": "completed",
      "analysis": {
        "current_price": 0.01893,
        "rsi": 55.0,
        "macd": null,
        "ma_7": 0.01899,
        "ma_25": 0.019096799999999997,
        "volume": 275187.0,
        "price_change": -9.999999999999593e-06,
        "signal": "SELL",
        "confidence": 0.7,
        "price_change_percent": -0.052798310454063316,
        "reason": "روند نزولی قوی"
      },
      "saved": false,
      "candles_analyzed": 50
    },
    {
      "coin_id": 1419,
      "symbol": "MOVEUSDT",
      "status": "completed",
      "analysis": {
        "current_price": 0.0391,
        "rsi": 55.0,
        "macd": null,
        "ma_7": 0.03874285714285714,
        "ma_25": 0.038148000000000015,
        "volume": 1260111.1,
        "price_change": 0.0011000000000000038,
        "signal": "BUY",
        "confidence": 0.7,
        "price_change_percent": 2.894736842105273,
        "reason": "روند صعودی قوی"
      },
      "saved": false,
      "candles_analyzed": 50
    },
    {
      "coin_id": 1247,
      "symbol": "CFXUSDT",
      "status": "completed",
      "analysis": {
        "current_price": 0.0686,
        "rsi": null,
        "macd": null,
        "ma_7": null,
        "ma_25": null,
        "volume": 39903.0,
        "price_change": 0.0,
        "signal": "HOLD",
        "confidence": 0.5,
        "price_change_percent": 0.0
      },
      "saved": false,
      "candles_analyzed": 50
    },
    {
      "coin_id": 1457,
      "symbol": "XVGUSDT",
      "status": "completed",
      "analysis": {
        "current_price": 0.004726,
        "rsi": null,
        "macd": null,
        "ma_7": null,
        "ma_25": null,
        "volume": 1506394.0,
        "price_change": 1.700000000000052e-05,
        "signal": "HOLD",
        "confidence": 0.5,
        "price_change_percent": 0.3610108303249209
      },
      "saved": false,
      "candles_analyzed": 50
    },
    {
      "coin_id": 1964,
      "symbol": "INITUSDT",
      "status": "completed",
      "analysis": {
        "current_price": 0.0831,
        "rsi": 55.0,
        "macd": null,
        "ma_7": 0.08271428571428571,
        "ma_25": 0.08263200000000001,
        "volume": 58962.0,
        "price_change": 0.0003999999999999976,
        "signal": "BUY",
        "confidence": 0.7,
        "price_change_percent": 0.4836759371221253,
        "reason": "روند صعودی قوی"
      },
      "saved": false,
      "candles_analyzed": 50
    },
    {
      "coin_id": 1525,
      "symbol": "API3USDT",
      "status": "completed",
      "analysis": {
        "current_price": 0.4377,
        "rsi": 55.0,
        "macd": null,
        "ma_7": 0.43557142857142855,
        "ma_25": 0.43448,
        "volume": 18322.96,
        "price_change": 0.0012999999999999678,
        "signal": "BUY",
        "confidence": 0.7,
        "price_change_percent": 0.29789184234646376,
        "reason": "روند صعودی قوی"
      },
      "saved": false,
      "candles_analyzed": 50
    },
    {
      "coin_id": 1965,
      "symbol": "FXSUSDT",
      "status": "completed",
      "analysis": {
        "current_price": 0.68,
        "rsi": 55.0,
        "macd": null,
        "ma_7": 0.6808571428571428,
        "ma_25": 0.6824400000000003,
        "volume": 2826.3,
        "price_change": -0.0010000000000000009,
        "signal": "SELL",
        "confidence": 0.7,
        "price_change_percent": -0.14684287812041127,
        "reason": "روند نزولی قوی"
      },
      "saved": false,
      "candles_analyzed": 50
    },
    {
      "coin_id": 2028,
      "symbol": "CHESSUSDT",
      "status": "completed",
      "analysis": {
        "current_price": 0.03212,
        "rsi": 55.0,
        "macd": null,
        "ma_7": 0.032035714285714285,
        "ma_25": 0.032114800000000006,
        "volume": 5098.6,
        "price_change": 2.0000000000006124e-05,
        "signal": "HOLD",
        "confidence": 0.5,
        "price_change_percent": 0.062305295950174845
      },
      "saved": false,
      "candles_analyzed": 50
    },
    {
      "coin_id": 1283,
      "symbol": "MANAUSDT",
      "status": "completed",
      "analysis": {
        "current_price": 0.1155,
        "rsi": null,
        "macd": null,
        "ma_7": null,
        "ma_25": null,
        "volume": 30622.0,
        "price_change": 0.00010000000000000286,
        "signal": "HOLD",
        "confidence": 0.5,
        "price_change_percent": 0.08665511265164892
      },
      "saved": false,
      "candles_analyzed": 50
    },
    {
      "coin_id": 1230,
      "symbol": "ABUSDT",
      "status": "failed",
      "reason": "no_data"
    },
    {
      "coin_id": 1942,
      "symbol": "MUBARAKUSDT",
      "status": "completed",
      "analysis": {
        "current_price": 0.01591,
        "rsi": 55.0,
        "macd": null,
        "ma_7": 0.01595,
        "ma_25": 0.015814799999999997,
        "volume": 0.0,
        "price_change": 0.0,
        "signal": "HOLD",
        "confidence": 0.5,
        "price_change_percent": 0.0
      },
      "saved": false,
      "candles_analyzed": 50
    },
    {
      "coin_id": 1813,
      "symbol": "BBUSDT",
      "status": "completed",
      "analysis": {
        "current_price": 0.056,
        "rsi": 55.0,
        "macd": null,
        "ma_7": 0.055842857142857145,
        "ma_25": 0.05583600000000002,
        "volume": 0.0,
        "price_change": 0.0,
        "signal": "BUY",
        "confidence": 0.7,
        "price_change_percent": 0.0,
        "reason": "روند صعودی قوی"
      },
      "saved": false,
      "candles_analyzed": 50
    },
    {
      "coin_id": 1996,
      "symbol": "RADUSDT",
      "status": "completed",
      "analysis": {
        "current_price": 0.258,
        "rsi": 55.0,
        "macd": null,
        "ma_7": 0.25857142857142856,
        "ma_25": 0.25852,
        "volume": 21.4,
        "price_change": 0.0,
        "signal": "HOLD",
        "confidence": 0.5,
        "price_change_percent": 0.0
      },
      "saved": false,
      "candles_analyzed": 50
    },
    {
      "coin_id": 2003,
      "symbol": "RPLUSDT",
      "status": "completed",
      "analysis": {
        "current_price": 1.77,
        "rsi": 55.0,
        "macd": null,
        "ma_7": 1.7699999999999998,
        "ma_25": 1.7640000000000011,
        "volume": 0.0,
        "price_change": 0.0,
        "signal": "BUY",
        "confidence": 0.7,
        "price_change_percent": 0.0,
        "reason": "روند صعودی قوی"
      },
      "saved": false,
      "candles_analyzed": 50
    },
    {
      "coin_id": 1983,
      "symbol": "1INCHUSDT",
      "status": "completed",
      "analysis": {
        "current_price": 0.1487,
        "rsi": 55.0,
        "macd": null,
        "ma_7": 0.14862857142857147,
        "ma_25": 0.14844799999999994,
        "volume": 0.0,
        "price_change": 0.0,
        "signal": "BUY",
        "confidence": 0.7,
        "price_change_percent": 0.0,
        "reason": "روند صعودی قوی"
      },
      "saved": false,
      "candles_analyzed": 50
    },
    {
      "coin_id": 1561,
      "symbol": "WOOUSDT",
      "status": "completed",
      "analysis": {
        "current_price": 0.0264,
        "rsi": 55.0,
        "macd": null,
        "ma_7": 0.02641428571428572,
        "ma_25": 0.026303999999999994,
        "volume": 0.0,
        "price_change": 0.0,
        "signal": "HOLD",
        "confidence": 0.5,
        "price_change_percent": 0.0
      },
      "saved": false,
      "candles_analyzed": 50
    },
    {
      "coin_id": 1980,
      "symbol": "REZUSDT",
      "status": "completed",
      "analysis": {
        "current_price": 0.00443,
        "rsi": null,
        "macd": null,
        "ma_7": null,
        "ma_25": null,
        "volume": 0.0,
        "price_change": 0.0,
        "signal": "HOLD",
        "confidence": 0.5,
        "price_change_percent": 0.0
      },
      "saved": false,
      "candles_analyzed": 50
    },
    {
      "coin_id": 1140,
      "symbol": "ZECUSDT",
      "status": "completed",
      "analysis": {
        "current_price": 414.01,
        "rsi": null,
        "macd": null,
        "ma_7": null,
        "ma_25": null,
        "volume": 26.559,
        "price_change": 0.17000000000001592,
        "signal": "HOLD",
        "confidence": 0.5,
        "price_change_percent": 0.04107867774985886
      },
      "saved": false,
      "candles_analyzed": 50
    },
    {
      "coin_id": 1969,
      "symbol": "OXTUSDT",
      "status": "completed",
      "analysis": {
        "current_price": 0.0236,
        "rsi": 55.0,
        "macd": null,
        "ma_7": 0.023657142857142856,
        "ma_25": 0.02367599999999999,
        "volume": 0.0,
        "price_change": 0.0,
        "signal": "SELL",
        "confidence": 0.7,
        "price_change_percent": 0.0,
        "reason": "روند نزولی قوی"
      },
      "saved": false,
      "candles_analyzed": 50
    },
    {
      "coin_id": 1971,
      "symbol": "RONINUSDT",
      "status": "completed",
      "analysis": {
        "current_price": 0.1384,
        "rsi": 55.0,
        "macd": null,
        "ma_7": 0.13822857142857142,
        "ma_25": 0.138316,
        "volume": 0.0,
        "price_change": 0.0,
        "signal": "HOLD",
        "confidence": 0.5,
        "price_change_percent": 0.0
      },
      "saved": false,
      "candles_analyzed": 50
    },
    {
      "coin_id": 1536,
      "symbol": "SIGNUSDT",
      "status": "completed",
      "analysis": {
        "current_price": 0.03679,
        "rsi": 55.0,
        "macd": null,
        "ma_7": 0.03664,
        "ma_25": 0.0365588,
        "volume": 0.0,
        "price_change": 0.0,
        "signal": "BUY",
        "confidence": 0.7,
        "price_change_percent": 0.0,
        "reason": "روند صعودی قوی"
      },
      "saved": false,
      "candles_analyzed": 50
    },
    {
      "coin_id": 1331,
      "symbol": "RSRUSDT",
      "status": "completed",
      "analysis": {
        "current_price": 0.002428,
        "rsi": null,
        "macd": null,
        "ma_7": null,
        "ma_25": null,
        "volume": 0.0,
        "price_change": 0.0,
        "signal": "HOLD",
        "confidence": 0.5,
        "price_change_percent": 0.0
      },
      "saved": false,
      "candles_analyzed": 50
    },
    {
      "coin_id": 1692,
      "symbol": "MANTAUSDT",
      "status": "completed",
      "analysis": {
        "current_price": 0.0715,
        "rsi": 55.0,
        "macd": null,
        "ma_7": 0.0716,
        "ma_25": 0.07160000000000002,
        "volume": 251.0,
        "price_change": 0.0,
        "signal": "SELL",
        "confidence": 0.7,
        "price_change_percent": 0.0,
        "reason": "روند نزولی قوی"
      },
      "saved": false,
      "candles_analyzed": 50
    },
    {
      "coin_id": 1997,
      "symbol": "DEGOUSDT",
      "status": "completed",
      "analysis": {
        "current_price": 0.453,
        "rsi": 55.0,
        "macd": null,
        "ma_7": 0.4522857142857143,
        "ma_25": 0.4527199999999999,
        "volume": 0.0,
        "price_change": 0.0,
        "signal": "HOLD",
        "confidence": 0.5,
        "price_change_percent": 0.0
      },
      "saved": false,
      "candles_analyzed": 50
    },
    {
      "coin_id": 1696,
      "symbol": "DIAUSDT",
      "status": "completed",
      "analysis": {
        "current_price": 0.2652,
        "rsi": 55.0,
        "macd": null,
        "ma_7": 0.26482857142857147,
        "ma_25": 0.26442800000000005,
        "volume": 3398.9,
        "price_change": -0.00040000000000001146,
        "signal": "BUY",
        "confidence": 0.7,
        "price_change_percent": -0.15060240963855853,
        "reason": "روند صعودی قوی"
      },
      "saved": false,
      "candles_analyzed": 50
    },
    {
      "coin_id": 2039,
      "symbol": "GTCUSDT",
      "status": "completed",
      "analysis": {
        "current_price": 0.127,
        "rsi": 55.0,
        "macd": null,
        "ma_7": 0.12685714285714286,
        "ma_25": 0.12659999999999996,
        "volume": 0.0,
        "price_change": 0.0,
        "signal": "BUY",
        "confidence": 0.7,
        "price_change_percent": 0.0,
        "reason": "روند صعودی قوی"
      },
      "saved": false,
      "candles_analyzed": 50
    },
    {
      "coin_id": 1593,
      "symbol": "HIVEUSDT",
      "status": "completed",
      "analysis": {
        "current_price": 0.0919,
        "rsi": 55.0,
        "macd": null,
        "ma_7": 0.09188571428571427,
        "ma_25": 0.09155599999999998,
        "volume": 6070.0,
        "price_change": 0.0,
        "signal": "BUY",
        "confidence": 0.7,
        "price_change_percent": 0.0,
        "reason": "روند صعودی قوی"
      },
      "saved": false,
      "candles_analyzed": 50
    },
    {
      "coin_id": 1956,
      "symbol": "EDENUSDT",
      "status": "completed",
      "analysis": {
        "current_price": 0.0646,
        "rsi": 55.0,
        "macd": null,
        "ma_7": 0.0645142857142857,
        "ma_25": 0.064528,
        "volume": 83.5,
        "price_change": 0.0,
        "signal": "HOLD",
        "confidence": 0.5,
        "price_change_percent": 0.0
      },
      "saved": false,
      "candles_analyzed": 50
    },
    {
      "coin_id": 1142,
      "symbol": "USDEUSDT",
      "status": "completed",
      "analysis": {
        "current_price": 0.9993,
        "rsi": null,
        "macd": null,
        "ma_7": null,
        "ma_25": null,
        "volume": 627082.0,
        "price_change": 0.0,
        "signal": "HOLD",
        "confidence": 0.5,
        "price_change_percent": 0.0
      },
      "saved": false,
      "candles_analyzed": 50
    },
    {
      "coin_id": 1545,
      "symbol": "SSVUSDT",
      "status": "completed",
      "analysis": {
        "current_price": 3.857,
        "rsi": 55.0,
        "macd": null,
        "ma_7": 3.8468571428571425,
        "ma_25": 3.824079999999999,
        "volume": 24.666,
        "price_change": -0.005999999999999783,
        "signal": "BUY",
        "confidence": 0.7,
        "price_change_percent": -0.15531969971524162,
        "reason": "روند صعودی قوی"
      },
      "saved": false,
      "candles_analyzed": 50
    },
    {
      "coin_id": 1373,
      "symbol": "KAITOUSDT",
      "status": "completed",
      "analysis": {
        "current_price": 0.4806,
        "rsi": null,
        "macd": null,
        "ma_7": null,
        "ma_25": null,
        "volume": 0.0,
        "price_change": 0.0,
        "signal": "HOLD",
        "confidence": 0.5,
        "price_change_percent": 0.0
      },
      "saved": false,
      "candles_analyzed": 50
    },
    {
      "coin_id": 1688,
      "symbol": "WAXPUSDT",
      "status": "completed",
      "analysis": {
        "current_price": 0.00786,
        "rsi": 55.0,
        "macd": null,
        "ma_7": 0.007874285714285714,
        "ma_25": 0.007876399999999999,
        "volume": 125576.0,
        "price_change": -9.999999999999593e-06,
        "signal": "SELL",
        "confidence": 0.7,
        "price_change_percent": -0.1270648030495501,
        "reason": "روند نزولی قوی"
      },
      "saved": false,
      "candles_analyzed": 50
    },
    {
      "coin_id": 1385,
      "symbol": "LINEAUSDT",
      "status": "completed",
      "analysis": {
        "current_price": 0.00635,
        "rsi": null,
        "macd": null,
        "ma_7": null,
        "ma_25": null,
        "volume": 12259.0,
        "price_change": -2.0000000000000052e-05,
        "signal": "HOLD",
        "confidence": 0.5,
        "price_change_percent": -0.31397174254317195
      },
      "saved": false,
      "candles_analyzed": 50
    },
    {
      "coin_id": 1816,
      "symbol": "QIUSDT",
      "status": "completed",
      "analysis": {
        "current_price": 0.00302,
        "rsi": 55.0,
        "macd": null,
        "ma_7": 0.003010000000000001,
        "ma_25": 0.0030048,
        "volume": 78911.0,
        "price_change": 0.0,
        "signal": "BUY",
        "confidence": 0.7,
        "price_change_percent": 0.0,
        "reason": "روند صعودی قوی"
      },
      "saved": false,
      "candles_analyzed": 50
    },
    {
      "coin_id": 1988,
      "symbol": "CITYUSDT",
      "status": "completed",
      "analysis": {
        "current_price": 0.647,
        "rsi": 55.0,
        "macd": null,
        "ma_7": 0.6461428571428572,
        "ma_25": 0.6455199999999999,
        "volume": 32.89,
        "price_change": 0.0,
        "signal": "BUY",
        "confidence": 0.7,
        "price_change_percent": 0.0,
        "reason": "روند صعودی قوی"
      },
      "saved": false,
      "candles_analyzed": 50
    },
    {
      "coin_id": 1284,
      "symbol": "RAYUSDT",
      "status": "completed",
      "analysis": {
        "current_price": 0.896,
        "rsi": null,
        "macd": null,
        "ma_7": null,
        "ma_25": null,
        "volume": 0.0,
        "price_change": 0.0,
        "signal": "HOLD",
        "confidence": 0.5,
        "price_change_percent": 0.0
      },
      "saved": false,
      "candles_analyzed": 50
    },
    {
      "coin_id": 1506,
      "symbol": "ORCAUSDT",
      "status": "completed",
      "analysis": {
        "current_price": 1.099,
        "rsi": 55.0,
        "macd": null,
        "ma_7": 1.098857142857143,
        "ma_25": 1.1011199999999999,
        "volume": 0.0,
        "price_change": 0.0,
        "signal": "HOLD",
        "confidence": 0.5,
        "price_change_percent": 0.0
      },
      "saved": false,
      "candles_analyzed": 50
    },
    {
      "coin_id": 1733,
      "symbol": "XAIUSDT",
      "status": "completed",
      "analysis": {
        "current_price": 0.01511,
        "rsi": 55.0,
        "macd": null,
        "ma_7": 0.015105714285714287,
        "ma_25": 0.0150852,
        "volume": 193988.9,
        "price_change": 0.0,
        "signal": "BUY",
        "confidence": 0.7,
        "price_change_percent": 0.0,
        "reason": "روند صعودی قوی"
      },
      "saved": false,
      "candles_analyzed": 50
    },
    {
      "coin_id": 1845,
      "symbol": "ACEUSDT",
      "status": "completed",
      "analysis": {
        "current_price": 0.287,
        "rsi": 55.0,
        "macd": null,
        "ma_7": 0.2848571428571428,
        "ma_25": 0.28204,
        "volume": 13106.1,
        "price_change": 0.0,
        "signal": "BUY",
        "confidence": 0.7,
        "price_change_percent": 0.0,
        "reason": "روند صعودی قوی"
      },
      "saved": false,
      "candles_analyzed": 50
    },
    {
      "coin_id": 2030,
      "symbol": "HEIUSDT",
      "status": "completed",
      "analysis": {
        "current_price": 0.1172,
        "rsi": 55.0,
        "macd": null,
        "ma_7": 0.11732857142857142,
        "ma_25": 0.11738000000000003,
        "volume": 967.5,
        "price_change": -0.00010000000000000286,
        "signal": "SELL",
        "confidence": 0.7,
        "price_change_percent": -0.08525149190111071,
        "reason": "روند نزولی قوی"
      },
      "saved": false,
      "candles_analyzed": 50
    },
    {
      "coin_id": 1865,
      "symbol": "AVAUSDT",
      "status": "completed",
      "analysis": {
        "current_price": 0.273,
        "rsi": 55.0,
        "macd": null,
        "ma_7": 0.2726285714285714,
        "ma_25": 0.27242399999999994,
        "volume": 131.2,
        "price_change": -9.999999999998899e-05,
        "signal": "BUY",
        "confidence": 0.7,
        "price_change_percent": -0.03661662394726803,
        "reason": "روند صعودی قوی"
      },
      "saved": false,
      "candles_analyzed": 50
    }
  ]
}