{
  "block_id": 3,
  "processed_at": "2025-12-24T15:00:29.397424",
  "execution_time_seconds": 0.381996,
  "total_coins": 45,
  "successful_coins": 45,
  "failed_coins": 0,
  "signals_generated": 3,
  "results": [
    {
      "coin_id": 1819,
      "symbol": "C98USDT",
      "status": "completed",
      "analysis": {
        "current_price": 0.0211,
        "rsi": null,
        "macd": null,
        "ma_7": null,
        "ma_25": null,
        "volume": 0.0,
        "price_change": 0.0,
        "signal": "HOLD",
        "confidence": 0.5,
        "price_change_percent": 0.0
      },
      "saved": false,
      "candles_analyzed": 50
    },
    {
      "coin_id": 1957,
      "symbol": "ENSOUSDT",
      "status": "completed",
      "analysis": {
        "current_price": 0.681,
        "rsi": null,
        "macd": null,
        "ma_7": null,
        "ma_25": null,
        "volume": 3896.28,
        "price_change": -0.0010000000000000009,
        "signal": "HOLD",
        "confidence": 0.5,
        "price_change_percent": -0.1466275659824048
      },
      "saved": false,
      "candles_analyzed": 50
    },
    {
      "coin_id": 1497,
      "symbol": "IOTXUSDT",
      "status": "completed",
      "analysis": {
        "current_price": 0.00693,
        "rsi": null,
        "macd": null,
        "ma_7": null,
        "ma_25": null,
        "volume": 0.0,
        "price_change": 1.000000000000046e-05,
        "signal": "HOLD",
        "confidence": 0.5,
        "price_change_percent": 0.14450867052023786
      },
      "saved": false,
      "candles_analyzed": 50
    },
    {
      "coin_id": 1210,
      "symbol": "MORPHOUSDT",
      "status": "completed",
      "analysis": {
        "current_price": 1.146,
        "rsi": null,
        "macd": null,
        "ma_7": null,
        "ma_25": null,
        "volume": 2333.7,
        "price_change": -0.001000000000000112,
        "signal": "HOLD",
        "confidence": 0.5,
        "price_change_percent": -0.08718395815170983
      },
      "saved": false,
      "candles_analyzed": 50
    },
    {
      "coin_id": 1263,
      "symbol": "HNTUSDT",
      "status": "completed",
      "analysis": {
        "current_price": 4.67,
        "rsi": null,
        "macd": null,
        "ma_7": null,
        "ma_25": null,
        "volume": 37677.54,
        "price_change": -0.020000000000000462,
        "signal": "HOLD",
        "confidence": 0.5,
        "price_change_percent": -0.42643923240939147
      },
      "saved": false,
      "candles_analyzed": 50
    },
    {
      "coin_id": 1508,
      "symbol": "AVNTUSDT",
      "status": "completed",
      "analysis": {
        "current_price": 0.3653,
        "rsi": null,
        "macd": null,
        "ma_7": null,
        "ma_25": null,
        "volume": 124504.8,
        "price_change": -9.999999999998899e-05,
        "signal": "HOLD",
        "confidence": 0.5,
        "price_change_percent": -0.02736726874657608
      },
      "saved": false,
      "candles_analyzed": 50
    },
    {
      "coin_id": 1935,
      "symbol": "PORTALUSDT",
      "status": "completed",
      "analysis": {
        "current_price": 0.0226,
        "rsi": null,
        "macd": null,
        "ma_7": null,
        "ma_25": null,
        "volume": 0.0,
        "price_change": 0.0,
        "signal": "HOLD",
        "confidence": 0.5,
        "price_change_percent": 0.0
      },
      "saved": false,
      "candles_analyzed": 50
    },
    {
      "coin_id": 1212,
      "symbol": "JUPUSDT",
      "status": "completed",
      "analysis": {
        "current_price": 0.1865,
        "rsi": null,
        "macd": null,
        "ma_7": null,
        "ma_25": null,
        "volume": 4987.6,
        "price_change": -0.0002999999999999947,
        "signal": "HOLD",
        "confidence": 0.5,
        "price_change_percent": -0.16059957173447256
      },
      "saved": false,
      "candles_analyzed": 50
    },
    {
      "coin_id": 1947,
      "symbol": "BROCCOLI714USDT",
      "status": "completed",
      "analysis": {
        "current_price": 0.01237,
        "rsi": null,
        "macd": null,
        "ma_7": null,
        "ma_25": null,
        "volume": 13282.0,
        "price_change": -9.999999999999593e-06,
        "signal": "HOLD",
        "confidence": 0.5,
        "price_change_percent": -0.08077544426494017
      },
      "saved": false,
      "candles_analyzed": 50
    },
    {
      "coin_id": 1572,
      "symbol": "XUSDUSDT",
      "status": "completed",
      "analysis": {
        "current_price": 1.0006,
        "rsi": null,
        "macd": null,
        "ma_7": null,
        "ma_25": null,
        "volume": 3153.0,
        "price_change": 9.999999999998899e-05,
        "signal": "HOLD",
        "confidence": 0.5,
        "price_change_percent": 0.009995002498749524
      },
      "saved": false,
      "candles_analyzed": 50
    },
    {
      "coin_id": 1619,
      "symbol": "SOMIUSDT",
      "status": "completed",
      "analysis": {
        "current_price": 0.2457,
        "rsi": null,
        "macd": null,
        "ma_7": null,
        "ma_25": null,
        "volume": 12947.4,
        "price_change": 0.0005999999999999894,
        "signal": "HOLD",
        "confidence": 0.5,
        "price_change_percent": 0.24479804161566276
      },
      "saved": false,
      "candles_analyzed": 50
    },
    {
      "coin_id": 1289,
      "symbol": "ARUSDT",
      "status": "completed",
      "analysis": {
        "current_price": 3.33,
        "rsi": null,
        "macd": null,
        "ma_7": null,
        "ma_25": null,
        "volume": 4712.19,
        "price_change": 0.0,
        "signal": "HOLD",
        "confidence": 0.5,
        "price_change_percent": 0.0
      },
      "saved": false,
      "candles_analyzed": 50
    },
    {
      "coin_id": 1960,
      "symbol": "AUSDT",
      "status": "completed",
      "analysis": {
        "current_price": 0.1612,
        "rsi": null,
        "macd": null,
        "ma_7": null,
        "ma_25": null,
        "volume": 14668.3,
        "price_change": -0.0002999999999999947,
        "signal": "HOLD",
        "confidence": 0.5,
        "price_change_percent": -0.18575851393188525
      },
      "saved": false,
      "candles_analyzed": 50
    },
    {
      "coin_id": 1646,
      "symbol": "CYBERUSDT",
      "status": "completed",
      "analysis": {
        "current_price": 0.67,
        "rsi": null,
        "macd": null,
        "ma_7": null,
        "ma_25": null,
        "volume": 174.2,
        "price_change": 0.0,
        "signal": "HOLD",
        "confidence": 0.5,
        "price_change_percent": 0.0
      },
      "saved": false,
      "candles_analyzed": 50
    },
    {
      "coin_id": 1975,
      "symbol": "GHSTUSDT",
      "status": "completed",
      "analysis": {
        "current_price": 0.165,
        "rsi": null,
        "macd": null,
        "ma_7": null,
        "ma_25": null,
        "volume": 21595.3,
        "price_change": -0.0010000000000000009,
        "signal": "HOLD",
        "confidence": 0.5,
        "price_change_percent": -0.6024096385542174
      },
      "saved": false,
      "candles_analyzed": 50
    },
    {
      "coin_id": 2012,
      "symbol": "CELRUSDT",
      "status": "completed",
      "analysis": {
        "current_price": 0.003544,
        "rsi": null,
        "macd": null,
        "ma_7": null,
        "ma_25": null,
        "volume": 129519.0,
        "price_change": -6.000000000000363e-06,
        "signal": "HOLD",
        "confidence": 0.5,
        "price_change_percent": -0.16901408450705246
      },
      "saved": false,
      "candles_analyzed": 50
    },
    {
      "coin_id": 1963,
      "symbol": "LUMIAUSDT",
      "status": "completed",
      "analysis": {
        "current_price": 0.111,
        "rsi": null,
        "macd": null,
        "ma_7": null,
        "ma_25": null,
        "volume": 11006.83,
        "price_change": 0.0,
        "signal": "HOLD",
        "confidence": 0.5,
        "price_change_percent": 0.0
      },
      "saved": false,
      "candles_analyzed": 50
    },
    {
      "coin_id": 1150,
      "symbol": "UNIUSDT",
      "status": "completed",
      "analysis": {
        "current_price": 5.695,
        "rsi": null,
        "macd": null,
        "ma_7": null,
        "ma_25": null,
        "volume": 16142.28,
        "price_change": -0.0030000000000001137,
        "signal": "HOLD",
        "confidence": 0.5,
        "price_change_percent": -0.052650052650054645
      },
      "saved": false,
      "candles_analyzed": 50
    },
    {
      "coin_id": 1244,
      "symbol": "IOTAUSDT",
      "status": "completed",
      "analysis": {
        "current_price": 0.0822,
        "rsi": null,
        "macd": null,
        "ma_7": null,
        "ma_25": null,
        "volume": 29400.0,
        "price_change": 0.0,
        "signal": "HOLD",
        "confidence": 0.5,
        "price_change_percent": 0.0
      },
      "saved": false,
      "candles_analyzed": 50
    },
    {
      "coin_id": 1866,
      "symbol": "ALCXUSDT",
      "status": "completed",
      "analysis": {
        "current_price": 7.42,
        "rsi": null,
        "macd": null,
        "ma_7": null,
        "ma_25": null,
        "volume": 15.7611,
        "price_change": 0.009999999999999787,
        "signal": "HOLD",
        "confidence": 0.5,
        "price_change_percent": 0.134952766531711
      },
      "saved": false,
      "candles_analyzed": 50
    },
    {
      "coin_id": 2016,
      "symbol": "COSUSDT",
      "status": "completed",
      "analysis": {
        "current_price": 0.001205,
        "rsi": null,
        "macd": null,
        "ma_7": null,
        "ma_25": null,
        "volume": 2458634.8,
        "price_change": -4.000000000000097e-06,
        "signal": "HOLD",
        "confidence": 0.5,
        "price_change_percent": -0.33085194375517757
      },
      "saved": false,
      "candles_analyzed": 50
    },
    {
      "coin_id": 1353,
      "symbol": "PROMUSDT",
      "status": "completed",
      "analysis": {
        "current_price": 7.0,
        "rsi": null,
        "macd": null,
        "ma_7": null,
        "ma_25": null,
        "volume": 1443.14,
        "price_change": 0.0,
        "signal": "HOLD",
        "confidence": 0.5,
        "price_change_percent": 0.0
      },
      "saved": false,
      "candles_analyzed": 50
    },
    {
      "coin_id": 1231,
      "symbol": "STXUSDT",
      "status": "completed",
      "analysis": {
        "current_price": 0.2402,
        "rsi": null,
        "macd": null,
        "ma_7": null,
        "ma_25": null,
        "volume": 4918.3,
        "price_change": -0.00040000000000001146,
        "signal": "HOLD",
        "confidence": 0.5,
        "price_change_percent": -0.16625103906899893
      },
      "saved": false,
      "candles_analyzed": 50
    },
    {
      "coin_id": 2036,
      "symbol": "QUICKUSDT",
      "status": "completed",
      "analysis": {
        "current_price": 0.01015,
        "rsi": null,
        "macd": null,
        "ma_7": null,
        "ma_25": null,
        "volume": 1748.0,
        "price_change": 0.0,
        "signal": "HOLD",
        "confidence": 0.5,
        "price_change_percent": 0.0
      },
      "saved": false,
      "candles_analyzed": 50
    },
    {
      "coin_id": 1489,
      "symbol": "PNUTUSDT",
      "status": "completed",
      "analysis": {
        "current_price": 0.0689,
        "rsi": null,
        "macd": null,
        "ma_7": null,
        "ma_25": null,
        "volume": 82756.8,
        "price_change": -0.0002999999999999947,
        "signal": "HOLD",
        "confidence": 0.5,
        "price_change_percent": -0.43352601156068604
      },
      "saved": false,
      "candles_analyzed": 50
    },
    {
      "coin_id": 1135,
      "symbol": "BCHUSDT",
      "status": "completed",
      "analysis": {
        "current_price": 571.5,
        "rsi": null,
        "macd": null,
        "ma_7": null,
        "ma_25": null,
        "volume": 80.149,
        "price_change": -1.6000000000000227,
        "signal": "HOLD",
        "confidence": 0.5,
        "price_change_percent": -0.27918338858838293
      },
      "saved": false,
      "candles_analyzed": 50
    },
    {
      "coin_id": 1927,
      "symbol": "EURUSDT",
      "status": "completed",
      "analysis": {
        "current_price": 1.1804,
        "rsi": null,
        "macd": null,
        "ma_7": null,
        "ma_25": null,
        "volume": 45825.2,
        "price_change": 0.0,
        "signal": "HOLD",
        "confidence": 0.5,
        "price_change_percent": 0.0
      },
      "saved": false,
      "candles_analyzed": 50
    },
    {
      "coin_id": 1192,
      "symbol": "TRUMPUSDT",
      "status": "completed",
      "analysis": {
        "current_price": 4.839,
        "rsi": null,
        "macd": null,
        "ma_7": null,
        "ma_25": null,
        "volume": 2982.896,
        "price_change": -0.0129999999999999,
        "signal": "HOLD",
        "confidence": 0.5,
        "price_change_percent": -0.26793075020609847
      },
      "saved": false,
      "candles_analyzed": 50
    },
    {
      "coin_id": 1443,
      "symbol": "VANAUSDT",
      "status": "completed",
      "analysis": {
        "current_price": 2.618,
        "rsi": 55.0,
        "macd": null,
        "ma_7": 2.6215714285714284,
        "ma_25": 2.6206,
        "volume": 458.61,
        "price_change": -0.0050000000000003375,
        "signal": "HOLD",
        "confidence": 0.5,
        "price_change_percent": -0.19062142584827818
      },
      "saved": false,
      "candles_analyzed": 50
    },
    {
      "coin_id": 1480,
      "symbol": "PROVEUSDT",
      "status": "completed",
      "analysis": {
        "current_price": 0.3641,
        "rsi": 55.0,
        "macd": null,
        "ma_7": 0.36464285714285716,
        "ma_25": 0.3642680000000001,
        "volume": 0.0,
        "price_change": 0.0,
        "signal": "HOLD",
        "confidence": 0.5,
        "price_change_percent": 0.0
      },
      "saved": false,
      "candles_analyzed": 50
    },
    {
      "coin_id": 1720,
      "symbol": "SOPHUSDT",
      "status": "completed",
      "analysis": {
        "current_price": 0.01359,
        "rsi": 55.0,
        "macd": null,
        "ma_7": 0.013572857142857145,
        "ma_25": 0.013554800000000002,
        "volume": 0.0,
        "price_change": 0.0,
        "signal": "BUY",
        "confidence": 0.7,
        "price_change_percent": 0.0,
        "reason": "روند صعودی قوی"
      },
      "saved": false,
      "candles_analyzed": 50
    },
    {
      "coin_id": 1344,
      "symbol": "BEAMUSDT",
      "status": "completed",
      "analysis": {
        "current_price": 0.0652,
        "rsi": null,
        "macd": null,
        "ma_7": null,
        "ma_25": null,
        "volume": 539416.0,
        "price_change": -0.0003000000000000086,
        "signal": "HOLD",
        "confidence": 0.5,
        "price_change_percent": -0.4580152671755856
      },
      "saved": false,
      "candles_analyzed": 50
    },
    {
      "coin_id": 1427,
      "symbol": "NXPCUSDT",
      "status": "completed",
      "analysis": {
        "current_price": 0.3727,
        "rsi": 55.0,
        "macd": null,
        "ma_7": 0.3728714285714286,
        "ma_25": 0.37285999999999997,
        "volume": 0.0,
        "price_change": 0.0,
        "signal": "HOLD",
        "confidence": 0.5,
        "price_change_percent": 0.0
      },
      "saved": false,
      "candles_analyzed": 50
    },
    {
      "coin_id": 1547,
      "symbol": "EULUSDT",
      "status": "completed",
      "analysis": {
        "current_price": 2.843,
        "rsi": 55.0,
        "macd": null,
        "ma_7": 2.8447142857142858,
        "ma_25": 2.8443600000000004,
        "volume": 11.36,
        "price_change": 0.0019999999999997797,
        "signal": "HOLD",
        "confidence": 0.5,
        "price_change_percent": 0.07039774727207954
      },
      "saved": false,
      "candles_analyzed": 50
    },
    {
      "coin_id": 1166,
      "symbol": "ETCUSDT",
      "status": "completed",
      "analysis": {
        "current_price": 11.85,
        "rsi": null,
        "macd": null,
        "ma_7": null,
        "ma_25": null,
        "volume": 0.0,
        "price_change": 0.0,
        "signal": "HOLD",
        "confidence": 0.5,
        "price_change_percent": 0.0
      },
      "saved": false,
      "candles_analyzed": 50
    },
    {
      "coin_id": 1410,
      "symbol": "XNOUSDT",
      "status": "completed",
      "analysis": {
        "current_price": 0.683,
        "rsi": 55.0,
        "macd": null,
        "ma_7": 0.6821428571428572,
        "ma_25": 0.6831600000000002,
        "volume": 0.0,
        "price_change": 0.0,
        "signal": "HOLD",
        "confidence": 0.5,
        "price_change_percent": 0.0
      },
      "saved": false,
      "candles_analyzed": 50
    },
    {
      "coin_id": 1533,
      "symbol": "ARDRUSDT",
      "status": "completed",
      "analysis": {
        "current_price": 0.05747,
        "rsi": null,
        "macd": null,
        "ma_7": null,
        "ma_25": null,
        "volume": 0.0,
        "price_change": 0.0,
        "signal": "HOLD",
        "confidence": 0.5,
        "price_change_percent": 0.0
      },
      "saved": false,
      "candles_analyzed": 50
    },
    {
      "coin_id": 1461,
      "symbol": "OMUSDT",
      "status": "completed",
      "analysis": {
        "current_price": 0.0702,
        "rsi": null,
        "macd": null,
        "ma_7": null,
        "ma_25": null,
        "volume": 0.0,
        "price_change": 0.0,
        "signal": "HOLD",
        "confidence": 0.5,
        "price_change_percent": 0.0
      },
      "saved": false,
      "candles_analyzed": 50
    },
    {
      "coin_id": 1917,
      "symbol": "GUNUSDT",
      "status": "completed",
      "analysis": {
        "current_price": 0.01129,
        "rsi": 55.0,
        "macd": null,
        "ma_7": 0.011257142857142854,
        "ma_25": 0.011245200000000002,
        "volume": 0.0,
        "price_change": 0.0,
        "signal": "BUY",
        "confidence": 0.7,
        "price_change_percent": 0.0,
        "reason": "روند صعودی قوی"
      },
      "saved": false,
      "candles_analyzed": 50
    },
    {
      "coin_id": 1584,
      "symbol": "PEOPLEUSDT",
      "status": "completed",
      "analysis": {
        "current_price": 0.00898,
        "rsi": 55.0,
        "macd": null,
        "ma_7": 0.008995714285714286,
        "ma_25": 0.0089932,
        "volume": 0.0,
        "price_change": 0.0,
        "signal": "HOLD",
        "confidence": 0.5,
        "price_change_percent": 0.0
      },
      "saved": false,
      "candles_analyzed": 50
    },
    {
      "coin_id": 1823,
      "symbol": "THEUSDT",
      "status": "completed",
      "analysis": {
        "current_price": 0.1816,
        "rsi": 55.0,
        "macd": null,
        "ma_7": 0.18171428571428572,
        "ma_25": 0.18202400000000007,
        "volume": 0.0,
        "price_change": 0.0,
        "signal": "SELL",
        "confidence": 0.7,
        "price_change_percent": 0.0,
        "reason": "روند نزولی قوی"
      },
      "saved": false,
      "candles_analyzed": 50
    },
    {
      "coin_id": 1157,
      "symbol": "USD1USDT",
      "status": "completed",
      "analysis": {
        "current_price": 1.0022,
        "rsi": null,
        "macd": null,
        "ma_7": null,
        "ma_25": null,
        "volume": 218194.0,
        "price_change": 0.0,
        "signal": "HOLD",
        "confidence": 0.5,
        "price_change_percent": 0.0
      },
      "saved": false,
      "candles_analyzed": 50
    },
    {
      "coin_id": 1735,
      "symbol": "DYMUSDT",
      "status": "completed",
      "analysis": {
        "current_price": 0.0663,
        "rsi": 55.0,
        "macd": null,
        "ma_7": 0.06637142857142857,
        "ma_25": 0.06632800000000001,
        "volume": 100.8,
        "price_change": -0.00010000000000000286,
        "signal": "HOLD",
        "confidence": 0.5,
        "price_change_percent": -0.15060240963855853
      },
      "saved": false,
      "candles_analyzed": 50
    },
    {
      "coin_id": 1315,
      "symbol": "APEUSDT",
      "status": "completed",
      "analysis": {
        "current_price": 0.1948,
        "rsi": null,
        "macd": null,
        "ma_7": null,
        "ma_25": null,
        "volume": 96.47,
        "price_change": 9.999999999998899e-05,
        "signal": "HOLD",
        "confidence": 0.5,
        "price_change_percent": 0.0513610683102152
      },
      "saved": false,
      "candles_analyzed": 50
    },
    {
      "coin_id": 1193,
      "symbol": "ALGOUSDT",
      "status": "completed",
      "analysis": {
        "current_price": 0.1106,
        "rsi": null,
        "macd": null,
        "ma_7": null,
        "ma_25": null,
        "volume": 0.0,
        "price_change": 0.0,
        "signal": "HOLD",
        "confidence": 0.5,
        "price_change_percent": 0.0
      },
      "saved": false,
      "candles_analyzed": 50
    }
  ]
}