{
  "block_id": 8,
  "processed_at": "2025-12-24T15:08:14.709489",
  "execution_time_seconds": 0.300719,
  "total_coins": 29,
  "successful_coins": 26,
  "failed_coins": 3,
  "signals_generated": 6,
  "results": [
    {
      "coin_id": 1645,
      "symbol": "IOUSDT",
      "status": "completed",
      "analysis": {
        "current_price": 0.144,
        "rsi": null,
        "macd": null,
        "ma_7": null,
        "ma_25": null,
        "volume": 5143.43,
        "price_change": 0.0,
        "signal": "HOLD",
        "confidence": 0.5,
        "price_change_percent": 0.0
      },
      "saved": false,
      "candles_analyzed": 50
    },
    {
      "coin_id": 1941,
      "symbol": "WUSDT",
      "status": "completed",
      "analysis": {
        "current_price": 0.0334,
        "rsi": 55.0,
        "macd": null,
        "ma_7": 0.033414285714285716,
        "ma_25": 0.03345199999999999,
        "volume": 3283.9,
        "price_change": -0.00010000000000000286,
        "signal": "SELL",
        "confidence": 0.7,
        "price_change_percent": -0.2985074626865757,
        "reason": "روند نزولی قوی"
      },
      "saved": false,
      "candles_analyzed": 50
    },
    {
      "coin_id": 1894,
      "symbol": "NOSUSDT",
      "status": "failed",
      "reason": "no_data"
    },
    {
      "coin_id": 1339,
      "symbol": "LPTUSDT",
      "status": "completed",
      "analysis": {
        "current_price": 2.882,
        "rsi": null,
        "macd": null,
        "ma_7": null,
        "ma_25": null,
        "volume": 570.43,
        "price_change": -0.0029999999999996696,
        "signal": "HOLD",
        "confidence": 0.5,
        "price_change_percent": -0.10398613518196428
      },
      "saved": false,
      "candles_analyzed": 50
    },
    {
      "coin_id": 1738,
      "symbol": "RESOLVUSDT",
      "status": "completed",
      "analysis": {
        "current_price": 0.0733,
        "rsi": 55.0,
        "macd": null,
        "ma_7": 0.07361428571428573,
        "ma_25": 0.07314399999999999,
        "volume": 31324.2,
        "price_change": -0.00019999999999999185,
        "signal": "HOLD",
        "confidence": 0.5,
        "price_change_percent": -0.2721088435374039
      },
      "saved": false,
      "candles_analyzed": 50
    },
    {
      "coin_id": 1989,
      "symbol": "HAEDALUSDT",
      "status": "completed",
      "analysis": {
        "current_price": 0.0385,
        "rsi": 55.0,
        "macd": null,
        "ma_7": 0.038528571428571426,
        "ma_25": 0.038535999999999994,
        "volume": 70408.8,
        "price_change": -0.00010000000000000286,
        "signal": "SELL",
        "confidence": 0.7,
        "price_change_percent": -0.2590673575129608,
        "reason": "روند نزولی قوی"
      },
      "saved": false,
      "candles_analyzed": 50
    },
    {
      "coin_id": 1902,
      "symbol": "INUSDT",
      "status": "failed",
      "reason": "no_data"
    },
    {
      "coin_id": 1945,
      "symbol": "AXLUSDT",
      "status": "completed",
      "analysis": {
        "current_price": 0.0734,
        "rsi": null,
        "macd": null,
        "ma_7": null,
        "ma_25": null,
        "volume": 7295.25,
        "price_change": -9.999999999998899e-05,
        "signal": "HOLD",
        "confidence": 0.5,
        "price_change_percent": -0.1360544217686925
      },
      "saved": false,
      "candles_analyzed": 50
    },
    {
      "coin_id": 1345,
      "symbol": "ZENUSDT",
      "status": "completed",
      "analysis": {
        "current_price": 7.501,
        "rsi": null,
        "macd": null,
        "ma_7": null,
        "ma_25": null,
        "volume": 729.66,
        "price_change": 0.006000000000000227,
        "signal": "HOLD",
        "confidence": 0.5,
        "price_change_percent": 0.08005336891261143
      },
      "saved": false,
      "candles_analyzed": 50
    },
    {
      "coin_id": 1391,
      "symbol": "ETH+USDT",
      "status": "failed",
      "reason": "no_data"
    },
    {
      "coin_id": 1138,
      "symbol": "XMRUSDT",
      "status": "completed",
      "analysis": {
        "current_price": 118.7,
        "rsi": null,
        "macd": null,
        "ma_7": null,
        "ma_25": null,
        "volume": 569.635,
        "price_change": 2.6000000000000085,
        "signal": "HOLD",
        "confidence": 0.5,
        "price_change_percent": 2.2394487510766656
      },
      "saved": false,
      "candles_analyzed": 50
    },
    {
      "coin_id": 2015,
      "symbol": "PORTOUSDT",
      "status": "completed",
      "analysis": {
        "current_price": 1.007,
        "rsi": 55.0,
        "macd": null,
        "ma_7": 1.0052857142857143,
        "ma_25": 1.0126800000000002,
        "volume": 0.0,
        "price_change": 0.0,
        "signal": "HOLD",
        "confidence": 0.5,
        "price_change_percent": 0.0
      },
      "saved": false,
      "candles_analyzed": 50
    },
    {
      "coin_id": 1336,
      "symbol": "SFPUSDT",
      "status": "completed",
      "analysis": {
        "current_price": 0.3027,
        "rsi": null,
        "macd": null,
        "ma_7": null,
        "ma_25": null,
        "volume": 0.0,
        "price_change": 0.0,
        "signal": "HOLD",
        "confidence": 0.5,
        "price_change_percent": 0.0
      },
      "saved": false,
      "candles_analyzed": 50
    },
    {
      "coin_id": 1820,
      "symbol": "ALLOUSDT",
      "status": "completed",
      "analysis": {
        "current_price": 0.1076,
        "rsi": 55.0,
        "macd": null,
        "ma_7": 0.10774285714285714,
        "ma_25": 0.10723600000000001,
        "volume": 0.0,
        "price_change": 0.0,
        "signal": "HOLD",
        "confidence": 0.5,
        "price_change_percent": 0.0
      },
      "saved": false,
      "candles_analyzed": 50
    },
    {
      "coin_id": 1978,
      "symbol": "BMTUSDT",
      "status": "completed",
      "analysis": {
        "current_price": 0.0228,
        "rsi": 55.0,
        "macd": null,
        "ma_7": 0.02278571428571428,
        "ma_25": 0.022796000000000004,
        "volume": 0.0,
        "price_change": 0.0,
        "signal": "HOLD",
        "confidence": 0.5,
        "price_change_percent": 0.0
      },
      "saved": false,
      "candles_analyzed": 50
    },
    {
      "coin_id": 1130,
      "symbol": "SOLUSDT",
      "status": "completed",
      "analysis": {
        "current_price": 122.15,
        "rsi": null,
        "macd": null,
        "ma_7": null,
        "ma_25": null,
        "volume": 241.573,
        "price_change": 0.010000000000005116,
        "signal": "HOLD",
        "confidence": 0.5,
        "price_change_percent": 0.008187326019326278
      },
      "saved": false,
      "candles_analyzed": 50
    },
    {
      "coin_id": 1217,
      "symbol": "OPUSDT",
      "status": "completed",
      "analysis": {
        "current_price": 0.2627,
        "rsi": null,
        "macd": null,
        "ma_7": null,
        "ma_25": null,
        "volume": 46.71,
        "price_change": -9.999999999998899e-05,
        "signal": "HOLD",
        "confidence": 0.5,
        "price_change_percent": -0.03805175038051332
      },
      "saved": false,
      "candles_analyzed": 50
    },
    {
      "coin_id": 1685,
      "symbol": "STEEMUSDT",
      "status": "completed",
      "analysis": {
        "current_price": 0.0627,
        "rsi": 55.0,
        "macd": null,
        "ma_7": 0.06267142857142857,
        "ma_25": 0.06267999999999999,
        "volume": 0.0,
        "price_change": 0.0,
        "signal": "HOLD",
        "confidence": 0.5,
        "price_change_percent": 0.0
      },
      "saved": false,
      "candles_analyzed": 50
    },
    {
      "coin_id": 1739,
      "symbol": "CTSIUSDT",
      "status": "completed",
      "analysis": {
        "current_price": 0.0316,
        "rsi": 55.0,
        "macd": null,
        "ma_7": 0.03158571428571429,
        "ma_25": 0.03150799999999998,
        "volume": 0.0,
        "price_change": 0.0,
        "signal": "BUY",
        "confidence": 0.7,
        "price_change_percent": 0.0,
        "reason": "روند صعودی قوی"
      },
      "saved": false,
      "candles_analyzed": 50
    },
    {
      "coin_id": 1242,
      "symbol": "SYRUPUSDT",
      "status": "completed",
      "analysis": {
        "current_price": 0.305,
        "rsi": null,
        "macd": null,
        "ma_7": null,
        "ma_25": null,
        "volume": 535.8,
        "price_change": 0.00019999999999997797,
        "signal": "HOLD",
        "confidence": 0.5,
        "price_change_percent": 0.06561679790025524
      },
      "saved": false,
      "candles_analyzed": 50
    },
    {
      "coin_id": 1290,
      "symbol": "FFUSDT",
      "status": "completed",
      "analysis": {
        "current_price": 0.09391,
        "rsi": null,
        "macd": null,
        "ma_7": null,
        "ma_25": null,
        "volume": 3015.8,
        "price_change": 0.00014999999999999736,
        "signal": "HOLD",
        "confidence": 0.5,
        "price_change_percent": 0.1599829351535808
      },
      "saved": false,
      "candles_analyzed": 50
    },
    {
      "coin_id": 1252,
      "symbol": "TWTUSDT",
      "status": "completed",
      "analysis": {
        "current_price": 0.8152,
        "rsi": null,
        "macd": null,
        "ma_7": null,
        "ma_25": null,
        "volume": 51.0,
        "price_change": 0.0,
        "signal": "HOLD",
        "confidence": 0.5,
        "price_change_percent": 0.0
      },
      "saved": false,
      "candles_analyzed": 50
    },
    {
      "coin_id": 1129,
      "symbol": "XRPUSDT",
      "status": "completed",
      "analysis": {
        "current_price": 1.8684,
        "rsi": null,
        "macd": null,
        "ma_7": null,
        "ma_25": null,
        "volume": 42644.2,
        "price_change": -9.999999999998899e-05,
        "signal": "HOLD",
        "confidence": 0.5,
        "price_change_percent": -0.005351886540004762
      },
      "saved": false,
      "candles_analyzed": 50
    },
    {
      "coin_id": 1485,
      "symbol": "LUNAUSDT",
      "status": "completed",
      "analysis": {
        "current_price": 0.1065,
        "rsi": 55.0,
        "macd": null,
        "ma_7": 0.10621428571428572,
        "ma_25": 0.10578799999999998,
        "volume": 33669.08,
        "price_change": 0.0,
        "signal": "BUY",
        "confidence": 0.7,
        "price_change_percent": 0.0,
        "reason": "روند صعودی قوی"
      },
      "saved": false,
      "candles_analyzed": 50
    },
    {
      "coin_id": 1449,
      "symbol": "MEUSDT",
      "status": "completed",
      "analysis": {
        "current_price": 0.1991,
        "rsi": null,
        "macd": null,
        "ma_7": null,
        "ma_25": null,
        "volume": 19930.02,
        "price_change": -0.00020000000000000573,
        "signal": "HOLD",
        "confidence": 0.5,
        "price_change_percent": -0.10035122930256184
      },
      "saved": false,
      "candles_analyzed": 50
    },
    {
      "coin_id": 2018,
      "symbol": "VELODROMEUSDT",
      "status": "completed",
      "analysis": {
        "current_price": 0.0194,
        "rsi": 55.0,
        "macd": null,
        "ma_7": 0.01942857142857143,
        "ma_25": 0.019412,
        "volume": 995.7,
        "price_change": 0.0,
        "signal": "HOLD",
        "confidence": 0.5,
        "price_change_percent": 0.0
      },
      "saved": false,
      "candles_analyzed": 50
    },
    {
      "coin_id": 1734,
      "symbol": "AERGOUSDT",
      "status": "completed",
      "analysis": {
        "current_price": 0.0635,
        "rsi": 55.0,
        "macd": null,
        "ma_7": 0.06375714285714286,
        "ma_25": 0.06415600000000002,
        "volume": 376.0,
        "price_change": -0.00010000000000000286,
        "signal": "SELL",
        "confidence": 0.7,
        "price_change_percent": -0.1572327044025202,
        "reason": "روند نزولی قوی"
      },
      "saved": false,
      "candles_analyzed": 50
    },
    {
      "coin_id": 1972,
      "symbol": "KERNELUSDT",
      "status": "completed",
      "analysis": {
        "current_price": 0.0698,
        "rsi": 55.0,
        "macd": null,
        "ma_7": 0.0703,
        "ma_25": 0.07062800000000001,
        "volume": 177123.4,
        "price_change": 0.0,
        "signal": "SELL",
        "confidence": 0.7,
        "price_change_percent": 0.0,
        "reason": "روند نزولی قوی"
      },
      "saved": false,
      "candles_analyzed": 50
    },
    {
      "coin_id": 1926,
      "symbol": "AVAXUSDT",
      "status": "completed",
      "analysis": {
        "current_price": 12.08,
        "rsi": 55.0,
        "macd": null,
        "ma_7": 12.084285714285715,
        "ma_25": 12.042799999999998,
        "volume": 688.53,
        "price_change": 0.0,
        "signal": "HOLD",
        "confidence": 0.5,
        "price_change_percent": 0.0
      },
      "saved": false,
      "candles_analyzed": 50
    }
  ]
}