{
  "block_id": 2,
  "generated_at": "2025-12-25T01:10:55.457416",
  "total_decisions": 9,
  "decisions": [
    {
      "symbol": "XUSDUSDT",
      "signal_type": "SELL",
      "confidence": 60,
      "decision": "متوسط - نظارت کنید",
      "price": 1.0005
    },
    {
      "symbol": "DIAUSDT",
      "signal_type": "BUY",
      "confidence": 60,
      "decision": "متوسط - نظارت کنید",
      "price": 0.2652
    },
    {
      "symbol": "MEUSDT",
      "signal_type": "SELL",
      "confidence": 60,
      "decision": "متوسط - نظارت کنید",
      "price": 0.2126
    },
    {
      "symbol": "ARBUSDT",
      "signal_type": "SELL",
      "confidence": 60,
      "decision": "متوسط - نظارت کنید",
      "price": 0.1899
    },
    {
      "symbol": "AMPUSDT",
      "signal_type": "NEUTRAL",
      "confidence": 50,
      "decision": "متوسط - نظارت کنید",
      "price": 0.001719
    },
    {
      "symbol": "SAHARAUSDT",
      "signal_type": "NEUTRAL",
      "confidence": 50,
      "decision": "متوسط - نظارت کنید",
      "price": 0.02641
    },
    {
      "symbol": "USUALUSDT",
      "signal_type": "NEUTRAL",
      "confidence": 50,
      "decision": "متوسط - نظارت کنید",
      "price": 0.0242
    },
    {
      "symbol": "PENGUUSDT",
      "signal_type": "NEUTRAL",
      "confidence": 50,
      "decision": "متوسط - نظارت کنید",
      "price": 0.008668
    },
    {
      "symbol": "NILUSDT",
      "signal_type": "NEUTRAL",
      "confidence": 50,
      "decision": "متوسط - نظارت کنید",
      "price": 0.0642
    }
  ],
  "summary": {
    "buy_signals": 1,
    "sell_signals": 3,
    "strong_decisions": 0,
    "avg_confidence": 54.44444444444444
  }
}