{
  "block_id": 3,
  "generated_at": "2025-12-25T01:42:10.635182",
  "total_decisions": 5,
  "decisions": [
    {
      "symbol": "TFUELUSDT",
      "signal_type": "SELL",
      "confidence": 60,
      "decision": "متوسط - نظارت کنید",
      "price": 0.01854
    },
    {
      "symbol": "NMRUSDT",
      "signal_type": "SELL",
      "confidence": 60,
      "decision": "متوسط - نظارت کنید",
      "price": 9.02
    },
    {
      "symbol": "ATUSDT",
      "signal_type": "BUY",
      "confidence": 60,
      "decision": "متوسط - نظارت کنید",
      "price": 0.0918
    },
    {
      "symbol": "PYRUSDT",
      "signal_type": "NEUTRAL",
      "confidence": 50,
      "decision": "متوسط - نظارت کنید",
      "price": 0.449
    },
    {
      "symbol": "CETUSUSDT",
      "signal_type": "NEUTRAL",
      "confidence": 50,
      "decision": "متوسط - نظارت کنید",
      "price": 0.0231
    }
  ],
  "summary": {
    "buy_signals": 1,
    "sell_signals": 2,
    "strong_decisions": 0,
    "avg_confidence": 56.0
  }
}