{
  "success": true,
  "block_id": 1,
  "total_coins": 15,
  "signals_generated": 0,
  "signals_filtered": 15,
  "failed": 0,
  "signal_rate_percent": 0.0,
  "filter_rate_percent": 100.0,
  "realistic": true,
  "results": [
    {
      "success": false,
      "coin_id": 1634,
      "symbol": "ANIMEUSDT",
      "reason": "فیلتر شد (سیگنال معتبری تولید نشد)",
      "error": null
    },
    {
      "success": false,
      "coin_id": 1676,
      "symbol": "AUCTIONUSDT",
      "reason": "فیلتر شد (سیگنال معتبری تولید نشد)",
      "error": null
    },
    {
      "success": false,
      "coin_id": 1325,
      "symbol": "KITEUSDT",
      "reason": "فیلتر شد (سیگنال معتبری تولید نشد)",
      "error": null
    },
    {
      "success": false,
      "coin_id": 1375,
      "symbol": "GASUSDT",
      "reason": "فیلتر شد (سیگنال معتبری تولید نشد)",
      "error": null
    },
    {
      "success": false,
      "coin_id": 2039,
      "symbol": "GTCUSDT",
      "reason": "فیلتر شد (سیگنال معتبری تولید نشد)",
      "error": null
    },
    {
      "success": false,
      "coin_id": 1976,
      "symbol": "PSGUSDT",
      "reason": "فیلتر شد (سیگنال معتبری تولید نشد)",
      "error": null
    },
    {
      "success": false,
      "coin_id": 1269,
      "symbol": "DCRUSDT",
      "reason": "فیلتر شد (سیگنال معتبری تولید نشد)",
      "error": null
    },
    {
      "success": false,
      "coin_id": 1688,
      "symbol": "WAXPUSDT",
      "reason": "فیلتر شد (سیگنال معتبری تولید نشد)",
      "error": null
    },
    {
      "success": false,
      "coin_id": 1310,
      "symbol": "BARDUSDT",
      "reason": "فیلتر شد (سیگنال معتبری تولید نشد)",
      "error": null
    },
    {
      "success": false,
      "coin_id": 1509,
      "symbol": "REDUSDT",
      "reason": "فیلتر شد (سیگنال معتبری تولید نشد)",
      "error": null
    },
    {
      "success": false,
      "coin_id": 1338,
      "symbol": "JTOUSDT",
      "reason": "فیلتر شد (سیگنال معتبری تولید نشد)",
      "error": null
    },
    {
      "success": false,
      "coin_id": 1665,
      "symbol": "SCRTUSDT",
      "reason": "فیلتر شد (سیگنال معتبری تولید نشد)",
      "error": null
    },
    {
      "success": false,
      "coin_id": 1284,
      "symbol": "RAYUSDT",
      "reason": "فیلتر شد (سیگنال معتبری تولید نشد)",
      "error": null
    },
    {
      "success": false,
      "coin_id": 1197,
      "symbol": "NEXOUSDT",
      "reason": "فیلتر شد (سیگنال معتبری تولید نشد)",
      "error": null
    },
    {
      "success": false,
      "coin_id": 1699,
      "symbol": "ACXUSDT",
      "reason": "فیلتر شد (سیگنال معتبری تولید نشد)",
      "error": null
    }
  ],
  "timestamp": "2025-12-25T23:35:30.106111"
}