[
  {
    "run_id": "20251225_145802",
    "start_time": "2025-12-25T14:58:02.135031",
    "mode": "auto",
    "steps": [
      {
        "cycle": 4,
        "action": "advanced_analysis",
        "result": {
          "success": true,
          "total_blocks": 13,
          "successful_blocks": 13,
          "failed_blocks": 0,
          "results": [
            {
              "block_id": 1,
              "status": "success"
            },
            {
              "block_id": 2,
              "status": "success"
            },
            {
              "block_id": 3,
              "status": "success"
            },
            {
              "block_id": 4,
              "status": "success"
            },
            {
              "block_id": 5,
              "status": "success"
            },
            {
              "block_id": 6,
              "status": "success"
            },
            {
              "block_id": 7,
              "status": "success"
            },
            {
              "block_id": 8,
              "status": "success"
            },
            {
              "block_id": 9,
              "status": "success"
            },
            {
              "block_id": 10,
              "status": "success"
            },
            {
              "block_id": 11,
              "status": "success"
            },
            {
              "block_id": 12,
              "status": "success"
            },
            {
              "block_id": 13,
              "status": "success"
            }
          ]
        },
        "timestamp": "2025-12-25T14:58:34.445456"
      }
    ],
    "decision": {
      "run_cycle_04": true,
      "blocks_to_process": 13,
      "reason": "13 block(s) need advanced analysis"
    },
    "end_time": "2025-12-25T14:58:34.445456",
    "duration_seconds": 32.310425
  },
  {
    "run_id": "20251225_145941",
    "start_time": "2025-12-25T14:59:41.995226",
    "mode": "auto",
    "steps": [
      {
        "cycle": 4,
        "action": "advanced_analysis",
        "result": {
          "success": true,
          "total_blocks": 13,
          "successful_blocks": 13,
          "failed_blocks": 0,
          "results": [
            {
              "block_id": 1,
              "status": "success"
            },
            {
              "block_id": 2,
              "status": "success"
            },
            {
              "block_id": 3,
              "status": "success"
            },
            {
              "block_id": 4,
              "status": "success"
            },
            {
              "block_id": 5,
              "status": "success"
            },
            {
              "block_id": 6,
              "status": "success"
            },
            {
              "block_id": 7,
              "status": "success"
            },
            {
              "block_id": 8,
              "status": "success"
            },
            {
              "block_id": 9,
              "status": "success"
            },
            {
              "block_id": 10,
              "status": "success"
            },
            {
              "block_id": 11,
              "status": "success"
            },
            {
              "block_id": 12,
              "status": "success"
            },
            {
              "block_id": 13,
              "status": "success"
            }
          ]
        },
        "timestamp": "2025-12-25T15:00:13.041663"
      }
    ],
    "decision": {
      "run_cycle_04": true,
      "blocks_to_process": 13,
      "reason": "13 block(s) need advanced analysis"
    },
    "end_time": "2025-12-25T15:00:13.041663",
    "duration_seconds": 31.046437
  }
]