{
  "success": true,
  "block_id": 4,
  "total_coins": 39,
  "signals_generated": 0,
  "signals_filtered": 0,
  "failed": 39,
  "signal_rate_percent": 0.0,
  "filter_rate_percent": 0.0,
  "realistic": false,
  "results": [
    {
      "success": false,
      "coin_id": 1512,
      "symbol": "SXTUSDT",
      "reason": "داده تکنیکال یافت نشد",
      "error": null
    },
    {
      "success": false,
      "coin_id": 1807,
      "symbol": "SANTOSUSDT",
      "reason": "داده تکنیکال یافت نشد",
      "error": null
    },
    {
      "success": false,
      "coin_id": 1136,
      "symbol": "USDSUSDT",
      "reason": "داده تکنیکال یافت نشد",
      "error": null
    },
    {
      "success": false,
      "coin_id": 2015,
      "symbol": "PORTOUSDT",
      "reason": "داده تکنیکال یافت نشد",
      "error": null
    },
    {
      "success": false,
      "coin_id": 1537,
      "symbol": "ALTUSDT",
      "reason": "داده تکنیکال یافت نشد",
      "error": null
    },
    {
      "success": false,
      "coin_id": 1950,
      "symbol": "JUVUSDT",
      "reason": "داده تکنیکال یافت نشد",
      "error": null
    },
    {
      "success": false,
      "coin_id": 1642,
      "symbol": "KNCUSDT",
      "reason": "داده تکنیکال یافت نشد",
      "error": null
    },
    {
      "success": false,
      "coin_id": 1999,
      "symbol": "CUSDT",
      "reason": "داده تکنیکال یافت نشد",
      "error": null
    },
    {
      "success": false,
      "coin_id": 1977,
      "symbol": "VANRYUSDT",
      "reason": "داده تکنیکال یافت نشد",
      "error": null
    },
    {
      "success": false,
      "coin_id": 1271,
      "symbol": "THETAUSDT",
      "reason": "داده تکنیکال یافت نشد",
      "error": null
    },
    {
      "success": false,
      "coin_id": 1277,
      "symbol": "XPLUSDT",
      "reason": "داده تکنیکال یافت نشد",
      "error": null
    },
    {
      "success": false,
      "coin_id": 1694,
      "symbol": "CVCUSDT",
      "reason": "داده تکنیکال یافت نشد",
      "error": null
    },
    {
      "success": false,
      "coin_id": 1701,
      "symbol": "AEVOUSDT",
      "reason": "داده تکنیکال یافت نشد",
      "error": null
    },
    {
      "success": false,
      "coin_id": 2039,
      "symbol": "GTCUSDT",
      "reason": "داده تکنیکال یافت نشد",
      "error": null
    },
    {
      "success": false,
      "coin_id": 1825,
      "symbol": "MBLUSDT",
      "reason": "داده تکنیکال یافت نشد",
      "error": null
    },
    {
      "success": false,
      "coin_id": 1335,
      "symbol": "DEXEUSDT",
      "reason": "داده تکنیکال یافت نشد",
      "error": null
    },
    {
      "success": false,
      "coin_id": 1628,
      "symbol": "BALUSDT",
      "reason": "داده تکنیکال یافت نشد",
      "error": null
    },
    {
      "success": false,
      "coin_id": 1987,
      "symbol": "TOWNSUSDT",
      "reason": "داده تکنیکال یافت نشد",
      "error": null
    },
    {
      "success": false,
      "coin_id": 1812,
      "symbol": "HOLOUSDT",
      "reason": "داده تکنیکال یافت نشد",
      "error": null
    },
    {
      "success": false,
      "coin_id": 1778,
      "symbol": "BANANAUSDT",
      "reason": "داده تکنیکال یافت نشد",
      "error": null
    },
    {
      "success": false,
      "coin_id": 1868,
      "symbol": "SAGAUSDT",
      "reason": "داده تکنیکال یافت نشد",
      "error": null
    },
    {
      "success": false,
      "coin_id": 1820,
      "symbol": "ALLOUSDT",
      "reason": "داده تکنیکال یافت نشد",
      "error": null
    },
    {
      "success": false,
      "coin_id": 2002,
      "symbol": "MDTUSDT",
      "reason": "داده تکنیکال یافت نشد",
      "error": null
    },
    {
      "success": false,
      "coin_id": 1263,
      "symbol": "HNTUSDT",
      "reason": "داده تکنیکال یافت نشد",
      "error": null
    },
    {
      "success": false,
      "coin_id": 1346,
      "symbol": "SNXUSDT",
      "reason": "داده تکنیکال یافت نشد",
      "error": null
    },
    {
      "success": false,
      "coin_id": 1638,
      "symbol": "OSMOUSDT",
      "reason": "داده تکنیکال یافت نشد",
      "error": null
    },
    {
      "success": false,
      "coin_id": 1614,
      "symbol": "OPENUSDT",
      "reason": "داده تکنیکال یافت نشد",
      "error": null
    },
    {
      "success": false,
      "coin_id": 1603,
      "symbol": "LSKUSDT",
      "reason": "داده تکنیکال یافت نشد",
      "error": null
    },
    {
      "success": false,
      "coin_id": 2040,
      "symbol": "SYNUSDT",
      "reason": "داده تکنیکال یافت نشد",
      "error": null
    },
    {
      "success": false,
      "coin_id": 2010,
      "symbol": "DATAUSDT",
      "reason": "داده تکنیکال یافت نشد",
      "error": null
    },
    {
      "success": false,
      "coin_id": 1154,
      "symbol": "WLFIUSDT",
      "reason": "داده تکنیکال یافت نشد",
      "error": null
    },
    {
      "success": false,
      "coin_id": 1993,
      "symbol": "PHBUSDT",
      "reason": "داده تکنیکال یافت نشد",
      "error": null
    },
    {
      "success": false,
      "coin_id": 1508,
      "symbol": "AVNTUSDT",
      "reason": "داده تکنیکال یافت نشد",
      "error": null
    },
    {
      "success": false,
      "coin_id": 1532,
      "symbol": "PUNDIXUSDT",
      "reason": "داده تکنیکال یافت نشد",
      "error": null
    },
    {
      "success": false,
      "coin_id": 1645,
      "symbol": "IOUSDT",
      "reason": "داده تکنیکال یافت نشد",
      "error": null
    },
    {
      "success": false,
      "coin_id": 1865,
      "symbol": "AVAUSDT",
      "reason": "داده تکنیکال یافت نشد",
      "error": null
    },
    {
      "success": false,
      "coin_id": 1140,
      "symbol": "ZECUSDT",
      "reason": "داده تکنیکال یافت نشد",
      "error": null
    },
    {
      "success": false,
      "coin_id": 1975,
      "symbol": "GHSTUSDT",
      "reason": "داده تکنیکال یافت نشد",
      "error": null
    },
    {
      "success": false,
      "coin_id": 1375,
      "symbol": "GASUSDT",
      "reason": "داده تکنیکال یافت نشد",
      "error": null
    }
  ],
  "timestamp": "2025-12-26T09:28:20.420846"
}