{
  "block_id": 11,
  "generated_at": "2026-01-03T05:01:16.384401",
  "timeframe_summary": {
    "15m": {
      "total_coins": 3,
      "total_candles": 600,
      "processed_candles": 219,
      "coins_completed": 3,
      "coins_failed": 0,
      "success_rate": 36.5,
      "completion_rate": 100.0
    },
    "1h": {
      "total_coins": 3,
      "total_candles": 600,
      "processed_candles": 116,
      "coins_completed": 3,
      "coins_failed": 0,
      "success_rate": 19.33,
      "completion_rate": 100.0
    },
    "4h": {
      "total_coins": 3,
      "total_candles": 600,
      "processed_candles": 32,
      "coins_completed": 3,
      "coins_failed": 0,
      "success_rate": 5.33,
      "completion_rate": 100.0
    }
  },
  "coin_timeframe_details": [
    {
      "symbol": "BTCUSDT",
      "timeframes": [
        {
          "timeframe": "15m",
          "processed_candles": 1,
          "total_candles": 200,
          "success_rate": 0.5,
          "status": "COMPLETED"
        },
        {
          "timeframe": "1h",
          "processed_candles": 1,
          "total_candles": 200,
          "success_rate": 0.5,
          "status": "COMPLETED"
        },
        {
          "timeframe": "4h",
          "processed_candles": 1,
          "total_candles": 200,
          "success_rate": 0.5,
          "status": "COMPLETED"
        }
      ],
      "total_timeframes": 3
    },
    {
      "symbol": "ETHUSDT",
      "timeframes": [
        {
          "timeframe": "15m",
          "processed_candles": 63,
          "total_candles": 200,
          "success_rate": 31.5,
          "status": "COMPLETED"
        },
        {
          "timeframe": "1h",
          "processed_candles": 16,
          "total_candles": 200,
          "success_rate": 8.0,
          "status": "COMPLETED"
        },
        {
          "timeframe": "4h",
          "processed_candles": 4,
          "total_candles": 200,
          "success_rate": 2.0,
          "status": "COMPLETED"
        }
      ],
      "total_timeframes": 3
    },
    {
      "symbol": "BNBUSDT",
      "timeframes": [
        {
          "timeframe": "15m",
          "processed_candles": 155,
          "total_candles": 200,
          "success_rate": 77.5,
          "status": "COMPLETED"
        },
        {
          "timeframe": "1h",
          "processed_candles": 99,
          "total_candles": 200,
          "success_rate": 49.5,
          "status": "COMPLETED"
        },
        {
          "timeframe": "4h",
          "processed_candles": 27,
          "total_candles": 200,
          "success_rate": 13.5,
          "status": "COMPLETED"
        }
      ],
      "total_timeframes": 3
    }
  ],
  "timeframe_order": [
    "1m",
    "5m",
    "15m",
    "30m",
    "1h",
    "4h",
    "1d",
    "1w"
  ],
  "performance_analysis": {
    "best_timeframe": {
      "timeframe": "15m",
      "success_rate": 36.5,
      "processed_candles": 219
    },
    "worst_timeframe": {
      "timeframe": "4h",
      "success_rate": 5.33,
      "processed_candles": 32
    },
    "most_processed_timeframe": "15m"
  }
}