{
  "block_id": 9,
  "generated_at": "2026-01-03T04:54:45.479176",
  "timeframe_summary": {
    "15m": {
      "total_coins": 13,
      "total_candles": 2600,
      "processed_candles": 2113,
      "coins_completed": 13,
      "coins_failed": 0,
      "success_rate": 81.27,
      "completion_rate": 100.0
    },
    "1h": {
      "total_coins": 13,
      "total_candles": 2600,
      "processed_candles": 1960,
      "coins_completed": 13,
      "coins_failed": 0,
      "success_rate": 75.38,
      "completion_rate": 100.0
    },
    "4h": {
      "total_coins": 13,
      "total_candles": 2600,
      "processed_candles": 1985,
      "coins_completed": 13,
      "coins_failed": 0,
      "success_rate": 76.35,
      "completion_rate": 100.0
    }
  },
  "coin_timeframe_details": [
    {
      "symbol": "EURIUSDT",
      "timeframes": [
        {
          "timeframe": "15m",
          "processed_candles": 176,
          "total_candles": 200,
          "success_rate": 88.0,
          "status": "COMPLETED"
        },
        {
          "timeframe": "1h",
          "processed_candles": 170,
          "total_candles": 200,
          "success_rate": 85.0,
          "status": "COMPLETED"
        },
        {
          "timeframe": "4h",
          "processed_candles": 168,
          "total_candles": 200,
          "success_rate": 84.0,
          "status": "COMPLETED"
        }
      ],
      "total_timeframes": 3
    },
    {
      "symbol": "WBETHUSDT",
      "timeframes": [
        {
          "timeframe": "15m",
          "processed_candles": 1,
          "total_candles": 200,
          "success_rate": 0.5,
          "status": "COMPLETED"
        },
        {
          "timeframe": "1h",
          "processed_candles": 1,
          "total_candles": 200,
          "success_rate": 0.5,
          "status": "COMPLETED"
        },
        {
          "timeframe": "4h",
          "processed_candles": 2,
          "total_candles": 200,
          "success_rate": 1.0,
          "status": "COMPLETED"
        }
      ],
      "total_timeframes": 3
    },
    {
      "symbol": "RONINUSDT",
      "timeframes": [
        {
          "timeframe": "15m",
          "processed_candles": 176,
          "total_candles": 200,
          "success_rate": 88.0,
          "status": "COMPLETED"
        },
        {
          "timeframe": "1h",
          "processed_candles": 170,
          "total_candles": 200,
          "success_rate": 85.0,
          "status": "COMPLETED"
        },
        {
          "timeframe": "4h",
          "processed_candles": 168,
          "total_candles": 200,
          "success_rate": 84.0,
          "status": "COMPLETED"
        }
      ],
      "total_timeframes": 3
    },
    {
      "symbol": "TUTUSDT",
      "timeframes": [
        {
          "timeframe": "15m",
          "processed_candles": 176,
          "total_candles": 200,
          "success_rate": 88.0,
          "status": "COMPLETED"
        },
        {
          "timeframe": "1h",
          "processed_candles": 170,
          "total_candles": 200,
          "success_rate": 85.0,
          "status": "COMPLETED"
        },
        {
          "timeframe": "4h",
          "processed_candles": 168,
          "total_candles": 200,
          "success_rate": 84.0,
          "status": "COMPLETED"
        }
      ],
      "total_timeframes": 3
    },
    {
      "symbol": "REZUSDT",
      "timeframes": [
        {
          "timeframe": "15m",
          "processed_candles": 176,
          "total_candles": 200,
          "success_rate": 88.0,
          "status": "COMPLETED"
        },
        {
          "timeframe": "1h",
          "processed_candles": 170,
          "total_candles": 200,
          "success_rate": 85.0,
          "status": "COMPLETED"
        },
        {
          "timeframe": "4h",
          "processed_candles": 168,
          "total_candles": 200,
          "success_rate": 84.0,
          "status": "COMPLETED"
        }
      ],
      "total_timeframes": 3
    },
    {
      "symbol": "ACAUSDT",
      "timeframes": [
        {
          "timeframe": "15m",
          "processed_candles": 176,
          "total_candles": 200,
          "success_rate": 88.0,
          "status": "COMPLETED"
        },
        {
          "timeframe": "1h",
          "processed_candles": 170,
          "total_candles": 200,
          "success_rate": 85.0,
          "status": "COMPLETED"
        },
        {
          "timeframe": "4h",
          "processed_candles": 168,
          "total_candles": 200,
          "success_rate": 84.0,
          "status": "COMPLETED"
        }
      ],
      "total_timeframes": 3
    },
    {
      "symbol": "TRUUSDT",
      "timeframes": [
        {
          "timeframe": "15m",
          "processed_candles": 176,
          "total_candles": 200,
          "success_rate": 88.0,
          "status": "COMPLETED"
        },
        {
          "timeframe": "1h",
          "processed_candles": 170,
          "total_candles": 200,
          "success_rate": 85.0,
          "status": "COMPLETED"
        },
        {
          "timeframe": "4h",
          "processed_candles": 168,
          "total_candles": 200,
          "success_rate": 84.0,
          "status": "COMPLETED"
        }
      ],
      "total_timeframes": 3
    },
    {
      "symbol": "ARPAUSDT",
      "timeframes": [
        {
          "timeframe": "15m",
          "processed_candles": 176,
          "total_candles": 200,
          "success_rate": 88.0,
          "status": "COMPLETED"
        },
        {
          "timeframe": "1h",
          "processed_candles": 170,
          "total_candles": 200,
          "success_rate": 85.0,
          "status": "COMPLETED"
        },
        {
          "timeframe": "4h",
          "processed_candles": 168,
          "total_candles": 200,
          "success_rate": 84.0,
          "status": "COMPLETED"
        }
      ],
      "total_timeframes": 3
    },
    {
      "symbol": "BELUSDT",
      "timeframes": [
        {
          "timeframe": "15m",
          "processed_candles": 176,
          "total_candles": 200,
          "success_rate": 88.0,
          "status": "COMPLETED"
        },
        {
          "timeframe": "1h",
          "processed_candles": 170,
          "total_candles": 200,
          "success_rate": 85.0,
          "status": "COMPLETED"
        },
        {
          "timeframe": "4h",
          "processed_candles": 168,
          "total_candles": 200,
          "success_rate": 84.0,
          "status": "COMPLETED"
        }
      ],
      "total_timeframes": 3
    },
    {
      "symbol": "RDNTUSDT",
      "timeframes": [
        {
          "timeframe": "15m",
          "processed_candles": 176,
          "total_candles": 200,
          "success_rate": 88.0,
          "status": "COMPLETED"
        },
        {
          "timeframe": "1h",
          "processed_candles": 170,
          "total_candles": 200,
          "success_rate": 85.0,
          "status": "COMPLETED"
        },
        {
          "timeframe": "4h",
          "processed_candles": 168,
          "total_candles": 200,
          "success_rate": 84.0,
          "status": "COMPLETED"
        }
      ],
      "total_timeframes": 3
    },
    {
      "symbol": "BIFIUSDT",
      "timeframes": [
        {
          "timeframe": "15m",
          "processed_candles": 176,
          "total_candles": 200,
          "success_rate": 88.0,
          "status": "COMPLETED"
        },
        {
          "timeframe": "1h",
          "processed_candles": 89,
          "total_candles": 200,
          "success_rate": 44.5,
          "status": "COMPLETED"
        },
        {
          "timeframe": "4h",
          "processed_candles": 135,
          "total_candles": 200,
          "success_rate": 67.5,
          "status": "COMPLETED"
        }
      ],
      "total_timeframes": 3
    },
    {
      "symbol": "USDPUSDT",
      "timeframes": [
        {
          "timeframe": "15m",
          "processed_candles": 176,
          "total_candles": 200,
          "success_rate": 88.0,
          "status": "COMPLETED"
        },
        {
          "timeframe": "1h",
          "processed_candles": 170,
          "total_candles": 200,
          "success_rate": 85.0,
          "status": "COMPLETED"
        },
        {
          "timeframe": "4h",
          "processed_candles": 168,
          "total_candles": 200,
          "success_rate": 84.0,
          "status": "COMPLETED"
        }
      ],
      "total_timeframes": 3
    },
    {
      "symbol": "ALPINEUSDT",
      "timeframes": [
        {
          "timeframe": "15m",
          "processed_candles": 176,
          "total_candles": 200,
          "success_rate": 88.0,
          "status": "COMPLETED"
        },
        {
          "timeframe": "1h",
          "processed_candles": 170,
          "total_candles": 200,
          "success_rate": 85.0,
          "status": "COMPLETED"
        },
        {
          "timeframe": "4h",
          "processed_candles": 168,
          "total_candles": 200,
          "success_rate": 84.0,
          "status": "COMPLETED"
        }
      ],
      "total_timeframes": 3
    }
  ],
  "timeframe_order": [
    "1m",
    "5m",
    "15m",
    "30m",
    "1h",
    "4h",
    "1d",
    "1w"
  ],
  "performance_analysis": {
    "best_timeframe": {
      "timeframe": "15m",
      "success_rate": 81.27,
      "processed_candles": 2113
    },
    "worst_timeframe": {
      "timeframe": "1h",
      "success_rate": 75.38,
      "processed_candles": 1960
    },
    "most_processed_timeframe": "15m"
  }
}