{
  "block_id": 6,
  "generated_at": "2026-01-01T00:00:05.440591",
  "timeframe_summary": {
    "5m": {
      "total_coins": 10,
      "total_candles": 2000,
      "processed_candles": 1760,
      "coins_completed": 10,
      "coins_failed": 0,
      "success_rate": 88.0,
      "completion_rate": 100.0
    },
    "15m": {
      "total_coins": 12,
      "total_candles": 2400,
      "processed_candles": 2112,
      "coins_completed": 12,
      "coins_failed": 0,
      "success_rate": 88.0,
      "completion_rate": 100.0
    },
    "1h": {
      "total_coins": 12,
      "total_candles": 2400,
      "processed_candles": 2026,
      "coins_completed": 12,
      "coins_failed": 0,
      "success_rate": 84.42,
      "completion_rate": 100.0
    },
    "4h": {
      "total_coins": 12,
      "total_candles": 2400,
      "processed_candles": 2049,
      "coins_completed": 12,
      "coins_failed": 0,
      "success_rate": 85.38,
      "completion_rate": 100.0
    }
  },
  "coin_timeframe_details": [
    {
      "symbol": "ARPAUSDT",
      "timeframes": [
        {
          "timeframe": "5m",
          "processed_candles": 176,
          "total_candles": 200,
          "success_rate": 88.0,
          "status": "COMPLETED"
        },
        {
          "timeframe": "15m",
          "processed_candles": 176,
          "total_candles": 200,
          "success_rate": 88.0,
          "status": "COMPLETED"
        },
        {
          "timeframe": "1h",
          "processed_candles": 176,
          "total_candles": 200,
          "success_rate": 88.0,
          "status": "COMPLETED"
        },
        {
          "timeframe": "4h",
          "processed_candles": 176,
          "total_candles": 200,
          "success_rate": 88.0,
          "status": "COMPLETED"
        }
      ],
      "total_timeframes": 4
    },
    {
      "symbol": "BELUSDT",
      "timeframes": [
        {
          "timeframe": "5m",
          "processed_candles": 176,
          "total_candles": 200,
          "success_rate": 88.0,
          "status": "COMPLETED"
        },
        {
          "timeframe": "15m",
          "processed_candles": 176,
          "total_candles": 200,
          "success_rate": 88.0,
          "status": "COMPLETED"
        },
        {
          "timeframe": "1h",
          "processed_candles": 176,
          "total_candles": 200,
          "success_rate": 88.0,
          "status": "COMPLETED"
        },
        {
          "timeframe": "4h",
          "processed_candles": 176,
          "total_candles": 200,
          "success_rate": 88.0,
          "status": "COMPLETED"
        }
      ],
      "total_timeframes": 4
    },
    {
      "symbol": "RDNTUSDT",
      "timeframes": [
        {
          "timeframe": "5m",
          "processed_candles": 176,
          "total_candles": 200,
          "success_rate": 88.0,
          "status": "COMPLETED"
        },
        {
          "timeframe": "15m",
          "processed_candles": 176,
          "total_candles": 200,
          "success_rate": 88.0,
          "status": "COMPLETED"
        },
        {
          "timeframe": "1h",
          "processed_candles": 176,
          "total_candles": 200,
          "success_rate": 88.0,
          "status": "COMPLETED"
        },
        {
          "timeframe": "4h",
          "processed_candles": 176,
          "total_candles": 200,
          "success_rate": 88.0,
          "status": "COMPLETED"
        }
      ],
      "total_timeframes": 4
    },
    {
      "symbol": "BIFIUSDT",
      "timeframes": [
        {
          "timeframe": "15m",
          "processed_candles": 176,
          "total_candles": 200,
          "success_rate": 88.0,
          "status": "COMPLETED"
        },
        {
          "timeframe": "1h",
          "processed_candles": 90,
          "total_candles": 200,
          "success_rate": 45.0,
          "status": "COMPLETED"
        },
        {
          "timeframe": "4h",
          "processed_candles": 122,
          "total_candles": 200,
          "success_rate": 61.0,
          "status": "COMPLETED"
        }
      ],
      "total_timeframes": 3
    },
    {
      "symbol": "USDPUSDT",
      "timeframes": [
        {
          "timeframe": "15m",
          "processed_candles": 176,
          "total_candles": 200,
          "success_rate": 88.0,
          "status": "COMPLETED"
        },
        {
          "timeframe": "1h",
          "processed_candles": 176,
          "total_candles": 200,
          "success_rate": 88.0,
          "status": "COMPLETED"
        },
        {
          "timeframe": "4h",
          "processed_candles": 176,
          "total_candles": 200,
          "success_rate": 88.0,
          "status": "COMPLETED"
        }
      ],
      "total_timeframes": 3
    },
    {
      "symbol": "XRPUSDT",
      "timeframes": [
        {
          "timeframe": "5m",
          "processed_candles": 176,
          "total_candles": 200,
          "success_rate": 88.0,
          "status": "COMPLETED"
        },
        {
          "timeframe": "15m",
          "processed_candles": 176,
          "total_candles": 200,
          "success_rate": 88.0,
          "status": "COMPLETED"
        },
        {
          "timeframe": "1h",
          "processed_candles": 176,
          "total_candles": 200,
          "success_rate": 88.0,
          "status": "COMPLETED"
        },
        {
          "timeframe": "4h",
          "processed_candles": 176,
          "total_candles": 200,
          "success_rate": 88.0,
          "status": "COMPLETED"
        }
      ],
      "total_timeframes": 4
    },
    {
      "symbol": "SOLUSDT",
      "timeframes": [
        {
          "timeframe": "5m",
          "processed_candles": 176,
          "total_candles": 200,
          "success_rate": 88.0,
          "status": "COMPLETED"
        },
        {
          "timeframe": "15m",
          "processed_candles": 176,
          "total_candles": 200,
          "success_rate": 88.0,
          "status": "COMPLETED"
        },
        {
          "timeframe": "1h",
          "processed_candles": 176,
          "total_candles": 200,
          "success_rate": 88.0,
          "status": "COMPLETED"
        },
        {
          "timeframe": "4h",
          "processed_candles": 167,
          "total_candles": 200,
          "success_rate": 83.5,
          "status": "COMPLETED"
        }
      ],
      "total_timeframes": 4
    },
    {
      "symbol": "TRXUSDT",
      "timeframes": [
        {
          "timeframe": "5m",
          "processed_candles": 176,
          "total_candles": 200,
          "success_rate": 88.0,
          "status": "COMPLETED"
        },
        {
          "timeframe": "15m",
          "processed_candles": 176,
          "total_candles": 200,
          "success_rate": 88.0,
          "status": "COMPLETED"
        },
        {
          "timeframe": "1h",
          "processed_candles": 176,
          "total_candles": 200,
          "success_rate": 88.0,
          "status": "COMPLETED"
        },
        {
          "timeframe": "4h",
          "processed_candles": 176,
          "total_candles": 200,
          "success_rate": 88.0,
          "status": "COMPLETED"
        }
      ],
      "total_timeframes": 4
    },
    {
      "symbol": "DOGEUSDT",
      "timeframes": [
        {
          "timeframe": "5m",
          "processed_candles": 176,
          "total_candles": 200,
          "success_rate": 88.0,
          "status": "COMPLETED"
        },
        {
          "timeframe": "15m",
          "processed_candles": 176,
          "total_candles": 200,
          "success_rate": 88.0,
          "status": "COMPLETED"
        },
        {
          "timeframe": "1h",
          "processed_candles": 176,
          "total_candles": 200,
          "success_rate": 88.0,
          "status": "COMPLETED"
        },
        {
          "timeframe": "4h",
          "processed_candles": 176,
          "total_candles": 200,
          "success_rate": 88.0,
          "status": "COMPLETED"
        }
      ],
      "total_timeframes": 4
    },
    {
      "symbol": "ADAUSDT",
      "timeframes": [
        {
          "timeframe": "5m",
          "processed_candles": 176,
          "total_candles": 200,
          "success_rate": 88.0,
          "status": "COMPLETED"
        },
        {
          "timeframe": "15m",
          "processed_candles": 176,
          "total_candles": 200,
          "success_rate": 88.0,
          "status": "COMPLETED"
        },
        {
          "timeframe": "1h",
          "processed_candles": 176,
          "total_candles": 200,
          "success_rate": 88.0,
          "status": "COMPLETED"
        },
        {
          "timeframe": "4h",
          "processed_candles": 176,
          "total_candles": 200,
          "success_rate": 88.0,
          "status": "COMPLETED"
        }
      ],
      "total_timeframes": 4
    },
    {
      "symbol": "LINKUSDT",
      "timeframes": [
        {
          "timeframe": "5m",
          "processed_candles": 176,
          "total_candles": 200,
          "success_rate": 88.0,
          "status": "COMPLETED"
        },
        {
          "timeframe": "15m",
          "processed_candles": 176,
          "total_candles": 200,
          "success_rate": 88.0,
          "status": "COMPLETED"
        },
        {
          "timeframe": "1h",
          "processed_candles": 176,
          "total_candles": 200,
          "success_rate": 88.0,
          "status": "COMPLETED"
        },
        {
          "timeframe": "4h",
          "processed_candles": 176,
          "total_candles": 200,
          "success_rate": 88.0,
          "status": "COMPLETED"
        }
      ],
      "total_timeframes": 4
    },
    {
      "symbol": "USDEUSDT",
      "timeframes": [
        {
          "timeframe": "5m",
          "processed_candles": 176,
          "total_candles": 200,
          "success_rate": 88.0,
          "status": "COMPLETED"
        },
        {
          "timeframe": "15m",
          "processed_candles": 176,
          "total_candles": 200,
          "success_rate": 88.0,
          "status": "COMPLETED"
        },
        {
          "timeframe": "1h",
          "processed_candles": 176,
          "total_candles": 200,
          "success_rate": 88.0,
          "status": "COMPLETED"
        },
        {
          "timeframe": "4h",
          "processed_candles": 176,
          "total_candles": 200,
          "success_rate": 88.0,
          "status": "COMPLETED"
        }
      ],
      "total_timeframes": 4
    }
  ],
  "timeframe_order": [
    "1m",
    "5m",
    "15m",
    "30m",
    "1h",
    "4h",
    "1d",
    "1w"
  ],
  "performance_analysis": {
    "best_timeframe": {
      "timeframe": "5m",
      "success_rate": 88.0,
      "processed_candles": 1760
    },
    "worst_timeframe": {
      "timeframe": "1h",
      "success_rate": 84.42,
      "processed_candles": 2026
    },
    "most_processed_timeframe": "15m"
  }
}