{
  "block_id": 2,
  "generated_at": "2026-01-03T04:19:40.000085",
  "timeframe_summary": {
    "15m": {
      "total_coins": 20,
      "total_candles": 4000,
      "processed_candles": 3387,
      "coins_completed": 20,
      "coins_failed": 0,
      "success_rate": 84.67,
      "completion_rate": 100.0
    },
    "1h": {
      "total_coins": 20,
      "total_candles": 4000,
      "processed_candles": 3177,
      "coins_completed": 20,
      "coins_failed": 0,
      "success_rate": 79.42,
      "completion_rate": 100.0
    },
    "4h": {
      "total_coins": 20,
      "total_candles": 4000,
      "processed_candles": 3068,
      "coins_completed": 20,
      "coins_failed": 0,
      "success_rate": 76.7,
      "completion_rate": 100.0
    }
  },
  "coin_timeframe_details": [
    {
      "symbol": "FTMUSDT",
      "timeframes": [
        {
          "timeframe": "15m",
          "processed_candles": 176,
          "total_candles": 200,
          "success_rate": 88.0,
          "status": "COMPLETED"
        },
        {
          "timeframe": "1h",
          "processed_candles": 170,
          "total_candles": 200,
          "success_rate": 85.0,
          "status": "COMPLETED"
        },
        {
          "timeframe": "4h",
          "processed_candles": 169,
          "total_candles": 200,
          "success_rate": 84.5,
          "status": "COMPLETED"
        }
      ],
      "total_timeframes": 3
    },
    {
      "symbol": "LITUSDT",
      "timeframes": [
        {
          "timeframe": "15m",
          "processed_candles": 176,
          "total_candles": 200,
          "success_rate": 88.0,
          "status": "COMPLETED"
        },
        {
          "timeframe": "1h",
          "processed_candles": 170,
          "total_candles": 200,
          "success_rate": 85.0,
          "status": "COMPLETED"
        },
        {
          "timeframe": "4h",
          "processed_candles": 169,
          "total_candles": 200,
          "success_rate": 84.5,
          "status": "COMPLETED"
        }
      ],
      "total_timeframes": 3
    },
    {
      "symbol": "ERNUSDT",
      "timeframes": [
        {
          "timeframe": "15m",
          "processed_candles": 176,
          "total_candles": 200,
          "success_rate": 88.0,
          "status": "COMPLETED"
        },
        {
          "timeframe": "1h",
          "processed_candles": 170,
          "total_candles": 200,
          "success_rate": 85.0,
          "status": "COMPLETED"
        },
        {
          "timeframe": "4h",
          "processed_candles": 169,
          "total_candles": 200,
          "success_rate": 84.5,
          "status": "COMPLETED"
        }
      ],
      "total_timeframes": 3
    },
    {
      "symbol": "BNXUSDT",
      "timeframes": [
        {
          "timeframe": "15m",
          "processed_candles": 176,
          "total_candles": 200,
          "success_rate": 88.0,
          "status": "COMPLETED"
        },
        {
          "timeframe": "1h",
          "processed_candles": 170,
          "total_candles": 200,
          "success_rate": 85.0,
          "status": "COMPLETED"
        },
        {
          "timeframe": "4h",
          "processed_candles": 169,
          "total_candles": 200,
          "success_rate": 84.5,
          "status": "COMPLETED"
        }
      ],
      "total_timeframes": 3
    },
    {
      "symbol": "ELFUSDT",
      "timeframes": [
        {
          "timeframe": "15m",
          "processed_candles": 176,
          "total_candles": 200,
          "success_rate": 88.0,
          "status": "COMPLETED"
        },
        {
          "timeframe": "1h",
          "processed_candles": 170,
          "total_candles": 200,
          "success_rate": 85.0,
          "status": "COMPLETED"
        },
        {
          "timeframe": "4h",
          "processed_candles": 169,
          "total_candles": 200,
          "success_rate": 84.5,
          "status": "COMPLETED"
        }
      ],
      "total_timeframes": 3
    },
    {
      "symbol": "EOSUSDT",
      "timeframes": [
        {
          "timeframe": "15m",
          "processed_candles": 176,
          "total_candles": 200,
          "success_rate": 88.0,
          "status": "COMPLETED"
        },
        {
          "timeframe": "1h",
          "processed_candles": 170,
          "total_candles": 200,
          "success_rate": 85.0,
          "status": "COMPLETED"
        },
        {
          "timeframe": "4h",
          "processed_candles": 169,
          "total_candles": 200,
          "success_rate": 84.5,
          "status": "COMPLETED"
        }
      ],
      "total_timeframes": 3
    },
    {
      "symbol": "LOKAUSDT",
      "timeframes": [
        {
          "timeframe": "15m",
          "processed_candles": 176,
          "total_candles": 200,
          "success_rate": 88.0,
          "status": "COMPLETED"
        },
        {
          "timeframe": "1h",
          "processed_candles": 170,
          "total_candles": 200,
          "success_rate": 85.0,
          "status": "COMPLETED"
        },
        {
          "timeframe": "4h",
          "processed_candles": 169,
          "total_candles": 200,
          "success_rate": 84.5,
          "status": "COMPLETED"
        }
      ],
      "total_timeframes": 3
    },
    {
      "symbol": "HIFIUSDT",
      "timeframes": [
        {
          "timeframe": "15m",
          "processed_candles": 176,
          "total_candles": 200,
          "success_rate": 88.0,
          "status": "COMPLETED"
        },
        {
          "timeframe": "1h",
          "processed_candles": 163,
          "total_candles": 200,
          "success_rate": 81.5,
          "status": "COMPLETED"
        },
        {
          "timeframe": "4h",
          "processed_candles": 167,
          "total_candles": 200,
          "success_rate": 83.5,
          "status": "COMPLETED"
        }
      ],
      "total_timeframes": 3
    },
    {
      "symbol": "BAKEUSDT",
      "timeframes": [
        {
          "timeframe": "15m",
          "processed_candles": 176,
          "total_candles": 200,
          "success_rate": 88.0,
          "status": "COMPLETED"
        },
        {
          "timeframe": "1h",
          "processed_candles": 162,
          "total_candles": 200,
          "success_rate": 81.0,
          "status": "COMPLETED"
        },
        {
          "timeframe": "4h",
          "processed_candles": 167,
          "total_candles": 200,
          "success_rate": 83.5,
          "status": "COMPLETED"
        }
      ],
      "total_timeframes": 3
    },
    {
      "symbol": "OMNIUSDT",
      "timeframes": [
        {
          "timeframe": "15m",
          "processed_candles": 176,
          "total_candles": 200,
          "success_rate": 88.0,
          "status": "COMPLETED"
        },
        {
          "timeframe": "1h",
          "processed_candles": 170,
          "total_candles": 200,
          "success_rate": 85.0,
          "status": "COMPLETED"
        },
        {
          "timeframe": "4h",
          "processed_candles": 169,
          "total_candles": 200,
          "success_rate": 84.5,
          "status": "COMPLETED"
        }
      ],
      "total_timeframes": 3
    },
    {
      "symbol": "VOXELUSDT",
      "timeframes": [
        {
          "timeframe": "15m",
          "processed_candles": 176,
          "total_candles": 200,
          "success_rate": 88.0,
          "status": "COMPLETED"
        },
        {
          "timeframe": "1h",
          "processed_candles": 170,
          "total_candles": 200,
          "success_rate": 85.0,
          "status": "COMPLETED"
        },
        {
          "timeframe": "4h",
          "processed_candles": 169,
          "total_candles": 200,
          "success_rate": 84.5,
          "status": "COMPLETED"
        }
      ],
      "total_timeframes": 3
    },
    {
      "symbol": "FISUSDT",
      "timeframes": [
        {
          "timeframe": "15m",
          "processed_candles": 176,
          "total_candles": 200,
          "success_rate": 88.0,
          "status": "COMPLETED"
        },
        {
          "timeframe": "1h",
          "processed_candles": 170,
          "total_candles": 200,
          "success_rate": 85.0,
          "status": "COMPLETED"
        },
        {
          "timeframe": "4h",
          "processed_candles": 169,
          "total_candles": 200,
          "success_rate": 84.5,
          "status": "COMPLETED"
        }
      ],
      "total_timeframes": 3
    },
    {
      "symbol": "REIUSDT",
      "timeframes": [
        {
          "timeframe": "15m",
          "processed_candles": 176,
          "total_candles": 200,
          "success_rate": 88.0,
          "status": "COMPLETED"
        },
        {
          "timeframe": "1h",
          "processed_candles": 170,
          "total_candles": 200,
          "success_rate": 85.0,
          "status": "COMPLETED"
        },
        {
          "timeframe": "4h",
          "processed_candles": 169,
          "total_candles": 200,
          "success_rate": 84.5,
          "status": "COMPLETED"
        }
      ],
      "total_timeframes": 3
    },
    {
      "symbol": "ETHUSDT",
      "timeframes": [
        {
          "timeframe": "15m",
          "processed_candles": 63,
          "total_candles": 200,
          "success_rate": 31.5,
          "status": "COMPLETED"
        },
        {
          "timeframe": "1h",
          "processed_candles": 16,
          "total_candles": 200,
          "success_rate": 8.0,
          "status": "COMPLETED"
        },
        {
          "timeframe": "4h",
          "processed_candles": 4,
          "total_candles": 200,
          "success_rate": 2.0,
          "status": "COMPLETED"
        }
      ],
      "total_timeframes": 3
    },
    {
      "symbol": "ZECUSDT",
      "timeframes": [
        {
          "timeframe": "15m",
          "processed_candles": 156,
          "total_candles": 200,
          "success_rate": 78.0,
          "status": "COMPLETED"
        },
        {
          "timeframe": "1h",
          "processed_candles": 116,
          "total_candles": 200,
          "success_rate": 57.99999999999999,
          "status": "COMPLETED"
        },
        {
          "timeframe": "4h",
          "processed_candles": 30,
          "total_candles": 200,
          "success_rate": 15.0,
          "status": "COMPLETED"
        }
      ],
      "total_timeframes": 3
    },
    {
      "symbol": "XLMUSDT",
      "timeframes": [
        {
          "timeframe": "15m",
          "processed_candles": 176,
          "total_candles": 200,
          "success_rate": 88.0,
          "status": "COMPLETED"
        },
        {
          "timeframe": "1h",
          "processed_candles": 170,
          "total_candles": 200,
          "success_rate": 85.0,
          "status": "COMPLETED"
        },
        {
          "timeframe": "4h",
          "processed_candles": 168,
          "total_candles": 200,
          "success_rate": 84.0,
          "status": "COMPLETED"
        }
      ],
      "total_timeframes": 3
    },
    {
      "symbol": "LTCUSDT",
      "timeframes": [
        {
          "timeframe": "15m",
          "processed_candles": 176,
          "total_candles": 200,
          "success_rate": 88.0,
          "status": "COMPLETED"
        },
        {
          "timeframe": "1h",
          "processed_candles": 170,
          "total_candles": 200,
          "success_rate": 85.0,
          "status": "COMPLETED"
        },
        {
          "timeframe": "4h",
          "processed_candles": 168,
          "total_candles": 200,
          "success_rate": 84.0,
          "status": "COMPLETED"
        }
      ],
      "total_timeframes": 3
    },
    {
      "symbol": "SUIUSDT",
      "timeframes": [
        {
          "timeframe": "15m",
          "processed_candles": 176,
          "total_candles": 200,
          "success_rate": 88.0,
          "status": "COMPLETED"
        },
        {
          "timeframe": "1h",
          "processed_candles": 170,
          "total_candles": 200,
          "success_rate": 85.0,
          "status": "COMPLETED"
        },
        {
          "timeframe": "4h",
          "processed_candles": 169,
          "total_candles": 200,
          "success_rate": 84.5,
          "status": "COMPLETED"
        }
      ],
      "total_timeframes": 3
    },
    {
      "symbol": "HBARUSDT",
      "timeframes": [
        {
          "timeframe": "15m",
          "processed_candles": 176,
          "total_candles": 200,
          "success_rate": 88.0,
          "status": "COMPLETED"
        },
        {
          "timeframe": "1h",
          "processed_candles": 170,
          "total_candles": 200,
          "success_rate": 85.0,
          "status": "COMPLETED"
        },
        {
          "timeframe": "4h",
          "processed_candles": 168,
          "total_candles": 200,
          "success_rate": 84.0,
          "status": "COMPLETED"
        }
      ],
      "total_timeframes": 3
    },
    {
      "symbol": "UNIUSDT",
      "timeframes": [
        {
          "timeframe": "15m",
          "processed_candles": 176,
          "total_candles": 200,
          "success_rate": 88.0,
          "status": "COMPLETED"
        },
        {
          "timeframe": "1h",
          "processed_candles": 170,
          "total_candles": 200,
          "success_rate": 85.0,
          "status": "COMPLETED"
        },
        {
          "timeframe": "4h",
          "processed_candles": 168,
          "total_candles": 200,
          "success_rate": 84.0,
          "status": "COMPLETED"
        }
      ],
      "total_timeframes": 3
    }
  ],
  "timeframe_order": [
    "1m",
    "5m",
    "15m",
    "30m",
    "1h",
    "4h",
    "1d",
    "1w"
  ],
  "performance_analysis": {
    "best_timeframe": {
      "timeframe": "15m",
      "success_rate": 84.67,
      "processed_candles": 3387
    },
    "worst_timeframe": {
      "timeframe": "4h",
      "success_rate": 76.7,
      "processed_candles": 3068
    },
    "most_processed_timeframe": "15m"
  }
}