{
  "block_id": 1,
  "generated_at": "2026-01-03T04:13:16.341631",
  "timeframe_summary": {
    "15m": {
      "total_coins": 20,
      "total_candles": 4000,
      "processed_candles": 3319,
      "coins_completed": 20,
      "coins_failed": 0,
      "success_rate": 82.97,
      "completion_rate": 100.0
    },
    "1h": {
      "total_coins": 20,
      "total_candles": 4000,
      "processed_candles": 3190,
      "coins_completed": 20,
      "coins_failed": 0,
      "success_rate": 79.75,
      "completion_rate": 100.0
    },
    "4h": {
      "total_coins": 20,
      "total_candles": 4000,
      "processed_candles": 3085,
      "coins_completed": 20,
      "coins_failed": 0,
      "success_rate": 77.12,
      "completion_rate": 100.0
    }
  },
  "coin_timeframe_details": [
    {
      "symbol": "POLYUSDT",
      "timeframes": [
        {
          "timeframe": "15m",
          "processed_candles": 176,
          "total_candles": 200,
          "success_rate": 88.0,
          "status": "COMPLETED"
        },
        {
          "timeframe": "1h",
          "processed_candles": 170,
          "total_candles": 200,
          "success_rate": 85.0,
          "status": "COMPLETED"
        },
        {
          "timeframe": "4h",
          "processed_candles": 169,
          "total_candles": 200,
          "success_rate": 84.5,
          "status": "COMPLETED"
        }
      ],
      "total_timeframes": 3
    },
    {
      "symbol": "HNTUSDT",
      "timeframes": [
        {
          "timeframe": "15m",
          "processed_candles": 176,
          "total_candles": 200,
          "success_rate": 88.0,
          "status": "COMPLETED"
        },
        {
          "timeframe": "1h",
          "processed_candles": 170,
          "total_candles": 200,
          "success_rate": 85.0,
          "status": "COMPLETED"
        },
        {
          "timeframe": "4h",
          "processed_candles": 169,
          "total_candles": 200,
          "success_rate": 84.5,
          "status": "COMPLETED"
        }
      ],
      "total_timeframes": 3
    },
    {
      "symbol": "DNTUSDT",
      "timeframes": [
        {
          "timeframe": "15m",
          "processed_candles": 176,
          "total_candles": 200,
          "success_rate": 88.0,
          "status": "COMPLETED"
        },
        {
          "timeframe": "1h",
          "processed_candles": 170,
          "total_candles": 200,
          "success_rate": 85.0,
          "status": "COMPLETED"
        },
        {
          "timeframe": "4h",
          "processed_candles": 168,
          "total_candles": 200,
          "success_rate": 84.0,
          "status": "COMPLETED"
        }
      ],
      "total_timeframes": 3
    },
    {
      "symbol": "BTGUSDT",
      "timeframes": [
        {
          "timeframe": "15m",
          "processed_candles": 172,
          "total_candles": 200,
          "success_rate": 86.0,
          "status": "COMPLETED"
        },
        {
          "timeframe": "1h",
          "processed_candles": 169,
          "total_candles": 200,
          "success_rate": 84.5,
          "status": "COMPLETED"
        },
        {
          "timeframe": "4h",
          "processed_candles": 167,
          "total_candles": 200,
          "success_rate": 83.5,
          "status": "COMPLETED"
        }
      ],
      "total_timeframes": 3
    },
    {
      "symbol": "NBSUSDT",
      "timeframes": [
        {
          "timeframe": "15m",
          "processed_candles": 176,
          "total_candles": 200,
          "success_rate": 88.0,
          "status": "COMPLETED"
        },
        {
          "timeframe": "1h",
          "processed_candles": 170,
          "total_candles": 200,
          "success_rate": 85.0,
          "status": "COMPLETED"
        },
        {
          "timeframe": "4h",
          "processed_candles": 168,
          "total_candles": 200,
          "success_rate": 84.0,
          "status": "COMPLETED"
        }
      ],
      "total_timeframes": 3
    },
    {
      "symbol": "BTCSTUSDT",
      "timeframes": [
        {
          "timeframe": "15m",
          "processed_candles": 176,
          "total_candles": 200,
          "success_rate": 88.0,
          "status": "COMPLETED"
        },
        {
          "timeframe": "1h",
          "processed_candles": 170,
          "total_candles": 200,
          "success_rate": 85.0,
          "status": "COMPLETED"
        },
        {
          "timeframe": "4h",
          "processed_candles": 169,
          "total_candles": 200,
          "success_rate": 84.5,
          "status": "COMPLETED"
        }
      ],
      "total_timeframes": 3
    },
    {
      "symbol": "ANCUSDT",
      "timeframes": [
        {
          "timeframe": "15m",
          "processed_candles": 176,
          "total_candles": 200,
          "success_rate": 88.0,
          "status": "COMPLETED"
        },
        {
          "timeframe": "1h",
          "processed_candles": 170,
          "total_candles": 200,
          "success_rate": 85.0,
          "status": "COMPLETED"
        },
        {
          "timeframe": "4h",
          "processed_candles": 169,
          "total_candles": 200,
          "success_rate": 84.5,
          "status": "COMPLETED"
        }
      ],
      "total_timeframes": 3
    },
    {
      "symbol": "MFTUSDT",
      "timeframes": [
        {
          "timeframe": "15m",
          "processed_candles": 176,
          "total_candles": 200,
          "success_rate": 88.0,
          "status": "COMPLETED"
        },
        {
          "timeframe": "1h",
          "processed_candles": 170,
          "total_candles": 200,
          "success_rate": 85.0,
          "status": "COMPLETED"
        },
        {
          "timeframe": "4h",
          "processed_candles": 169,
          "total_candles": 200,
          "success_rate": 84.5,
          "status": "COMPLETED"
        }
      ],
      "total_timeframes": 3
    },
    {
      "symbol": "BEAMUSDT",
      "timeframes": [
        {
          "timeframe": "15m",
          "processed_candles": 176,
          "total_candles": 200,
          "success_rate": 88.0,
          "status": "COMPLETED"
        },
        {
          "timeframe": "1h",
          "processed_candles": 170,
          "total_candles": 200,
          "success_rate": 85.0,
          "status": "COMPLETED"
        },
        {
          "timeframe": "4h",
          "processed_candles": 168,
          "total_candles": 200,
          "success_rate": 84.0,
          "status": "COMPLETED"
        }
      ],
      "total_timeframes": 3
    },
    {
      "symbol": "AIONUSDT",
      "timeframes": [
        {
          "timeframe": "15m",
          "processed_candles": 176,
          "total_candles": 200,
          "success_rate": 88.0,
          "status": "COMPLETED"
        },
        {
          "timeframe": "1h",
          "processed_candles": 170,
          "total_candles": 200,
          "success_rate": 85.0,
          "status": "COMPLETED"
        },
        {
          "timeframe": "4h",
          "processed_candles": 168,
          "total_candles": 200,
          "success_rate": 84.0,
          "status": "COMPLETED"
        }
      ],
      "total_timeframes": 3
    },
    {
      "symbol": "AUTOUSDT",
      "timeframes": [
        {
          "timeframe": "15m",
          "processed_candles": 176,
          "total_candles": 200,
          "success_rate": 88.0,
          "status": "COMPLETED"
        },
        {
          "timeframe": "1h",
          "processed_candles": 137,
          "total_candles": 200,
          "success_rate": 68.5,
          "status": "COMPLETED"
        },
        {
          "timeframe": "4h",
          "processed_candles": 109,
          "total_candles": 200,
          "success_rate": 54.50000000000001,
          "status": "COMPLETED"
        }
      ],
      "total_timeframes": 3
    },
    {
      "symbol": "COCOSUSDT",
      "timeframes": [
        {
          "timeframe": "15m",
          "processed_candles": 176,
          "total_candles": 200,
          "success_rate": 88.0,
          "status": "COMPLETED"
        },
        {
          "timeframe": "1h",
          "processed_candles": 170,
          "total_candles": 200,
          "success_rate": 85.0,
          "status": "COMPLETED"
        },
        {
          "timeframe": "4h",
          "processed_candles": 169,
          "total_candles": 200,
          "success_rate": 84.5,
          "status": "COMPLETED"
        }
      ],
      "total_timeframes": 3
    },
    {
      "symbol": "YFIIUSDT",
      "timeframes": [
        {
          "timeframe": "15m",
          "processed_candles": 154,
          "total_candles": 200,
          "success_rate": 77.0,
          "status": "COMPLETED"
        },
        {
          "timeframe": "1h",
          "processed_candles": 83,
          "total_candles": 200,
          "success_rate": 41.5,
          "status": "COMPLETED"
        },
        {
          "timeframe": "4h",
          "processed_candles": 107,
          "total_candles": 200,
          "success_rate": 53.5,
          "status": "COMPLETED"
        }
      ],
      "total_timeframes": 3
    },
    {
      "symbol": "BETHUSDT",
      "timeframes": [
        {
          "timeframe": "15m",
          "processed_candles": 1,
          "total_candles": 200,
          "success_rate": 0.5,
          "status": "COMPLETED"
        },
        {
          "timeframe": "1h",
          "processed_candles": 81,
          "total_candles": 200,
          "success_rate": 40.5,
          "status": "COMPLETED"
        },
        {
          "timeframe": "4h",
          "processed_candles": 23,
          "total_candles": 200,
          "success_rate": 11.5,
          "status": "COMPLETED"
        }
      ],
      "total_timeframes": 3
    },
    {
      "symbol": "MCUSDT",
      "timeframes": [
        {
          "timeframe": "15m",
          "processed_candles": 176,
          "total_candles": 200,
          "success_rate": 88.0,
          "status": "COMPLETED"
        },
        {
          "timeframe": "1h",
          "processed_candles": 170,
          "total_candles": 200,
          "success_rate": 85.0,
          "status": "COMPLETED"
        },
        {
          "timeframe": "4h",
          "processed_candles": 169,
          "total_candles": 200,
          "success_rate": 84.5,
          "status": "COMPLETED"
        }
      ],
      "total_timeframes": 3
    },
    {
      "symbol": "TOMOUSDT",
      "timeframes": [
        {
          "timeframe": "15m",
          "processed_candles": 176,
          "total_candles": 200,
          "success_rate": 88.0,
          "status": "COMPLETED"
        },
        {
          "timeframe": "1h",
          "processed_candles": 170,
          "total_candles": 200,
          "success_rate": 85.0,
          "status": "COMPLETED"
        },
        {
          "timeframe": "4h",
          "processed_candles": 169,
          "total_candles": 200,
          "success_rate": 84.5,
          "status": "COMPLETED"
        }
      ],
      "total_timeframes": 3
    },
    {
      "symbol": "TVKUSDT",
      "timeframes": [
        {
          "timeframe": "15m",
          "processed_candles": 176,
          "total_candles": 200,
          "success_rate": 88.0,
          "status": "COMPLETED"
        },
        {
          "timeframe": "1h",
          "processed_candles": 170,
          "total_candles": 200,
          "success_rate": 85.0,
          "status": "COMPLETED"
        },
        {
          "timeframe": "4h",
          "processed_candles": 169,
          "total_candles": 200,
          "success_rate": 84.5,
          "status": "COMPLETED"
        }
      ],
      "total_timeframes": 3
    },
    {
      "symbol": "XMRUSDT",
      "timeframes": [
        {
          "timeframe": "15m",
          "processed_candles": 176,
          "total_candles": 200,
          "success_rate": 88.0,
          "status": "COMPLETED"
        },
        {
          "timeframe": "1h",
          "processed_candles": 170,
          "total_candles": 200,
          "success_rate": 85.0,
          "status": "COMPLETED"
        },
        {
          "timeframe": "4h",
          "processed_candles": 148,
          "total_candles": 200,
          "success_rate": 74.0,
          "status": "COMPLETED"
        }
      ],
      "total_timeframes": 3
    },
    {
      "symbol": "PLAUSDT",
      "timeframes": [
        {
          "timeframe": "15m",
          "processed_candles": 176,
          "total_candles": 200,
          "success_rate": 88.0,
          "status": "COMPLETED"
        },
        {
          "timeframe": "1h",
          "processed_candles": 170,
          "total_candles": 200,
          "success_rate": 85.0,
          "status": "COMPLETED"
        },
        {
          "timeframe": "4h",
          "processed_candles": 169,
          "total_candles": 200,
          "success_rate": 84.5,
          "status": "COMPLETED"
        }
      ],
      "total_timeframes": 3
    },
    {
      "symbol": "OMGUSDT",
      "timeframes": [
        {
          "timeframe": "15m",
          "processed_candles": 176,
          "total_candles": 200,
          "success_rate": 88.0,
          "status": "COMPLETED"
        },
        {
          "timeframe": "1h",
          "processed_candles": 170,
          "total_candles": 200,
          "success_rate": 85.0,
          "status": "COMPLETED"
        },
        {
          "timeframe": "4h",
          "processed_candles": 169,
          "total_candles": 200,
          "success_rate": 84.5,
          "status": "COMPLETED"
        }
      ],
      "total_timeframes": 3
    }
  ],
  "timeframe_order": [
    "1m",
    "5m",
    "15m",
    "30m",
    "1h",
    "4h",
    "1d",
    "1w"
  ],
  "performance_analysis": {
    "best_timeframe": {
      "timeframe": "15m",
      "success_rate": 82.97,
      "processed_candles": 3319
    },
    "worst_timeframe": {
      "timeframe": "4h",
      "success_rate": 77.12,
      "processed_candles": 3085
    },
    "most_processed_timeframe": "15m"
  }
}