{
  "block_id": 4,
  "generated_at": "2026-01-03T04:30:54.286881",
  "timeframe_summary": {
    "15m": {
      "total_coins": 20,
      "total_candles": 4000,
      "processed_candles": 3520,
      "coins_completed": 20,
      "coins_failed": 0,
      "success_rate": 88.0,
      "completion_rate": 100.0
    },
    "1h": {
      "total_coins": 20,
      "total_candles": 4000,
      "processed_candles": 3400,
      "coins_completed": 20,
      "coins_failed": 0,
      "success_rate": 85.0,
      "completion_rate": 100.0
    },
    "4h": {
      "total_coins": 20,
      "total_candles": 4000,
      "processed_candles": 3362,
      "coins_completed": 20,
      "coins_failed": 0,
      "success_rate": 84.05,
      "completion_rate": 100.0
    }
  },
  "coin_timeframe_details": [
    {
      "symbol": "CVXUSDT",
      "timeframes": [
        {
          "timeframe": "15m",
          "processed_candles": 176,
          "total_candles": 200,
          "success_rate": 88.0,
          "status": "COMPLETED"
        },
        {
          "timeframe": "1h",
          "processed_candles": 170,
          "total_candles": 200,
          "success_rate": 85.0,
          "status": "COMPLETED"
        },
        {
          "timeframe": "4h",
          "processed_candles": 168,
          "total_candles": 200,
          "success_rate": 84.0,
          "status": "COMPLETED"
        }
      ],
      "total_timeframes": 3
    },
    {
      "symbol": "JTOUSDT",
      "timeframes": [
        {
          "timeframe": "15m",
          "processed_candles": 176,
          "total_candles": 200,
          "success_rate": 88.0,
          "status": "COMPLETED"
        },
        {
          "timeframe": "1h",
          "processed_candles": 170,
          "total_candles": 200,
          "success_rate": 85.0,
          "status": "COMPLETED"
        },
        {
          "timeframe": "4h",
          "processed_candles": 168,
          "total_candles": 200,
          "success_rate": 84.0,
          "status": "COMPLETED"
        }
      ],
      "total_timeframes": 3
    },
    {
      "symbol": "LPTUSDT",
      "timeframes": [
        {
          "timeframe": "15m",
          "processed_candles": 176,
          "total_candles": 200,
          "success_rate": 88.0,
          "status": "COMPLETED"
        },
        {
          "timeframe": "1h",
          "processed_candles": 170,
          "total_candles": 200,
          "success_rate": 85.0,
          "status": "COMPLETED"
        },
        {
          "timeframe": "4h",
          "processed_candles": 168,
          "total_candles": 200,
          "success_rate": 84.0,
          "status": "COMPLETED"
        }
      ],
      "total_timeframes": 3
    },
    {
      "symbol": "AXSUSDT",
      "timeframes": [
        {
          "timeframe": "15m",
          "processed_candles": 176,
          "total_candles": 200,
          "success_rate": 88.0,
          "status": "COMPLETED"
        },
        {
          "timeframe": "1h",
          "processed_candles": 170,
          "total_candles": 200,
          "success_rate": 85.0,
          "status": "COMPLETED"
        },
        {
          "timeframe": "4h",
          "processed_candles": 168,
          "total_candles": 200,
          "success_rate": 84.0,
          "status": "COMPLETED"
        }
      ],
      "total_timeframes": 3
    },
    {
      "symbol": "ZENUSDT",
      "timeframes": [
        {
          "timeframe": "15m",
          "processed_candles": 176,
          "total_candles": 200,
          "success_rate": 88.0,
          "status": "COMPLETED"
        },
        {
          "timeframe": "1h",
          "processed_candles": 170,
          "total_candles": 200,
          "success_rate": 85.0,
          "status": "COMPLETED"
        },
        {
          "timeframe": "4h",
          "processed_candles": 168,
          "total_candles": 200,
          "success_rate": 84.0,
          "status": "COMPLETED"
        }
      ],
      "total_timeframes": 3
    },
    {
      "symbol": "SNXUSDT",
      "timeframes": [
        {
          "timeframe": "15m",
          "processed_candles": 176,
          "total_candles": 200,
          "success_rate": 88.0,
          "status": "COMPLETED"
        },
        {
          "timeframe": "1h",
          "processed_candles": 170,
          "total_candles": 200,
          "success_rate": 85.0,
          "status": "COMPLETED"
        },
        {
          "timeframe": "4h",
          "processed_candles": 168,
          "total_candles": 200,
          "success_rate": 84.0,
          "status": "COMPLETED"
        }
      ],
      "total_timeframes": 3
    },
    {
      "symbol": "PROMUSDT",
      "timeframes": [
        {
          "timeframe": "15m",
          "processed_candles": 176,
          "total_candles": 200,
          "success_rate": 88.0,
          "status": "COMPLETED"
        },
        {
          "timeframe": "1h",
          "processed_candles": 170,
          "total_candles": 200,
          "success_rate": 85.0,
          "status": "COMPLETED"
        },
        {
          "timeframe": "4h",
          "processed_candles": 168,
          "total_candles": 200,
          "success_rate": 84.0,
          "status": "COMPLETED"
        }
      ],
      "total_timeframes": 3
    },
    {
      "symbol": "DYDXUSDT",
      "timeframes": [
        {
          "timeframe": "15m",
          "processed_candles": 176,
          "total_candles": 200,
          "success_rate": 88.0,
          "status": "COMPLETED"
        },
        {
          "timeframe": "1h",
          "processed_candles": 170,
          "total_candles": 200,
          "success_rate": 85.0,
          "status": "COMPLETED"
        },
        {
          "timeframe": "4h",
          "processed_candles": 169,
          "total_candles": 200,
          "success_rate": 84.5,
          "status": "COMPLETED"
        }
      ],
      "total_timeframes": 3
    },
    {
      "symbol": "AXLUSDT",
      "timeframes": [
        {
          "timeframe": "15m",
          "processed_candles": 176,
          "total_candles": 200,
          "success_rate": 88.0,
          "status": "COMPLETED"
        },
        {
          "timeframe": "1h",
          "processed_candles": 170,
          "total_candles": 200,
          "success_rate": 85.0,
          "status": "COMPLETED"
        },
        {
          "timeframe": "4h",
          "processed_candles": 168,
          "total_candles": 200,
          "success_rate": 84.0,
          "status": "COMPLETED"
        }
      ],
      "total_timeframes": 3
    },
    {
      "symbol": "BROCCOLI714USDT",
      "timeframes": [
        {
          "timeframe": "15m",
          "processed_candles": 176,
          "total_candles": 200,
          "success_rate": 88.0,
          "status": "COMPLETED"
        },
        {
          "timeframe": "1h",
          "processed_candles": 170,
          "total_candles": 200,
          "success_rate": 85.0,
          "status": "COMPLETED"
        },
        {
          "timeframe": "4h",
          "processed_candles": 168,
          "total_candles": 200,
          "success_rate": 84.0,
          "status": "COMPLETED"
        }
      ],
      "total_timeframes": 3
    },
    {
      "symbol": "EDENUSDT",
      "timeframes": [
        {
          "timeframe": "15m",
          "processed_candles": 176,
          "total_candles": 200,
          "success_rate": 88.0,
          "status": "COMPLETED"
        },
        {
          "timeframe": "1h",
          "processed_candles": 170,
          "total_candles": 200,
          "success_rate": 85.0,
          "status": "COMPLETED"
        },
        {
          "timeframe": "4h",
          "processed_candles": 168,
          "total_candles": 200,
          "success_rate": 84.0,
          "status": "COMPLETED"
        }
      ],
      "total_timeframes": 3
    },
    {
      "symbol": "ENSOUSDT",
      "timeframes": [
        {
          "timeframe": "15m",
          "processed_candles": 176,
          "total_candles": 200,
          "success_rate": 88.0,
          "status": "COMPLETED"
        },
        {
          "timeframe": "1h",
          "processed_candles": 170,
          "total_candles": 200,
          "success_rate": 85.0,
          "status": "COMPLETED"
        },
        {
          "timeframe": "4h",
          "processed_candles": 168,
          "total_candles": 200,
          "success_rate": 84.0,
          "status": "COMPLETED"
        }
      ],
      "total_timeframes": 3
    },
    {
      "symbol": "LUMIAUSDT",
      "timeframes": [
        {
          "timeframe": "15m",
          "processed_candles": 176,
          "total_candles": 200,
          "success_rate": 88.0,
          "status": "COMPLETED"
        },
        {
          "timeframe": "1h",
          "processed_candles": 170,
          "total_candles": 200,
          "success_rate": 85.0,
          "status": "COMPLETED"
        },
        {
          "timeframe": "4h",
          "processed_candles": 168,
          "total_candles": 200,
          "success_rate": 84.0,
          "status": "COMPLETED"
        }
      ],
      "total_timeframes": 3
    },
    {
      "symbol": "INITUSDT",
      "timeframes": [
        {
          "timeframe": "15m",
          "processed_candles": 176,
          "total_candles": 200,
          "success_rate": 88.0,
          "status": "COMPLETED"
        },
        {
          "timeframe": "1h",
          "processed_candles": 170,
          "total_candles": 200,
          "success_rate": 85.0,
          "status": "COMPLETED"
        },
        {
          "timeframe": "4h",
          "processed_candles": 168,
          "total_candles": 200,
          "success_rate": 84.0,
          "status": "COMPLETED"
        }
      ],
      "total_timeframes": 3
    },
    {
      "symbol": "FXSUSDT",
      "timeframes": [
        {
          "timeframe": "15m",
          "processed_candles": 176,
          "total_candles": 200,
          "success_rate": 88.0,
          "status": "COMPLETED"
        },
        {
          "timeframe": "1h",
          "processed_candles": 170,
          "total_candles": 200,
          "success_rate": 85.0,
          "status": "COMPLETED"
        },
        {
          "timeframe": "4h",
          "processed_candles": 168,
          "total_candles": 200,
          "success_rate": 84.0,
          "status": "COMPLETED"
        }
      ],
      "total_timeframes": 3
    },
    {
      "symbol": "KERNELUSDT",
      "timeframes": [
        {
          "timeframe": "15m",
          "processed_candles": 176,
          "total_candles": 200,
          "success_rate": 88.0,
          "status": "COMPLETED"
        },
        {
          "timeframe": "1h",
          "processed_candles": 170,
          "total_candles": 200,
          "success_rate": 85.0,
          "status": "COMPLETED"
        },
        {
          "timeframe": "4h",
          "processed_candles": 169,
          "total_candles": 200,
          "success_rate": 84.5,
          "status": "COMPLETED"
        }
      ],
      "total_timeframes": 3
    },
    {
      "symbol": "BMTUSDT",
      "timeframes": [
        {
          "timeframe": "15m",
          "processed_candles": 176,
          "total_candles": 200,
          "success_rate": 88.0,
          "status": "COMPLETED"
        },
        {
          "timeframe": "1h",
          "processed_candles": 170,
          "total_candles": 200,
          "success_rate": 85.0,
          "status": "COMPLETED"
        },
        {
          "timeframe": "4h",
          "processed_candles": 168,
          "total_candles": 200,
          "success_rate": 84.0,
          "status": "COMPLETED"
        }
      ],
      "total_timeframes": 3
    },
    {
      "symbol": "SCRUSDT",
      "timeframes": [
        {
          "timeframe": "15m",
          "processed_candles": 176,
          "total_candles": 200,
          "success_rate": 88.0,
          "status": "COMPLETED"
        },
        {
          "timeframe": "1h",
          "processed_candles": 170,
          "total_candles": 200,
          "success_rate": 85.0,
          "status": "COMPLETED"
        },
        {
          "timeframe": "4h",
          "processed_candles": 168,
          "total_candles": 200,
          "success_rate": 84.0,
          "status": "COMPLETED"
        }
      ],
      "total_timeframes": 3
    },
    {
      "symbol": "NTRNUSDT",
      "timeframes": [
        {
          "timeframe": "15m",
          "processed_candles": 176,
          "total_candles": 200,
          "success_rate": 88.0,
          "status": "COMPLETED"
        },
        {
          "timeframe": "1h",
          "processed_candles": 170,
          "total_candles": 200,
          "success_rate": 85.0,
          "status": "COMPLETED"
        },
        {
          "timeframe": "4h",
          "processed_candles": 168,
          "total_candles": 200,
          "success_rate": 84.0,
          "status": "COMPLETED"
        }
      ],
      "total_timeframes": 3
    },
    {
      "symbol": "PIVXUSDT",
      "timeframes": [
        {
          "timeframe": "15m",
          "processed_candles": 176,
          "total_candles": 200,
          "success_rate": 88.0,
          "status": "COMPLETED"
        },
        {
          "timeframe": "1h",
          "processed_candles": 170,
          "total_candles": 200,
          "success_rate": 85.0,
          "status": "COMPLETED"
        },
        {
          "timeframe": "4h",
          "processed_candles": 168,
          "total_candles": 200,
          "success_rate": 84.0,
          "status": "COMPLETED"
        }
      ],
      "total_timeframes": 3
    }
  ],
  "timeframe_order": [
    "1m",
    "5m",
    "15m",
    "30m",
    "1h",
    "4h",
    "1d",
    "1w"
  ],
  "performance_analysis": {
    "best_timeframe": {
      "timeframe": "15m",
      "success_rate": 88.0,
      "processed_candles": 3520
    },
    "worst_timeframe": {
      "timeframe": "4h",
      "success_rate": 84.05,
      "processed_candles": 3362
    },
    "most_processed_timeframe": "15m"
  }
}