{
  "block_id": 15,
  "generated_at": "2026-01-01T00:22:08.011236",
  "timeframe_summary": {
    "5m": {
      "total_coins": 3,
      "total_candles": 600,
      "processed_candles": 289,
      "coins_completed": 3,
      "coins_failed": 0,
      "success_rate": 48.17,
      "completion_rate": 100.0
    },
    "15m": {
      "total_coins": 3,
      "total_candles": 600,
      "processed_candles": 219,
      "coins_completed": 3,
      "coins_failed": 0,
      "success_rate": 36.5,
      "completion_rate": 100.0
    },
    "1h": {
      "total_coins": 3,
      "total_candles": 600,
      "processed_candles": 82,
      "coins_completed": 3,
      "coins_failed": 0,
      "success_rate": 13.67,
      "completion_rate": 100.0
    },
    "4h": {
      "total_coins": 3,
      "total_candles": 600,
      "processed_candles": 2,
      "coins_completed": 3,
      "coins_failed": 0,
      "success_rate": 0.33,
      "completion_rate": 100.0
    }
  },
  "coin_timeframe_details": [
    {
      "symbol": "BTCUSDT",
      "timeframes": [
        {
          "timeframe": "5m",
          "processed_candles": 1,
          "total_candles": 200,
          "success_rate": 0.5,
          "status": "COMPLETED"
        },
        {
          "timeframe": "15m",
          "processed_candles": 1,
          "total_candles": 200,
          "success_rate": 0.5,
          "status": "COMPLETED"
        },
        {
          "timeframe": "1h",
          "processed_candles": 1,
          "total_candles": 200,
          "success_rate": 0.5,
          "status": "COMPLETED"
        },
        {
          "timeframe": "4h",
          "processed_candles": 0,
          "total_candles": 200,
          "success_rate": 0.0,
          "status": "COMPLETED"
        }
      ],
      "total_timeframes": 4
    },
    {
      "symbol": "ETHUSDT",
      "timeframes": [
        {
          "timeframe": "5m",
          "processed_candles": 112,
          "total_candles": 200,
          "success_rate": 56.00000000000001,
          "status": "COMPLETED"
        },
        {
          "timeframe": "15m",
          "processed_candles": 63,
          "total_candles": 200,
          "success_rate": 31.5,
          "status": "COMPLETED"
        },
        {
          "timeframe": "1h",
          "processed_candles": 1,
          "total_candles": 200,
          "success_rate": 0.5,
          "status": "COMPLETED"
        },
        {
          "timeframe": "4h",
          "processed_candles": 1,
          "total_candles": 200,
          "success_rate": 0.5,
          "status": "COMPLETED"
        }
      ],
      "total_timeframes": 4
    },
    {
      "symbol": "BNBUSDT",
      "timeframes": [
        {
          "timeframe": "5m",
          "processed_candles": 176,
          "total_candles": 200,
          "success_rate": 88.0,
          "status": "COMPLETED"
        },
        {
          "timeframe": "15m",
          "processed_candles": 155,
          "total_candles": 200,
          "success_rate": 77.5,
          "status": "COMPLETED"
        },
        {
          "timeframe": "1h",
          "processed_candles": 80,
          "total_candles": 200,
          "success_rate": 40.0,
          "status": "COMPLETED"
        },
        {
          "timeframe": "4h",
          "processed_candles": 1,
          "total_candles": 200,
          "success_rate": 0.5,
          "status": "COMPLETED"
        }
      ],
      "total_timeframes": 4
    }
  ],
  "timeframe_order": [
    "1m",
    "5m",
    "15m",
    "30m",
    "1h",
    "4h",
    "1d",
    "1w"
  ],
  "performance_analysis": {
    "best_timeframe": {
      "timeframe": "5m",
      "success_rate": 48.17,
      "processed_candles": 289
    },
    "worst_timeframe": {
      "timeframe": "4h",
      "success_rate": 0.33,
      "processed_candles": 2
    },
    "most_processed_timeframe": "5m"
  }
}