{
  "block_id": 10,
  "generated_at": "2026-01-01T00:19:43.465559",
  "timeframe_summary": {
    "5m": {
      "total_coins": 3,
      "total_candles": 600,
      "processed_candles": 353,
      "coins_completed": 3,
      "coins_failed": 0,
      "success_rate": 58.83,
      "completion_rate": 100.0
    },
    "15m": {
      "total_coins": 3,
      "total_candles": 600,
      "processed_candles": 353,
      "coins_completed": 3,
      "coins_failed": 0,
      "success_rate": 58.83,
      "completion_rate": 100.0
    },
    "1h": {
      "total_coins": 3,
      "total_candles": 600,
      "processed_candles": 353,
      "coins_completed": 3,
      "coins_failed": 0,
      "success_rate": 58.83,
      "completion_rate": 100.0
    },
    "4h": {
      "total_coins": 3,
      "total_candles": 600,
      "processed_candles": 352,
      "coins_completed": 3,
      "coins_failed": 0,
      "success_rate": 58.67,
      "completion_rate": 100.0
    }
  },
  "coin_timeframe_details": [
    {
      "symbol": "TURTLEUSDT",
      "timeframes": [
        {
          "timeframe": "5m",
          "processed_candles": 176,
          "total_candles": 200,
          "success_rate": 88.0,
          "status": "COMPLETED"
        },
        {
          "timeframe": "15m",
          "processed_candles": 176,
          "total_candles": 200,
          "success_rate": 88.0,
          "status": "COMPLETED"
        },
        {
          "timeframe": "1h",
          "processed_candles": 176,
          "total_candles": 200,
          "success_rate": 88.0,
          "status": "COMPLETED"
        },
        {
          "timeframe": "4h",
          "processed_candles": 176,
          "total_candles": 200,
          "success_rate": 88.0,
          "status": "COMPLETED"
        }
      ],
      "total_timeframes": 4
    },
    {
      "symbol": "ZROUSDT",
      "timeframes": [
        {
          "timeframe": "5m",
          "processed_candles": 176,
          "total_candles": 200,
          "success_rate": 88.0,
          "status": "COMPLETED"
        },
        {
          "timeframe": "15m",
          "processed_candles": 176,
          "total_candles": 200,
          "success_rate": 88.0,
          "status": "COMPLETED"
        },
        {
          "timeframe": "1h",
          "processed_candles": 176,
          "total_candles": 200,
          "success_rate": 88.0,
          "status": "COMPLETED"
        },
        {
          "timeframe": "4h",
          "processed_candles": 176,
          "total_candles": 200,
          "success_rate": 88.0,
          "status": "COMPLETED"
        }
      ],
      "total_timeframes": 4
    },
    {
      "symbol": "BTCUSDT",
      "timeframes": [
        {
          "timeframe": "5m",
          "processed_candles": 1,
          "total_candles": 200,
          "success_rate": 0.5,
          "status": "COMPLETED"
        },
        {
          "timeframe": "15m",
          "processed_candles": 1,
          "total_candles": 200,
          "success_rate": 0.5,
          "status": "COMPLETED"
        },
        {
          "timeframe": "1h",
          "processed_candles": 1,
          "total_candles": 200,
          "success_rate": 0.5,
          "status": "COMPLETED"
        },
        {
          "timeframe": "4h",
          "processed_candles": 0,
          "total_candles": 200,
          "success_rate": 0.0,
          "status": "COMPLETED"
        }
      ],
      "total_timeframes": 4
    }
  ],
  "timeframe_order": [
    "1m",
    "5m",
    "15m",
    "30m",
    "1h",
    "4h",
    "1d",
    "1w"
  ],
  "performance_analysis": {
    "best_timeframe": {
      "timeframe": "5m",
      "success_rate": 58.83,
      "processed_candles": 353
    },
    "worst_timeframe": {
      "timeframe": "4h",
      "success_rate": 58.67,
      "processed_candles": 352
    },
    "most_processed_timeframe": "5m"
  }
}