{
  "block_id": 7,
  "generated_at": "2026-01-02T02:49:41.155138",
  "timeframe_summary": {
    "15m": {
      "total_coins": 20,
      "total_candles": 4000,
      "processed_candles": 3520,
      "coins_completed": 20,
      "coins_failed": 0,
      "success_rate": 88.0,
      "completion_rate": 100.0
    },
    "1h": {
      "total_coins": 20,
      "total_candles": 4000,
      "processed_candles": 3400,
      "coins_completed": 20,
      "coins_failed": 0,
      "success_rate": 85.0,
      "completion_rate": 100.0
    },
    "4h": {
      "total_coins": 20,
      "total_candles": 4000,
      "processed_candles": 3360,
      "coins_completed": 20,
      "coins_failed": 0,
      "success_rate": 84.0,
      "completion_rate": 100.0
    }
  },
  "coin_timeframe_details": [
    {
      "symbol": "WLFIUSDT",
      "timeframes": [
        {
          "timeframe": "15m",
          "processed_candles": 176,
          "total_candles": 200,
          "success_rate": 88.0,
          "status": "COMPLETED"
        },
        {
          "timeframe": "1h",
          "processed_candles": 170,
          "total_candles": 200,
          "success_rate": 85.0,
          "status": "COMPLETED"
        },
        {
          "timeframe": "4h",
          "processed_candles": 168,
          "total_candles": 200,
          "success_rate": 84.0,
          "status": "COMPLETED"
        }
      ],
      "total_timeframes": 3
    },
    {
      "symbol": "USD1USDT",
      "timeframes": [
        {
          "timeframe": "15m",
          "processed_candles": 176,
          "total_candles": 200,
          "success_rate": 88.0,
          "status": "COMPLETED"
        },
        {
          "timeframe": "1h",
          "processed_candles": 170,
          "total_candles": 200,
          "success_rate": 85.0,
          "status": "COMPLETED"
        },
        {
          "timeframe": "4h",
          "processed_candles": 168,
          "total_candles": 200,
          "success_rate": 84.0,
          "status": "COMPLETED"
        }
      ],
      "total_timeframes": 3
    },
    {
      "symbol": "ASTERUSDT",
      "timeframes": [
        {
          "timeframe": "15m",
          "processed_candles": 176,
          "total_candles": 200,
          "success_rate": 88.0,
          "status": "COMPLETED"
        },
        {
          "timeframe": "1h",
          "processed_candles": 170,
          "total_candles": 200,
          "success_rate": 85.0,
          "status": "COMPLETED"
        },
        {
          "timeframe": "4h",
          "processed_candles": 168,
          "total_candles": 200,
          "success_rate": 84.0,
          "status": "COMPLETED"
        }
      ],
      "total_timeframes": 3
    },
    {
      "symbol": "SKYUSDT",
      "timeframes": [
        {
          "timeframe": "15m",
          "processed_candles": 176,
          "total_candles": 200,
          "success_rate": 88.0,
          "status": "COMPLETED"
        },
        {
          "timeframe": "1h",
          "processed_candles": 170,
          "total_candles": 200,
          "success_rate": 85.0,
          "status": "COMPLETED"
        },
        {
          "timeframe": "4h",
          "processed_candles": 168,
          "total_candles": 200,
          "success_rate": 84.0,
          "status": "COMPLETED"
        }
      ],
      "total_timeframes": 3
    },
    {
      "symbol": "ONDOUSDT",
      "timeframes": [
        {
          "timeframe": "15m",
          "processed_candles": 176,
          "total_candles": 200,
          "success_rate": 88.0,
          "status": "COMPLETED"
        },
        {
          "timeframe": "1h",
          "processed_candles": 170,
          "total_candles": 200,
          "success_rate": 85.0,
          "status": "COMPLETED"
        },
        {
          "timeframe": "4h",
          "processed_candles": 168,
          "total_candles": 200,
          "success_rate": 84.0,
          "status": "COMPLETED"
        }
      ],
      "total_timeframes": 3
    },
    {
      "symbol": "PUMPUSDT",
      "timeframes": [
        {
          "timeframe": "15m",
          "processed_candles": 176,
          "total_candles": 200,
          "success_rate": 88.0,
          "status": "COMPLETED"
        },
        {
          "timeframe": "1h",
          "processed_candles": 170,
          "total_candles": 200,
          "success_rate": 85.0,
          "status": "COMPLETED"
        },
        {
          "timeframe": "4h",
          "processed_candles": 168,
          "total_candles": 200,
          "success_rate": 84.0,
          "status": "COMPLETED"
        }
      ],
      "total_timeframes": 3
    },
    {
      "symbol": "TRUMPUSDT",
      "timeframes": [
        {
          "timeframe": "15m",
          "processed_candles": 176,
          "total_candles": 200,
          "success_rate": 88.0,
          "status": "COMPLETED"
        },
        {
          "timeframe": "1h",
          "processed_candles": 170,
          "total_candles": 200,
          "success_rate": 85.0,
          "status": "COMPLETED"
        },
        {
          "timeframe": "4h",
          "processed_candles": 168,
          "total_candles": 200,
          "success_rate": 84.0,
          "status": "COMPLETED"
        }
      ],
      "total_timeframes": 3
    },
    {
      "symbol": "MORPHOUSDT",
      "timeframes": [
        {
          "timeframe": "15m",
          "processed_candles": 176,
          "total_candles": 200,
          "success_rate": 88.0,
          "status": "COMPLETED"
        },
        {
          "timeframe": "1h",
          "processed_candles": 170,
          "total_candles": 200,
          "success_rate": 85.0,
          "status": "COMPLETED"
        },
        {
          "timeframe": "4h",
          "processed_candles": 168,
          "total_candles": 200,
          "success_rate": 84.0,
          "status": "COMPLETED"
        }
      ],
      "total_timeframes": 3
    },
    {
      "symbol": "VIRTUALUSDT",
      "timeframes": [
        {
          "timeframe": "15m",
          "processed_candles": 176,
          "total_candles": 200,
          "success_rate": 88.0,
          "status": "COMPLETED"
        },
        {
          "timeframe": "1h",
          "processed_candles": 170,
          "total_candles": 200,
          "success_rate": 85.0,
          "status": "COMPLETED"
        },
        {
          "timeframe": "4h",
          "processed_candles": 168,
          "total_candles": 200,
          "success_rate": 84.0,
          "status": "COMPLETED"
        }
      ],
      "total_timeframes": 3
    },
    {
      "symbol": "DCRUSDT",
      "timeframes": [
        {
          "timeframe": "15m",
          "processed_candles": 176,
          "total_candles": 200,
          "success_rate": 88.0,
          "status": "COMPLETED"
        },
        {
          "timeframe": "1h",
          "processed_candles": 170,
          "total_candles": 200,
          "success_rate": 85.0,
          "status": "COMPLETED"
        },
        {
          "timeframe": "4h",
          "processed_candles": 168,
          "total_candles": 200,
          "success_rate": 84.0,
          "status": "COMPLETED"
        }
      ],
      "total_timeframes": 3
    },
    {
      "symbol": "XPLUSDT",
      "timeframes": [
        {
          "timeframe": "15m",
          "processed_candles": 176,
          "total_candles": 200,
          "success_rate": 88.0,
          "status": "COMPLETED"
        },
        {
          "timeframe": "1h",
          "processed_candles": 170,
          "total_candles": 200,
          "success_rate": 85.0,
          "status": "COMPLETED"
        },
        {
          "timeframe": "4h",
          "processed_candles": 168,
          "total_candles": 200,
          "success_rate": 84.0,
          "status": "COMPLETED"
        }
      ],
      "total_timeframes": 3
    },
    {
      "symbol": "FFUSDT",
      "timeframes": [
        {
          "timeframe": "15m",
          "processed_candles": 176,
          "total_candles": 200,
          "success_rate": 88.0,
          "status": "COMPLETED"
        },
        {
          "timeframe": "1h",
          "processed_candles": 170,
          "total_candles": 200,
          "success_rate": 85.0,
          "status": "COMPLETED"
        },
        {
          "timeframe": "4h",
          "processed_candles": 168,
          "total_candles": 200,
          "success_rate": 84.0,
          "status": "COMPLETED"
        }
      ],
      "total_timeframes": 3
    },
    {
      "symbol": "BARDUSDT",
      "timeframes": [
        {
          "timeframe": "15m",
          "processed_candles": 176,
          "total_candles": 200,
          "success_rate": 88.0,
          "status": "COMPLETED"
        },
        {
          "timeframe": "1h",
          "processed_candles": 170,
          "total_candles": 200,
          "success_rate": 85.0,
          "status": "COMPLETED"
        },
        {
          "timeframe": "4h",
          "processed_candles": 168,
          "total_candles": 200,
          "success_rate": 84.0,
          "status": "COMPLETED"
        }
      ],
      "total_timeframes": 3
    },
    {
      "symbol": "KMNOUSDT",
      "timeframes": [
        {
          "timeframe": "15m",
          "processed_candles": 176,
          "total_candles": 200,
          "success_rate": 88.0,
          "status": "COMPLETED"
        },
        {
          "timeframe": "1h",
          "processed_candles": 170,
          "total_candles": 200,
          "success_rate": 85.0,
          "status": "COMPLETED"
        },
        {
          "timeframe": "4h",
          "processed_candles": 168,
          "total_candles": 200,
          "success_rate": 84.0,
          "status": "COMPLETED"
        }
      ],
      "total_timeframes": 3
    },
    {
      "symbol": "KITEUSDT",
      "timeframes": [
        {
          "timeframe": "15m",
          "processed_candles": 176,
          "total_candles": 200,
          "success_rate": 88.0,
          "status": "COMPLETED"
        },
        {
          "timeframe": "1h",
          "processed_candles": 170,
          "total_candles": 200,
          "success_rate": 85.0,
          "status": "COMPLETED"
        },
        {
          "timeframe": "4h",
          "processed_candles": 168,
          "total_candles": 200,
          "success_rate": 84.0,
          "status": "COMPLETED"
        }
      ],
      "total_timeframes": 3
    },
    {
      "symbol": "FORMUSDT",
      "timeframes": [
        {
          "timeframe": "15m",
          "processed_candles": 176,
          "total_candles": 200,
          "success_rate": 88.0,
          "status": "COMPLETED"
        },
        {
          "timeframe": "1h",
          "processed_candles": 170,
          "total_candles": 200,
          "success_rate": 85.0,
          "status": "COMPLETED"
        },
        {
          "timeframe": "4h",
          "processed_candles": 168,
          "total_candles": 200,
          "success_rate": 84.0,
          "status": "COMPLETED"
        }
      ],
      "total_timeframes": 3
    },
    {
      "symbol": "KAITOUSDT",
      "timeframes": [
        {
          "timeframe": "15m",
          "processed_candles": 176,
          "total_candles": 200,
          "success_rate": 88.0,
          "status": "COMPLETED"
        },
        {
          "timeframe": "1h",
          "processed_candles": 170,
          "total_candles": 200,
          "success_rate": 85.0,
          "status": "COMPLETED"
        },
        {
          "timeframe": "4h",
          "processed_candles": 168,
          "total_candles": 200,
          "success_rate": 84.0,
          "status": "COMPLETED"
        }
      ],
      "total_timeframes": 3
    },
    {
      "symbol": "LINEAUSDT",
      "timeframes": [
        {
          "timeframe": "15m",
          "processed_candles": 176,
          "total_candles": 200,
          "success_rate": 88.0,
          "status": "COMPLETED"
        },
        {
          "timeframe": "1h",
          "processed_candles": 170,
          "total_candles": 200,
          "success_rate": 85.0,
          "status": "COMPLETED"
        },
        {
          "timeframe": "4h",
          "processed_candles": 168,
          "total_candles": 200,
          "success_rate": 84.0,
          "status": "COMPLETED"
        }
      ],
      "total_timeframes": 3
    },
    {
      "symbol": "METUSDT",
      "timeframes": [
        {
          "timeframe": "15m",
          "processed_candles": 176,
          "total_candles": 200,
          "success_rate": 88.0,
          "status": "COMPLETED"
        },
        {
          "timeframe": "1h",
          "processed_candles": 170,
          "total_candles": 200,
          "success_rate": 85.0,
          "status": "COMPLETED"
        },
        {
          "timeframe": "4h",
          "processed_candles": 168,
          "total_candles": 200,
          "success_rate": 84.0,
          "status": "COMPLETED"
        }
      ],
      "total_timeframes": 3
    },
    {
      "symbol": "BERAUSDT",
      "timeframes": [
        {
          "timeframe": "15m",
          "processed_candles": 176,
          "total_candles": 200,
          "success_rate": 88.0,
          "status": "COMPLETED"
        },
        {
          "timeframe": "1h",
          "processed_candles": 170,
          "total_candles": 200,
          "success_rate": 85.0,
          "status": "COMPLETED"
        },
        {
          "timeframe": "4h",
          "processed_candles": 168,
          "total_candles": 200,
          "success_rate": 84.0,
          "status": "COMPLETED"
        }
      ],
      "total_timeframes": 3
    }
  ],
  "timeframe_order": [
    "1m",
    "5m",
    "15m",
    "30m",
    "1h",
    "4h",
    "1d",
    "1w"
  ],
  "performance_analysis": {
    "best_timeframe": {
      "timeframe": "15m",
      "success_rate": 88.0,
      "processed_candles": 3520
    },
    "worst_timeframe": {
      "timeframe": "4h",
      "success_rate": 84.0,
      "processed_candles": 3360
    },
    "most_processed_timeframe": "15m"
  }
}