{
  "block_id": 16,
  "start_time": "2025-12-25T23:14:58.495430",
  "end_time": "2025-12-25T23:15:02.057621",
  "duration_seconds": 3.562191,
  "summary": {
    "total_coins": 2,
    "coins_completed": 2,
    "coins_failed": 0,
    "coins_no_data": 0,
    "total_candles": 400,
    "processed_candles": 400,
    "success_rate": 100.0
  },
  "coin_results": [
    {
      "symbol": "USDSUSDT",
      "status": "COMPLETED",
      "total_candles": 200,
      "processed_candles": 200,
      "success_rate": 100.0,
      "timestamp": "2025-12-25T23:15:00.214670"
    },
    {
      "symbol": "TRXUSDT",
      "status": "COMPLETED",
      "total_candles": 200,
      "processed_candles": 200,
      "success_rate": 100.0,
      "timestamp": "2025-12-25T23:15:02.056621"
    }
  ],
  "status": "COMPLETED"
}