{
  "block_id": 11,
  "start_time": "2025-12-24T15:11:47.164725",
  "end_time": "2025-12-24T15:13:09.347263",
  "duration_seconds": 82.182538,
  "summary": {
    "total_coins": 41,
    "coins_completed": 40,
    "coins_failed": 0,
    "coins_no_data": 1,
    "total_candles": 8000,
    "processed_candles": 8000,
    "success_rate": 100.0
  },
  "coin_results": [
    {
      "symbol": "HOMEUSDT",
      "status": "COMPLETED",
      "total_candles": 200,
      "processed_candles": 200,
      "success_rate": 100.0,
      "timestamp": "2025-12-24T15:11:48.954449"
    },
    {
      "symbol": "MOVEUSDT",
      "status": "COMPLETED",
      "total_candles": 200,
      "processed_candles": 200,
      "success_rate": 100.0,
      "timestamp": "2025-12-24T15:11:50.828893"
    },
    {
      "symbol": "CFXUSDT",
      "status": "COMPLETED",
      "total_candles": 200,
      "processed_candles": 200,
      "success_rate": 100.0,
      "timestamp": "2025-12-24T15:11:52.816178"
    },
    {
      "symbol": "XVGUSDT",
      "status": "COMPLETED",
      "total_candles": 200,
      "processed_candles": 200,
      "success_rate": 100.0,
      "timestamp": "2025-12-24T15:11:54.895192"
    },
    {
      "symbol": "INITUSDT",
      "status": "COMPLETED",
      "total_candles": 200,
      "processed_candles": 200,
      "success_rate": 100.0,
      "timestamp": "2025-12-24T15:11:56.847562"
    },
    {
      "symbol": "API3USDT",
      "status": "COMPLETED",
      "total_candles": 200,
      "processed_candles": 200,
      "success_rate": 100.0,
      "timestamp": "2025-12-24T15:11:58.879229"
    },
    {
      "symbol": "FXSUSDT",
      "status": "COMPLETED",
      "total_candles": 200,
      "processed_candles": 200,
      "success_rate": 100.0,
      "timestamp": "2025-12-24T15:12:00.746587"
    },
    {
      "symbol": "CHESSUSDT",
      "status": "COMPLETED",
      "total_candles": 200,
      "processed_candles": 200,
      "success_rate": 100.0,
      "timestamp": "2025-12-24T15:12:02.773669"
    },
    {
      "symbol": "MANAUSDT",
      "status": "COMPLETED",
      "total_candles": 200,
      "processed_candles": 200,
      "success_rate": 100.0,
      "timestamp": "2025-12-24T15:12:04.815808"
    },
    {
      "symbol": "ABUSDT",
      "status": "NO_DATA",
      "processed": 0
    },
    {
      "symbol": "MUBARAKUSDT",
      "status": "COMPLETED",
      "total_candles": 200,
      "processed_candles": 200,
      "success_rate": 100.0,
      "timestamp": "2025-12-24T15:12:06.907412"
    },
    {
      "symbol": "BBUSDT",
      "status": "COMPLETED",
      "total_candles": 200,
      "processed_candles": 200,
      "success_rate": 100.0,
      "timestamp": "2025-12-24T15:12:08.833270"
    },
    {
      "symbol": "RADUSDT",
      "status": "COMPLETED",
      "total_candles": 200,
      "processed_candles": 200,
      "success_rate": 100.0,
      "timestamp": "2025-12-24T15:12:10.684048"
    },
    {
      "symbol": "RPLUSDT",
      "status": "COMPLETED",
      "total_candles": 200,
      "processed_candles": 200,
      "success_rate": 100.0,
      "timestamp": "2025-12-24T15:12:12.632315"
    },
    {
      "symbol": "1INCHUSDT",
      "status": "COMPLETED",
      "total_candles": 200,
      "processed_candles": 200,
      "success_rate": 100.0,
      "timestamp": "2025-12-24T15:12:14.617983"
    },
    {
      "symbol": "WOOUSDT",
      "status": "COMPLETED",
      "total_candles": 200,
      "processed_candles": 200,
      "success_rate": 100.0,
      "timestamp": "2025-12-24T15:12:16.605196"
    },
    {
      "symbol": "REZUSDT",
      "status": "COMPLETED",
      "total_candles": 200,
      "processed_candles": 200,
      "success_rate": 100.0,
      "timestamp": "2025-12-24T15:12:18.608397"
    },
    {
      "symbol": "ZECUSDT",
      "status": "COMPLETED",
      "total_candles": 200,
      "processed_candles": 200,
      "success_rate": 100.0,
      "timestamp": "2025-12-24T15:12:20.574403"
    },
    {
      "symbol": "OXTUSDT",
      "status": "COMPLETED",
      "total_candles": 200,
      "processed_candles": 200,
      "success_rate": 100.0,
      "timestamp": "2025-12-24T15:12:22.558263"
    },
    {
      "symbol": "RONINUSDT",
      "status": "COMPLETED",
      "total_candles": 200,
      "processed_candles": 200,
      "success_rate": 100.0,
      "timestamp": "2025-12-24T15:12:24.504935"
    },
    {
      "symbol": "SIGNUSDT",
      "status": "COMPLETED",
      "total_candles": 200,
      "processed_candles": 200,
      "success_rate": 100.0,
      "timestamp": "2025-12-24T15:12:26.345792"
    },
    {
      "symbol": "RSRUSDT",
      "status": "COMPLETED",
      "total_candles": 200,
      "processed_candles": 200,
      "success_rate": 100.0,
      "timestamp": "2025-12-24T15:12:28.205575"
    },
    {
      "symbol": "MANTAUSDT",
      "status": "COMPLETED",
      "total_candles": 200,
      "processed_candles": 200,
      "success_rate": 100.0,
      "timestamp": "2025-12-24T15:12:31.019682"
    },
    {
      "symbol": "DEGOUSDT",
      "status": "COMPLETED",
      "total_candles": 200,
      "processed_candles": 200,
      "success_rate": 100.0,
      "timestamp": "2025-12-24T15:12:33.808377"
    },
    {
      "symbol": "DIAUSDT",
      "status": "COMPLETED",
      "total_candles": 200,
      "processed_candles": 200,
      "success_rate": 100.0,
      "timestamp": "2025-12-24T15:12:37.101761"
    },
    {
      "symbol": "GTCUSDT",
      "status": "COMPLETED",
      "total_candles": 200,
      "processed_candles": 200,
      "success_rate": 100.0,
      "timestamp": "2025-12-24T15:12:40.052810"
    },
    {
      "symbol": "HIVEUSDT",
      "status": "COMPLETED",
      "total_candles": 200,
      "processed_candles": 200,
      "success_rate": 100.0,
      "timestamp": "2025-12-24T15:12:42.000662"
    },
    {
      "symbol": "EDENUSDT",
      "status": "COMPLETED",
      "total_candles": 200,
      "processed_candles": 200,
      "success_rate": 100.0,
      "timestamp": "2025-12-24T15:12:43.981736"
    },
    {
      "symbol": "USDEUSDT",
      "status": "COMPLETED",
      "total_candles": 200,
      "processed_candles": 200,
      "success_rate": 100.0,
      "timestamp": "2025-12-24T15:12:45.924206"
    },
    {
      "symbol": "SSVUSDT",
      "status": "COMPLETED",
      "total_candles": 200,
      "processed_candles": 200,
      "success_rate": 100.0,
      "timestamp": "2025-12-24T15:12:47.986042"
    },
    {
      "symbol": "KAITOUSDT",
      "status": "COMPLETED",
      "total_candles": 200,
      "processed_candles": 200,
      "success_rate": 100.0,
      "timestamp": "2025-12-24T15:12:49.943411"
    },
    {
      "symbol": "WAXPUSDT",
      "status": "COMPLETED",
      "total_candles": 200,
      "processed_candles": 200,
      "success_rate": 100.0,
      "timestamp": "2025-12-24T15:12:52.016503"
    },
    {
      "symbol": "LINEAUSDT",
      "status": "COMPLETED",
      "total_candles": 200,
      "processed_candles": 200,
      "success_rate": 100.0,
      "timestamp": "2025-12-24T15:12:53.977447"
    },
    {
      "symbol": "QIUSDT",
      "status": "COMPLETED",
      "total_candles": 200,
      "processed_candles": 200,
      "success_rate": 100.0,
      "timestamp": "2025-12-24T15:12:55.884564"
    },
    {
      "symbol": "CITYUSDT",
      "status": "COMPLETED",
      "total_candles": 200,
      "processed_candles": 200,
      "success_rate": 100.0,
      "timestamp": "2025-12-24T15:12:57.833847"
    },
    {
      "symbol": "RAYUSDT",
      "status": "COMPLETED",
      "total_candles": 200,
      "processed_candles": 200,
      "success_rate": 100.0,
      "timestamp": "2025-12-24T15:12:59.815958"
    },
    {
      "symbol": "ORCAUSDT",
      "status": "COMPLETED",
      "total_candles": 200,
      "processed_candles": 200,
      "success_rate": 100.0,
      "timestamp": "2025-12-24T15:13:01.718701"
    },
    {
      "symbol": "XAIUSDT",
      "status": "COMPLETED",
      "total_candles": 200,
      "processed_candles": 200,
      "success_rate": 100.0,
      "timestamp": "2025-12-24T15:13:03.571130"
    },
    {
      "symbol": "ACEUSDT",
      "status": "COMPLETED",
      "total_candles": 200,
      "processed_candles": 200,
      "success_rate": 100.0,
      "timestamp": "2025-12-24T15:13:05.513879"
    },
    {
      "symbol": "HEIUSDT",
      "status": "COMPLETED",
      "total_candles": 200,
      "processed_candles": 200,
      "success_rate": 100.0,
      "timestamp": "2025-12-24T15:13:07.469958"
    },
    {
      "symbol": "AVAUSDT",
      "status": "COMPLETED",
      "total_candles": 200,
      "processed_candles": 200,
      "success_rate": 100.0,
      "timestamp": "2025-12-24T15:13:09.347263"
    }
  ],
  "status": "COMPLETED"
}