{
  "block_id": 7,
  "start_time": "2025-12-25T22:50:51.009289",
  "end_time": "2025-12-25T22:51:49.104350",
  "duration_seconds": 58.095061,
  "summary": {
    "total_coins": 29,
    "coins_completed": 27,
    "coins_failed": 0,
    "coins_no_data": 2,
    "total_candles": 5400,
    "processed_candles": 5400,
    "success_rate": 100.0
  },
  "coin_results": [
    {
      "symbol": "PNUTUSDT",
      "status": "COMPLETED",
      "total_candles": 200,
      "processed_candles": 200,
      "success_rate": 100.0,
      "timestamp": "2025-12-25T22:50:52.857316"
    },
    {
      "symbol": "APEUSDT",
      "status": "COMPLETED",
      "total_candles": 200,
      "processed_candles": 200,
      "success_rate": 100.0,
      "timestamp": "2025-12-25T22:50:54.927525"
    },
    {
      "symbol": "FFUSDT",
      "status": "COMPLETED",
      "total_candles": 200,
      "processed_candles": 200,
      "success_rate": 100.0,
      "timestamp": "2025-12-25T22:50:57.111702"
    },
    {
      "symbol": "XPLUSDT",
      "status": "COMPLETED",
      "total_candles": 200,
      "processed_candles": 200,
      "success_rate": 100.0,
      "timestamp": "2025-12-25T22:50:59.162949"
    },
    {
      "symbol": "CKBUSDT",
      "status": "COMPLETED",
      "total_candles": 200,
      "processed_candles": 200,
      "success_rate": 100.0,
      "timestamp": "2025-12-25T22:51:01.206016"
    },
    {
      "symbol": "STXUSDT",
      "status": "COMPLETED",
      "total_candles": 200,
      "processed_candles": 200,
      "success_rate": 100.0,
      "timestamp": "2025-12-25T22:51:03.205361"
    },
    {
      "symbol": "EARNAUSDUSDT",
      "status": "NO_DATA",
      "processed": 0
    },
    {
      "symbol": "LTCUSDT",
      "status": "COMPLETED",
      "total_candles": 200,
      "processed_candles": 200,
      "success_rate": 100.0,
      "timestamp": "2025-12-25T22:51:05.324037"
    },
    {
      "symbol": "ZILUSDT",
      "status": "COMPLETED",
      "total_candles": 200,
      "processed_candles": 200,
      "success_rate": 100.0,
      "timestamp": "2025-12-25T22:51:07.424824"
    },
    {
      "symbol": "MTLUSDT",
      "status": "COMPLETED",
      "total_candles": 200,
      "processed_candles": 200,
      "success_rate": 100.0,
      "timestamp": "2025-12-25T22:51:09.463861"
    },
    {
      "symbol": "MBLUSDT",
      "status": "COMPLETED",
      "total_candles": 200,
      "processed_candles": 200,
      "success_rate": 100.0,
      "timestamp": "2025-12-25T22:51:11.553609"
    },
    {
      "symbol": "AIUSDT",
      "status": "COMPLETED",
      "total_candles": 200,
      "processed_candles": 200,
      "success_rate": 100.0,
      "timestamp": "2025-12-25T22:51:13.584045"
    },
    {
      "symbol": "GALAUSDT",
      "status": "COMPLETED",
      "total_candles": 200,
      "processed_candles": 200,
      "success_rate": 100.0,
      "timestamp": "2025-12-25T22:51:15.619383"
    },
    {
      "symbol": "KNCUSDT",
      "status": "COMPLETED",
      "total_candles": 200,
      "processed_candles": 200,
      "success_rate": 100.0,
      "timestamp": "2025-12-25T22:51:17.579466"
    },
    {
      "symbol": "XRPUSDT",
      "status": "COMPLETED",
      "total_candles": 200,
      "processed_candles": 200,
      "success_rate": 100.0,
      "timestamp": "2025-12-25T22:51:20.708271"
    },
    {
      "symbol": "ZRXUSDT",
      "status": "COMPLETED",
      "total_candles": 200,
      "processed_candles": 200,
      "success_rate": 100.0,
      "timestamp": "2025-12-25T22:51:23.858415"
    },
    {
      "symbol": "LDOUSDT",
      "status": "COMPLETED",
      "total_candles": 200,
      "processed_candles": 200,
      "success_rate": 100.0,
      "timestamp": "2025-12-25T22:51:25.924329"
    },
    {
      "symbol": "AVNTUSDT",
      "status": "COMPLETED",
      "total_candles": 200,
      "processed_candles": 200,
      "success_rate": 100.0,
      "timestamp": "2025-12-25T22:51:28.055355"
    },
    {
      "symbol": "INITUSDT",
      "status": "COMPLETED",
      "total_candles": 200,
      "processed_candles": 200,
      "success_rate": 100.0,
      "timestamp": "2025-12-25T22:51:30.174227"
    },
    {
      "symbol": "2ZUSDT",
      "status": "COMPLETED",
      "total_candles": 200,
      "processed_candles": 200,
      "success_rate": 100.0,
      "timestamp": "2025-12-25T22:51:32.318968"
    },
    {
      "symbol": "TRUUSDT",
      "status": "COMPLETED",
      "total_candles": 200,
      "processed_candles": 200,
      "success_rate": 100.0,
      "timestamp": "2025-12-25T22:51:34.591061"
    },
    {
      "symbol": "BIGTIMEUSDT",
      "status": "COMPLETED",
      "total_candles": 200,
      "processed_candles": 200,
      "success_rate": 100.0,
      "timestamp": "2025-12-25T22:51:36.650648"
    },
    {
      "symbol": "TURBOUSDT",
      "status": "COMPLETED",
      "total_candles": 200,
      "processed_candles": 200,
      "success_rate": 100.0,
      "timestamp": "2025-12-25T22:51:38.712643"
    },
    {
      "symbol": "ADAUSDT",
      "status": "COMPLETED",
      "total_candles": 200,
      "processed_candles": 200,
      "success_rate": 100.0,
      "timestamp": "2025-12-25T22:51:40.785979"
    },
    {
      "symbol": "0GUSDT",
      "status": "COMPLETED",
      "total_candles": 200,
      "processed_candles": 200,
      "success_rate": 100.0,
      "timestamp": "2025-12-25T22:51:42.869348"
    },
    {
      "symbol": "PRIMEUSDT",
      "status": "NO_DATA",
      "processed": 0
    },
    {
      "symbol": "EGLDUSDT",
      "status": "COMPLETED",
      "total_candles": 200,
      "processed_candles": 200,
      "success_rate": 100.0,
      "timestamp": "2025-12-25T22:51:44.997428"
    },
    {
      "symbol": "STRAXUSDT",
      "status": "COMPLETED",
      "total_candles": 200,
      "processed_candles": 200,
      "success_rate": 100.0,
      "timestamp": "2025-12-25T22:51:47.088975"
    },
    {
      "symbol": "PONDUSDT",
      "status": "COMPLETED",
      "total_candles": 200,
      "processed_candles": 200,
      "success_rate": 100.0,
      "timestamp": "2025-12-25T22:51:49.104350"
    }
  ],
  "status": "COMPLETED"
}