{
  "block_id": 5,
  "start_time": "2025-12-26T09:30:00.188424",
  "end_time": "2025-12-26T09:30:59.412294",
  "duration_seconds": 59.22387,
  "summary": {
    "total_coins": 21,
    "coins_completed": 20,
    "coins_failed": 0,
    "coins_no_data": 1,
    "total_candles": 4000,
    "processed_candles": 4000,
    "success_rate": 100.0
  },
  "coin_results": [
    {
      "symbol": "C98USDT",
      "status": "COMPLETED",
      "total_candles": 200,
      "processed_candles": 200,
      "success_rate": 100.0,
      "timestamp": "2025-12-26T09:30:02.567482"
    },
    {
      "symbol": "DOLOUSDT",
      "status": "COMPLETED",
      "total_candles": 200,
      "processed_candles": 200,
      "success_rate": 100.0,
      "timestamp": "2025-12-26T09:30:04.765022"
    },
    {
      "symbol": "CELRUSDT",
      "status": "COMPLETED",
      "total_candles": 200,
      "processed_candles": 200,
      "success_rate": 100.0,
      "timestamp": "2025-12-26T09:30:07.331837"
    },
    {
      "symbol": "PNUTUSDT",
      "status": "COMPLETED",
      "total_candles": 200,
      "processed_candles": 200,
      "success_rate": 100.0,
      "timestamp": "2025-12-26T09:30:09.919200"
    },
    {
      "symbol": "DOGEUSDT",
      "status": "COMPLETED",
      "total_candles": 200,
      "processed_candles": 200,
      "success_rate": 100.0,
      "timestamp": "2025-12-26T09:30:12.529404"
    },
    {
      "symbol": "IOTAUSDT",
      "status": "COMPLETED",
      "total_candles": 200,
      "processed_candles": 200,
      "success_rate": 100.0,
      "timestamp": "2025-12-26T09:30:15.414413"
    },
    {
      "symbol": "SKYUSDT",
      "status": "COMPLETED",
      "total_candles": 200,
      "processed_candles": 200,
      "success_rate": 100.0,
      "timestamp": "2025-12-26T09:30:18.508809"
    },
    {
      "symbol": "SFPUSDT",
      "status": "COMPLETED",
      "total_candles": 200,
      "processed_candles": 200,
      "success_rate": 100.0,
      "timestamp": "2025-12-26T09:30:22.562413"
    },
    {
      "symbol": "0GUSDT",
      "status": "COMPLETED",
      "total_candles": 200,
      "processed_candles": 200,
      "success_rate": 100.0,
      "timestamp": "2025-12-26T09:30:25.944270"
    },
    {
      "symbol": "BERAUSDT",
      "status": "COMPLETED",
      "total_candles": 200,
      "processed_candles": 200,
      "success_rate": 100.0,
      "timestamp": "2025-12-26T09:30:28.699977"
    },
    {
      "symbol": "CITYUSDT",
      "status": "COMPLETED",
      "total_candles": 200,
      "processed_candles": 200,
      "success_rate": 100.0,
      "timestamp": "2025-12-26T09:30:31.077575"
    },
    {
      "symbol": "SCRTUSDT",
      "status": "COMPLETED",
      "total_candles": 200,
      "processed_candles": 200,
      "success_rate": 100.0,
      "timestamp": "2025-12-26T09:30:34.424411"
    },
    {
      "symbol": "ETH+USDT",
      "status": "NO_DATA",
      "processed": 0
    },
    {
      "symbol": "LUNAUSDT",
      "status": "COMPLETED",
      "total_candles": 200,
      "processed_candles": 200,
      "success_rate": 100.0,
      "timestamp": "2025-12-26T09:30:39.563638"
    },
    {
      "symbol": "CTKUSDT",
      "status": "COMPLETED",
      "total_candles": 200,
      "processed_candles": 200,
      "success_rate": 100.0,
      "timestamp": "2025-12-26T09:30:43.840878"
    },
    {
      "symbol": "CRVUSDT",
      "status": "COMPLETED",
      "total_candles": 200,
      "processed_candles": 200,
      "success_rate": 100.0,
      "timestamp": "2025-12-26T09:30:47.159050"
    },
    {
      "symbol": "XRPUSDT",
      "status": "COMPLETED",
      "total_candles": 200,
      "processed_candles": 200,
      "success_rate": 100.0,
      "timestamp": "2025-12-26T09:30:49.277701"
    },
    {
      "symbol": "MASKUSDT",
      "status": "COMPLETED",
      "total_candles": 200,
      "processed_candles": 200,
      "success_rate": 100.0,
      "timestamp": "2025-12-26T09:30:51.363686"
    },
    {
      "symbol": "JSTUSDT",
      "status": "COMPLETED",
      "total_candles": 200,
      "processed_candles": 200,
      "success_rate": 100.0,
      "timestamp": "2025-12-26T09:30:53.967435"
    },
    {
      "symbol": "DUSKUSDT",
      "status": "COMPLETED",
      "total_candles": 200,
      "processed_candles": 200,
      "success_rate": 100.0,
      "timestamp": "2025-12-26T09:30:57.088063"
    },
    {
      "symbol": "INITUSDT",
      "status": "COMPLETED",
      "total_candles": 200,
      "processed_candles": 200,
      "success_rate": 100.0,
      "timestamp": "2025-12-26T09:30:59.411296"
    }
  ],
  "status": "COMPLETED"
}