{
  "block_id": 13,
  "start_time": "2025-12-26T09:54:39.735767",
  "end_time": "2025-12-26T09:55:55.673333",
  "duration_seconds": 75.937566,
  "summary": {
    "total_coins": 22,
    "coins_completed": 22,
    "coins_failed": 0,
    "coins_no_data": 0,
    "total_candles": 4400,
    "processed_candles": 4400,
    "success_rate": 100.0
  },
  "coin_results": [
    {
      "symbol": "HUMAUSDT",
      "status": "COMPLETED",
      "total_candles": 200,
      "processed_candles": 200,
      "success_rate": 100.0,
      "timestamp": "2025-12-26T09:54:41.980950"
    },
    {
      "symbol": "ASRUSDT",
      "status": "COMPLETED",
      "total_candles": 200,
      "processed_candles": 200,
      "success_rate": 100.0,
      "timestamp": "2025-12-26T09:54:44.269305"
    },
    {
      "symbol": "HOOKUSDT",
      "status": "COMPLETED",
      "total_candles": 200,
      "processed_candles": 200,
      "success_rate": 100.0,
      "timestamp": "2025-12-26T09:54:46.855179"
    },
    {
      "symbol": "HEMIUSDT",
      "status": "COMPLETED",
      "total_candles": 200,
      "processed_candles": 200,
      "success_rate": 100.0,
      "timestamp": "2025-12-26T09:54:49.417976"
    },
    {
      "symbol": "CHZUSDT",
      "status": "COMPLETED",
      "total_candles": 200,
      "processed_candles": 200,
      "success_rate": 100.0,
      "timestamp": "2025-12-26T09:54:52.175173"
    },
    {
      "symbol": "TURBOUSDT",
      "status": "COMPLETED",
      "total_candles": 200,
      "processed_candles": 200,
      "success_rate": 100.0,
      "timestamp": "2025-12-26T09:54:54.555654"
    },
    {
      "symbol": "ALCXUSDT",
      "status": "COMPLETED",
      "total_candles": 200,
      "processed_candles": 200,
      "success_rate": 100.0,
      "timestamp": "2025-12-26T09:54:57.832604"
    },
    {
      "symbol": "EURIUSDT",
      "status": "COMPLETED",
      "total_candles": 200,
      "processed_candles": 200,
      "success_rate": 100.0,
      "timestamp": "2025-12-26T09:55:01.957600"
    },
    {
      "symbol": "HBARUSDT",
      "status": "COMPLETED",
      "total_candles": 200,
      "processed_candles": 200,
      "success_rate": 100.0,
      "timestamp": "2025-12-26T09:55:06.005642"
    },
    {
      "symbol": "GNOUSDT",
      "status": "COMPLETED",
      "total_candles": 200,
      "processed_candles": 200,
      "success_rate": 100.0,
      "timestamp": "2025-12-26T09:55:10.929142"
    },
    {
      "symbol": "HIGHUSDT",
      "status": "COMPLETED",
      "total_candles": 200,
      "processed_candles": 200,
      "success_rate": 100.0,
      "timestamp": "2025-12-26T09:55:15.158736"
    },
    {
      "symbol": "FLOWUSDT",
      "status": "COMPLETED",
      "total_candles": 200,
      "processed_candles": 200,
      "success_rate": 100.0,
      "timestamp": "2025-12-26T09:55:18.741134"
    },
    {
      "symbol": "BABYUSDT",
      "status": "COMPLETED",
      "total_candles": 200,
      "processed_candles": 200,
      "success_rate": 100.0,
      "timestamp": "2025-12-26T09:55:22.009062"
    },
    {
      "symbol": "STORJUSDT",
      "status": "COMPLETED",
      "total_candles": 200,
      "processed_candles": 200,
      "success_rate": 100.0,
      "timestamp": "2025-12-26T09:55:25.305368"
    },
    {
      "symbol": "SKLUSDT",
      "status": "COMPLETED",
      "total_candles": 200,
      "processed_candles": 200,
      "success_rate": 100.0,
      "timestamp": "2025-12-26T09:55:29.307703"
    },
    {
      "symbol": "PENGUUSDT",
      "status": "COMPLETED",
      "total_candles": 200,
      "processed_candles": 200,
      "success_rate": 100.0,
      "timestamp": "2025-12-26T09:55:33.657962"
    },
    {
      "symbol": "BANANAS31USDT",
      "status": "COMPLETED",
      "total_candles": 200,
      "processed_candles": 200,
      "success_rate": 100.0,
      "timestamp": "2025-12-26T09:55:37.537555"
    },
    {
      "symbol": "HIVEUSDT",
      "status": "COMPLETED",
      "total_candles": 200,
      "processed_candles": 200,
      "success_rate": 100.0,
      "timestamp": "2025-12-26T09:55:41.001343"
    },
    {
      "symbol": "BELUSDT",
      "status": "COMPLETED",
      "total_candles": 200,
      "processed_candles": 200,
      "success_rate": 100.0,
      "timestamp": "2025-12-26T09:55:44.145868"
    },
    {
      "symbol": "KAIAUSDT",
      "status": "COMPLETED",
      "total_candles": 200,
      "processed_candles": 200,
      "success_rate": 100.0,
      "timestamp": "2025-12-26T09:55:47.951402"
    },
    {
      "symbol": "A2ZUSDT",
      "status": "COMPLETED",
      "total_candles": 200,
      "processed_candles": 200,
      "success_rate": 100.0,
      "timestamp": "2025-12-26T09:55:52.024222"
    },
    {
      "symbol": "ORCAUSDT",
      "status": "COMPLETED",
      "total_candles": 200,
      "processed_candles": 200,
      "success_rate": 100.0,
      "timestamp": "2025-12-26T09:55:55.673333"
    }
  ],
  "status": "COMPLETED"
}