{
  "block_id": 2,
  "start_time": "2025-12-24T13:38:44.869726",
  "end_time": "2025-12-24T13:39:06.877722",
  "duration_seconds": 22.007996,
  "summary": {
    "total_coins": 11,
    "coins_completed": 11,
    "coins_failed": 0,
    "coins_no_data": 0,
    "total_candles": 2200,
    "processed_candles": 2200,
    "success_rate": 100.0
  },
  "coin_results": [
    {
      "symbol": "PONDUSDT",
      "status": "COMPLETED",
      "total_candles": 200,
      "processed_candles": 200,
      "success_rate": 100.0,
      "timestamp": "2025-12-24T13:38:46.765933"
    },
    {
      "symbol": "BANANAS31USDT",
      "status": "COMPLETED",
      "total_candles": 200,
      "processed_candles": 200,
      "success_rate": 100.0,
      "timestamp": "2025-12-24T13:38:48.766125"
    },
    {
      "symbol": "OGNUSDT",
      "status": "COMPLETED",
      "total_candles": 200,
      "processed_candles": 200,
      "success_rate": 100.0,
      "timestamp": "2025-12-24T13:38:50.675018"
    },
    {
      "symbol": "RENDERUSDT",
      "status": "COMPLETED",
      "total_candles": 200,
      "processed_candles": 200,
      "success_rate": 100.0,
      "timestamp": "2025-12-24T13:38:52.682850"
    },
    {
      "symbol": "JOEUSDT",
      "status": "COMPLETED",
      "total_candles": 200,
      "processed_candles": 200,
      "success_rate": 100.0,
      "timestamp": "2025-12-24T13:38:54.778420"
    },
    {
      "symbol": "ZBTUSDT",
      "status": "COMPLETED",
      "total_candles": 200,
      "processed_candles": 200,
      "success_rate": 100.0,
      "timestamp": "2025-12-24T13:38:56.802540"
    },
    {
      "symbol": "WCTUSDT",
      "status": "COMPLETED",
      "total_candles": 200,
      "processed_candles": 200,
      "success_rate": 100.0,
      "timestamp": "2025-12-24T13:38:58.789111"
    },
    {
      "symbol": "MBOXUSDT",
      "status": "COMPLETED",
      "total_candles": 200,
      "processed_candles": 200,
      "success_rate": 100.0,
      "timestamp": "2025-12-24T13:39:00.789216"
    },
    {
      "symbol": "STOUSDT",
      "status": "COMPLETED",
      "total_candles": 200,
      "processed_candles": 200,
      "success_rate": 100.0,
      "timestamp": "2025-12-24T13:39:02.845238"
    },
    {
      "symbol": "KMNOUSDT",
      "status": "COMPLETED",
      "total_candles": 200,
      "processed_candles": 200,
      "success_rate": 100.0,
      "timestamp": "2025-12-24T13:39:04.917066"
    },
    {
      "symbol": "KSMUSDT",
      "status": "COMPLETED",
      "total_candles": 200,
      "processed_candles": 200,
      "success_rate": 100.0,
      "timestamp": "2025-12-24T13:39:06.876721"
    }
  ],
  "status": "COMPLETED"
}