{
  "block_id": 2,
  "start_time": "2025-12-27T16:37:04.226002",
  "end_time": "2025-12-27T16:37:50.634634",
  "duration_seconds": 46.408632,
  "summary": {
    "total_coins": 28,
    "coins_completed": 27,
    "coins_failed": 0,
    "coins_no_data": 1,
    "total_candles": 5400,
    "processed_candles": 2727,
    "success_rate": 50.5
  },
  "coin_results": [
    {
      "symbol": "MEUSDT",
      "status": "COMPLETED",
      "total_candles": 200,
      "processed_candles": 101,
      "success_rate": 50.5,
      "timestamp": "2025-12-27T16:37:05.649587"
    },
    {
      "symbol": "XAIUSDT",
      "status": "COMPLETED",
      "total_candles": 200,
      "processed_candles": 101,
      "success_rate": 50.5,
      "timestamp": "2025-12-27T16:37:07.384801"
    },
    {
      "symbol": "KMNOUSDT",
      "status": "COMPLETED",
      "total_candles": 200,
      "processed_candles": 101,
      "success_rate": 50.5,
      "timestamp": "2025-12-27T16:37:09.054149"
    },
    {
      "symbol": "WAVESUSDT",
      "status": "COMPLETED",
      "total_candles": 200,
      "processed_candles": 101,
      "success_rate": 50.5,
      "timestamp": "2025-12-27T16:37:10.678000"
    },
    {
      "symbol": "DUSDT",
      "status": "COMPLETED",
      "total_candles": 200,
      "processed_candles": 101,
      "success_rate": 50.5,
      "timestamp": "2025-12-27T16:37:12.298501"
    },
    {
      "symbol": "REDUSDT",
      "status": "COMPLETED",
      "total_candles": 200,
      "processed_candles": 101,
      "success_rate": 50.5,
      "timestamp": "2025-12-27T16:37:14.006352"
    },
    {
      "symbol": "ICPUSDT",
      "status": "COMPLETED",
      "total_candles": 200,
      "processed_candles": 101,
      "success_rate": 50.5,
      "timestamp": "2025-12-27T16:37:15.766949"
    },
    {
      "symbol": "BBUSDT",
      "status": "COMPLETED",
      "total_candles": 200,
      "processed_candles": 101,
      "success_rate": 50.5,
      "timestamp": "2025-12-27T16:37:17.411966"
    },
    {
      "symbol": "QUICKUSDT",
      "status": "COMPLETED",
      "total_candles": 200,
      "processed_candles": 101,
      "success_rate": 50.5,
      "timestamp": "2025-12-27T16:37:19.074446"
    },
    {
      "symbol": "RAREUSDT",
      "status": "COMPLETED",
      "total_candles": 200,
      "processed_candles": 101,
      "success_rate": 50.5,
      "timestamp": "2025-12-27T16:37:20.779812"
    },
    {
      "symbol": "TRUUSDT",
      "status": "COMPLETED",
      "total_candles": 200,
      "processed_candles": 101,
      "success_rate": 50.5,
      "timestamp": "2025-12-27T16:37:22.417317"
    },
    {
      "symbol": "CVXUSDT",
      "status": "COMPLETED",
      "total_candles": 200,
      "processed_candles": 101,
      "success_rate": 50.5,
      "timestamp": "2025-12-27T16:37:24.181127"
    },
    {
      "symbol": "POLYXUSDT",
      "status": "COMPLETED",
      "total_candles": 200,
      "processed_candles": 101,
      "success_rate": 50.5,
      "timestamp": "2025-12-27T16:37:25.846405"
    },
    {
      "symbol": "IQUSDT",
      "status": "COMPLETED",
      "total_candles": 200,
      "processed_candles": 101,
      "success_rate": 50.5,
      "timestamp": "2025-12-27T16:37:27.430562"
    },
    {
      "symbol": "MNGOUSDT",
      "status": "NO_DATA",
      "processed": 0
    },
    {
      "symbol": "EPICUSDT",
      "status": "COMPLETED",
      "total_candles": 200,
      "processed_candles": 101,
      "success_rate": 50.5,
      "timestamp": "2025-12-27T16:37:29.111623"
    },
    {
      "symbol": "ATUSDT",
      "status": "COMPLETED",
      "total_candles": 200,
      "processed_candles": 101,
      "success_rate": 50.5,
      "timestamp": "2025-12-27T16:37:30.777337"
    },
    {
      "symbol": "STEEMUSDT",
      "status": "COMPLETED",
      "total_candles": 200,
      "processed_candles": 101,
      "success_rate": 50.5,
      "timestamp": "2025-12-27T16:37:32.745759"
    },
    {
      "symbol": "SOMIUSDT",
      "status": "COMPLETED",
      "total_candles": 200,
      "processed_candles": 101,
      "success_rate": 50.5,
      "timestamp": "2025-12-27T16:37:35.582314"
    },
    {
      "symbol": "TFUELUSDT",
      "status": "COMPLETED",
      "total_candles": 200,
      "processed_candles": 101,
      "success_rate": 50.5,
      "timestamp": "2025-12-27T16:37:37.324194"
    },
    {
      "symbol": "PORTALUSDT",
      "status": "COMPLETED",
      "total_candles": 200,
      "processed_candles": 101,
      "success_rate": 50.5,
      "timestamp": "2025-12-27T16:37:38.968325"
    },
    {
      "symbol": "PSGUSDT",
      "status": "COMPLETED",
      "total_candles": 200,
      "processed_candles": 101,
      "success_rate": 50.5,
      "timestamp": "2025-12-27T16:37:40.522061"
    },
    {
      "symbol": "DCRUSDT",
      "status": "COMPLETED",
      "total_candles": 200,
      "processed_candles": 101,
      "success_rate": 50.5,
      "timestamp": "2025-12-27T16:37:42.180627"
    },
    {
      "symbol": "ACHUSDT",
      "status": "COMPLETED",
      "total_candles": 200,
      "processed_candles": 101,
      "success_rate": 50.5,
      "timestamp": "2025-12-27T16:37:43.818798"
    },
    {
      "symbol": "TWTUSDT",
      "status": "COMPLETED",
      "total_candles": 200,
      "processed_candles": 101,
      "success_rate": 50.5,
      "timestamp": "2025-12-27T16:37:45.596900"
    },
    {
      "symbol": "NMRUSDT",
      "status": "COMPLETED",
      "total_candles": 200,
      "processed_candles": 101,
      "success_rate": 50.5,
      "timestamp": "2025-12-27T16:37:47.263145"
    },
    {
      "symbol": "SHELLUSDT",
      "status": "COMPLETED",
      "total_candles": 200,
      "processed_candles": 101,
      "success_rate": 50.5,
      "timestamp": "2025-12-27T16:37:48.877274"
    },
    {
      "symbol": "FXSUSDT",
      "status": "COMPLETED",
      "total_candles": 200,
      "processed_candles": 101,
      "success_rate": 50.5,
      "timestamp": "2025-12-27T16:37:50.633631"
    }
  ],
  "status": "COMPLETED"
}