{
  "block_id": 6,
  "start_time": "2025-12-26T09:32:55.873586",
  "end_time": "2025-12-26T09:34:51.310342",
  "duration_seconds": 115.436756,
  "summary": {
    "total_coins": 50,
    "coins_completed": 46,
    "coins_failed": 0,
    "coins_no_data": 4,
    "total_candles": 9200,
    "processed_candles": 9200,
    "success_rate": 100.0
  },
  "coin_results": [
    {
      "symbol": "OMUSDT",
      "status": "COMPLETED",
      "total_candles": 200,
      "processed_candles": 200,
      "success_rate": 100.0,
      "timestamp": "2025-12-26T09:32:57.637458"
    },
    {
      "symbol": "POLUSDT",
      "status": "COMPLETED",
      "total_candles": 200,
      "processed_candles": 200,
      "success_rate": 100.0,
      "timestamp": "2025-12-26T09:32:59.733117"
    },
    {
      "symbol": "ALPINEUSDT",
      "status": "COMPLETED",
      "total_candles": 200,
      "processed_candles": 200,
      "success_rate": 100.0,
      "timestamp": "2025-12-26T09:33:01.871342"
    },
    {
      "symbol": "WIFUSDT",
      "status": "COMPLETED",
      "total_candles": 200,
      "processed_candles": 200,
      "success_rate": 100.0,
      "timestamp": "2025-12-26T09:33:03.911127"
    },
    {
      "symbol": "KITEUSDT",
      "status": "COMPLETED",
      "total_candles": 200,
      "processed_candles": 200,
      "success_rate": 100.0,
      "timestamp": "2025-12-26T09:33:05.867528"
    },
    {
      "symbol": "DFUSDT",
      "status": "COMPLETED",
      "total_candles": 200,
      "processed_candles": 200,
      "success_rate": 100.0,
      "timestamp": "2025-12-26T09:33:07.978123"
    },
    {
      "symbol": "1000CATUSDT",
      "status": "COMPLETED",
      "total_candles": 200,
      "processed_candles": 200,
      "success_rate": 100.0,
      "timestamp": "2025-12-26T09:33:10.065802"
    },
    {
      "symbol": "ENJUSDT",
      "status": "COMPLETED",
      "total_candles": 200,
      "processed_candles": 200,
      "success_rate": 100.0,
      "timestamp": "2025-12-26T09:33:12.413636"
    },
    {
      "symbol": "GIGGLEUSDT",
      "status": "COMPLETED",
      "total_candles": 200,
      "processed_candles": 200,
      "success_rate": 100.0,
      "timestamp": "2025-12-26T09:33:15.140585"
    },
    {
      "symbol": "IDUSDT",
      "status": "COMPLETED",
      "total_candles": 200,
      "processed_candles": 200,
      "success_rate": 100.0,
      "timestamp": "2025-12-26T09:33:17.959814"
    },
    {
      "symbol": "EULUSDT",
      "status": "COMPLETED",
      "total_candles": 200,
      "processed_candles": 200,
      "success_rate": 100.0,
      "timestamp": "2025-12-26T09:33:20.313143"
    },
    {
      "symbol": "FTTUSDT",
      "status": "COMPLETED",
      "total_candles": 200,
      "processed_candles": 200,
      "success_rate": 100.0,
      "timestamp": "2025-12-26T09:33:22.677427"
    },
    {
      "symbol": "IMXUSDT",
      "status": "COMPLETED",
      "total_candles": 200,
      "processed_candles": 200,
      "success_rate": 100.0,
      "timestamp": "2025-12-26T09:33:25.124885"
    },
    {
      "symbol": "UXPLUSDT",
      "status": "NO_DATA",
      "processed": 0
    },
    {
      "symbol": "ALGOUSDT",
      "status": "COMPLETED",
      "total_candles": 200,
      "processed_candles": 200,
      "success_rate": 100.0,
      "timestamp": "2025-12-26T09:33:27.444198"
    },
    {
      "symbol": "USD1USDT",
      "status": "COMPLETED",
      "total_candles": 200,
      "processed_candles": 200,
      "success_rate": 100.0,
      "timestamp": "2025-12-26T09:33:31.019247"
    },
    {
      "symbol": "MBXUSDT",
      "status": "NO_DATA",
      "processed": 0
    },
    {
      "symbol": "MOVEUSDT",
      "status": "COMPLETED",
      "total_candles": 200,
      "processed_candles": 200,
      "success_rate": 100.0,
      "timestamp": "2025-12-26T09:33:34.193318"
    },
    {
      "symbol": "MLNUSDT",
      "status": "COMPLETED",
      "total_candles": 200,
      "processed_candles": 200,
      "success_rate": 100.0,
      "timestamp": "2025-12-26T09:33:36.758332"
    },
    {
      "symbol": "BROCCOLI714USDT",
      "status": "COMPLETED",
      "total_candles": 200,
      "processed_candles": 200,
      "success_rate": 100.0,
      "timestamp": "2025-12-26T09:33:39.065260"
    },
    {
      "symbol": "ETCUSDT",
      "status": "COMPLETED",
      "total_candles": 200,
      "processed_candles": 200,
      "success_rate": 100.0,
      "timestamp": "2025-12-26T09:33:41.309150"
    },
    {
      "symbol": "CHRUSDT",
      "status": "COMPLETED",
      "total_candles": 200,
      "processed_candles": 200,
      "success_rate": 100.0,
      "timestamp": "2025-12-26T09:33:44.445315"
    },
    {
      "symbol": "USDEUSDT",
      "status": "COMPLETED",
      "total_candles": 200,
      "processed_candles": 200,
      "success_rate": 100.0,
      "timestamp": "2025-12-26T09:33:47.890886"
    },
    {
      "symbol": "REZUSDT",
      "status": "COMPLETED",
      "total_candles": 200,
      "processed_candles": 200,
      "success_rate": 100.0,
      "timestamp": "2025-12-26T09:33:52.075436"
    },
    {
      "symbol": "MIRAUSDT",
      "status": "COMPLETED",
      "total_candles": 200,
      "processed_candles": 200,
      "success_rate": 100.0,
      "timestamp": "2025-12-26T09:33:55.546431"
    },
    {
      "symbol": "FOLKSUSDT",
      "status": "NO_DATA",
      "processed": 0
    },
    {
      "symbol": "RUNEUSDT",
      "status": "COMPLETED",
      "total_candles": 200,
      "processed_candles": 200,
      "success_rate": 100.0,
      "timestamp": "2025-12-26T09:33:57.971073"
    },
    {
      "symbol": "OKBUSDT",
      "status": "NO_DATA",
      "processed": 0
    },
    {
      "symbol": "ZKUSDT",
      "status": "COMPLETED",
      "total_candles": 200,
      "processed_candles": 200,
      "success_rate": 100.0,
      "timestamp": "2025-12-26T09:34:00.623594"
    },
    {
      "symbol": "SAHARAUSDT",
      "status": "COMPLETED",
      "total_candles": 200,
      "processed_candles": 200,
      "success_rate": 100.0,
      "timestamp": "2025-12-26T09:34:03.700009"
    },
    {
      "symbol": "AUDIOUSDT",
      "status": "COMPLETED",
      "total_candles": 200,
      "processed_candles": 200,
      "success_rate": 100.0,
      "timestamp": "2025-12-26T09:34:06.253464"
    },
    {
      "symbol": "IOSTUSDT",
      "status": "COMPLETED",
      "total_candles": 200,
      "processed_candles": 200,
      "success_rate": 100.0,
      "timestamp": "2025-12-26T09:34:08.366854"
    },
    {
      "symbol": "AMPUSDT",
      "status": "COMPLETED",
      "total_candles": 200,
      "processed_candles": 200,
      "success_rate": 100.0,
      "timestamp": "2025-12-26T09:34:10.449353"
    },
    {
      "symbol": "PAXGUSDT",
      "status": "COMPLETED",
      "total_candles": 200,
      "processed_candles": 200,
      "success_rate": 100.0,
      "timestamp": "2025-12-26T09:34:12.720889"
    },
    {
      "symbol": "OGUSDT",
      "status": "COMPLETED",
      "total_candles": 200,
      "processed_candles": 200,
      "success_rate": 100.0,
      "timestamp": "2025-12-26T09:34:14.711832"
    },
    {
      "symbol": "MANAUSDT",
      "status": "COMPLETED",
      "total_candles": 200,
      "processed_candles": 200,
      "success_rate": 100.0,
      "timestamp": "2025-12-26T09:34:16.876605"
    },
    {
      "symbol": "HEIUSDT",
      "status": "COMPLETED",
      "total_candles": 200,
      "processed_candles": 200,
      "success_rate": 100.0,
      "timestamp": "2025-12-26T09:34:19.038738"
    },
    {
      "symbol": "RESOLVUSDT",
      "status": "COMPLETED",
      "total_candles": 200,
      "processed_candles": 200,
      "success_rate": 100.0,
      "timestamp": "2025-12-26T09:34:20.952515"
    },
    {
      "symbol": "JOEUSDT",
      "status": "COMPLETED",
      "total_candles": 200,
      "processed_candles": 200,
      "success_rate": 100.0,
      "timestamp": "2025-12-26T09:34:23.111688"
    },
    {
      "symbol": "BMTUSDT",
      "status": "COMPLETED",
      "total_candles": 200,
      "processed_candles": 200,
      "success_rate": 100.0,
      "timestamp": "2025-12-26T09:34:25.529727"
    },
    {
      "symbol": "RPLUSDT",
      "status": "COMPLETED",
      "total_candles": 200,
      "processed_candles": 200,
      "success_rate": 100.0,
      "timestamp": "2025-12-26T09:34:28.229290"
    },
    {
      "symbol": "DGBUSDT",
      "status": "COMPLETED",
      "total_candles": 200,
      "processed_candles": 200,
      "success_rate": 100.0,
      "timestamp": "2025-12-26T09:34:30.303211"
    },
    {
      "symbol": "MITOUSDT",
      "status": "COMPLETED",
      "total_candles": 200,
      "processed_candles": 200,
      "success_rate": 100.0,
      "timestamp": "2025-12-26T09:34:33.612733"
    },
    {
      "symbol": "ASTRUSDT",
      "status": "COMPLETED",
      "total_candles": 200,
      "processed_candles": 200,
      "success_rate": 100.0,
      "timestamp": "2025-12-26T09:34:37.009119"
    },
    {
      "symbol": "TRXUSDT",
      "status": "COMPLETED",
      "total_candles": 200,
      "processed_candles": 200,
      "success_rate": 100.0,
      "timestamp": "2025-12-26T09:34:39.314909"
    },
    {
      "symbol": "UNIUSDT",
      "status": "COMPLETED",
      "total_candles": 200,
      "processed_candles": 200,
      "success_rate": 100.0,
      "timestamp": "2025-12-26T09:34:41.586768"
    },
    {
      "symbol": "MINAUSDT",
      "status": "COMPLETED",
      "total_candles": 200,
      "processed_candles": 200,
      "success_rate": 100.0,
      "timestamp": "2025-12-26T09:34:44.113250"
    },
    {
      "symbol": "MUBARAKUSDT",
      "status": "COMPLETED",
      "total_candles": 200,
      "processed_candles": 200,
      "success_rate": 100.0,
      "timestamp": "2025-12-26T09:34:46.613492"
    },
    {
      "symbol": "LDOUSDT",
      "status": "COMPLETED",
      "total_candles": 200,
      "processed_candles": 200,
      "success_rate": 100.0,
      "timestamp": "2025-12-26T09:34:49.205041"
    },
    {
      "symbol": "USDCUSDT",
      "status": "COMPLETED",
      "total_candles": 200,
      "processed_candles": 200,
      "success_rate": 100.0,
      "timestamp": "2025-12-26T09:34:51.309341"
    }
  ],
  "status": "COMPLETED"
}