{
  "block_id": 2,
  "start_time": "2025-12-24T14:57:27.904035",
  "end_time": "2025-12-24T14:57:59.388667",
  "duration_seconds": 31.484632,
  "summary": {
    "total_coins": 11,
    "coins_completed": 11,
    "coins_failed": 0,
    "coins_no_data": 0,
    "total_candles": 2200,
    "processed_candles": 2200,
    "success_rate": 100.0
  },
  "coin_results": [
    {
      "symbol": "PONDUSDT",
      "status": "COMPLETED",
      "total_candles": 200,
      "processed_candles": 200,
      "success_rate": 100.0,
      "timestamp": "2025-12-24T14:57:30.108454"
    },
    {
      "symbol": "BANANAS31USDT",
      "status": "COMPLETED",
      "total_candles": 200,
      "processed_candles": 200,
      "success_rate": 100.0,
      "timestamp": "2025-12-24T14:57:32.491033"
    },
    {
      "symbol": "OGNUSDT",
      "status": "COMPLETED",
      "total_candles": 200,
      "processed_candles": 200,
      "success_rate": 100.0,
      "timestamp": "2025-12-24T14:57:34.630598"
    },
    {
      "symbol": "RENDERUSDT",
      "status": "COMPLETED",
      "total_candles": 200,
      "processed_candles": 200,
      "success_rate": 100.0,
      "timestamp": "2025-12-24T14:57:36.616441"
    },
    {
      "symbol": "JOEUSDT",
      "status": "COMPLETED",
      "total_candles": 200,
      "processed_candles": 200,
      "success_rate": 100.0,
      "timestamp": "2025-12-24T14:57:38.749350"
    },
    {
      "symbol": "ZBTUSDT",
      "status": "COMPLETED",
      "total_candles": 200,
      "processed_candles": 200,
      "success_rate": 100.0,
      "timestamp": "2025-12-24T14:57:41.163510"
    },
    {
      "symbol": "WCTUSDT",
      "status": "COMPLETED",
      "total_candles": 200,
      "processed_candles": 200,
      "success_rate": 100.0,
      "timestamp": "2025-12-24T14:57:44.477267"
    },
    {
      "symbol": "MBOXUSDT",
      "status": "COMPLETED",
      "total_candles": 200,
      "processed_candles": 200,
      "success_rate": 100.0,
      "timestamp": "2025-12-24T14:57:48.362632"
    },
    {
      "symbol": "STOUSDT",
      "status": "COMPLETED",
      "total_candles": 200,
      "processed_candles": 200,
      "success_rate": 100.0,
      "timestamp": "2025-12-24T14:57:52.228839"
    },
    {
      "symbol": "KMNOUSDT",
      "status": "COMPLETED",
      "total_candles": 200,
      "processed_candles": 200,
      "success_rate": 100.0,
      "timestamp": "2025-12-24T14:57:56.705950"
    },
    {
      "symbol": "KSMUSDT",
      "status": "COMPLETED",
      "total_candles": 200,
      "processed_candles": 200,
      "success_rate": 100.0,
      "timestamp": "2025-12-24T14:57:59.387668"
    }
  ],
  "status": "COMPLETED"
}