{
  "block_id": 12,
  "start_time": "2025-12-26T09:51:07.691683",
  "end_time": "2025-12-26T09:53:00.568025",
  "duration_seconds": 112.876342,
  "summary": {
    "total_coins": 45,
    "coins_completed": 40,
    "coins_failed": 0,
    "coins_no_data": 5,
    "total_candles": 8000,
    "processed_candles": 8000,
    "success_rate": 100.0
  },
  "coin_results": [
    {
      "symbol": "BCHUSDT",
      "status": "COMPLETED",
      "total_candles": 200,
      "processed_candles": 200,
      "success_rate": 100.0,
      "timestamp": "2025-12-26T09:51:10.064044"
    },
    {
      "symbol": "SEIUSDT",
      "status": "COMPLETED",
      "total_candles": 200,
      "processed_candles": 200,
      "success_rate": 100.0,
      "timestamp": "2025-12-26T09:51:12.561798"
    },
    {
      "symbol": "SGBUSDT",
      "status": "NO_DATA",
      "processed": 0
    },
    {
      "symbol": "PLUMEUSDT",
      "status": "COMPLETED",
      "total_candles": 200,
      "processed_candles": 200,
      "success_rate": 100.0,
      "timestamp": "2025-12-26T09:51:15.225612"
    },
    {
      "symbol": "ETHUSDT",
      "status": "COMPLETED",
      "total_candles": 200,
      "processed_candles": 200,
      "success_rate": 100.0,
      "timestamp": "2025-12-26T09:51:18.301654"
    },
    {
      "symbol": "BANKUSDT",
      "status": "COMPLETED",
      "total_candles": 200,
      "processed_candles": 200,
      "success_rate": 100.0,
      "timestamp": "2025-12-26T09:51:21.219083"
    },
    {
      "symbol": "ADAUSDT",
      "status": "COMPLETED",
      "total_candles": 200,
      "processed_candles": 200,
      "success_rate": 100.0,
      "timestamp": "2025-12-26T09:51:23.488484"
    },
    {
      "symbol": "INJUSDT",
      "status": "COMPLETED",
      "total_candles": 200,
      "processed_candles": 200,
      "success_rate": 100.0,
      "timestamp": "2025-12-26T09:51:25.668824"
    },
    {
      "symbol": "CAKEUSDT",
      "status": "COMPLETED",
      "total_candles": 200,
      "processed_candles": 200,
      "success_rate": 100.0,
      "timestamp": "2025-12-26T09:51:28.143407"
    },
    {
      "symbol": "XTZUSDT",
      "status": "COMPLETED",
      "total_candles": 200,
      "processed_candles": 200,
      "success_rate": 100.0,
      "timestamp": "2025-12-26T09:51:30.295310"
    },
    {
      "symbol": "XUSDUSDT",
      "status": "COMPLETED",
      "total_candles": 200,
      "processed_candles": 200,
      "success_rate": 100.0,
      "timestamp": "2025-12-26T09:51:32.501494"
    },
    {
      "symbol": "BTCUSDT",
      "status": "COMPLETED",
      "total_candles": 200,
      "processed_candles": 200,
      "success_rate": 100.0,
      "timestamp": "2025-12-26T09:51:34.805156"
    },
    {
      "symbol": "BFUSDUSDT",
      "status": "COMPLETED",
      "total_candles": 200,
      "processed_candles": 200,
      "success_rate": 100.0,
      "timestamp": "2025-12-26T09:51:36.964966"
    },
    {
      "symbol": "XLMUSDT",
      "status": "COMPLETED",
      "total_candles": 200,
      "processed_candles": 200,
      "success_rate": 100.0,
      "timestamp": "2025-12-26T09:51:40.061976"
    },
    {
      "symbol": "EARNAUSDUSDT",
      "status": "NO_DATA",
      "processed": 0
    },
    {
      "symbol": "VTHOUSDT",
      "status": "COMPLETED",
      "total_candles": 200,
      "processed_candles": 200,
      "success_rate": 100.0,
      "timestamp": "2025-12-26T09:51:43.830608"
    },
    {
      "symbol": "BNTUSDT",
      "status": "COMPLETED",
      "total_candles": 200,
      "processed_candles": 200,
      "success_rate": 100.0,
      "timestamp": "2025-12-26T09:51:47.701139"
    },
    {
      "symbol": "GUNUSDT",
      "status": "COMPLETED",
      "total_candles": 200,
      "processed_candles": 200,
      "success_rate": 100.0,
      "timestamp": "2025-12-26T09:51:50.939437"
    },
    {
      "symbol": "APEUSDT",
      "status": "COMPLETED",
      "total_candles": 200,
      "processed_candles": 200,
      "success_rate": 100.0,
      "timestamp": "2025-12-26T09:51:54.344711"
    },
    {
      "symbol": "KAITOUSDT",
      "status": "COMPLETED",
      "total_candles": 200,
      "processed_candles": 200,
      "success_rate": 100.0,
      "timestamp": "2025-12-26T09:51:57.178296"
    },
    {
      "symbol": "CETUSUSDT",
      "status": "COMPLETED",
      "total_candles": 200,
      "processed_candles": 200,
      "success_rate": 100.0,
      "timestamp": "2025-12-26T09:52:00.646945"
    },
    {
      "symbol": "TAOUSDT",
      "status": "COMPLETED",
      "total_candles": 200,
      "processed_candles": 200,
      "success_rate": 100.0,
      "timestamp": "2025-12-26T09:52:04.316331"
    },
    {
      "symbol": "STOUSDT",
      "status": "COMPLETED",
      "total_candles": 200,
      "processed_candles": 200,
      "success_rate": 100.0,
      "timestamp": "2025-12-26T09:52:07.229770"
    },
    {
      "symbol": "GNSUSDT",
      "status": "COMPLETED",
      "total_candles": 200,
      "processed_candles": 200,
      "success_rate": 100.0,
      "timestamp": "2025-12-26T09:52:09.488857"
    },
    {
      "symbol": "SOPHUSDT",
      "status": "COMPLETED",
      "total_candles": 200,
      "processed_candles": 200,
      "success_rate": 100.0,
      "timestamp": "2025-12-26T09:52:12.242632"
    },
    {
      "symbol": "RLCUSDT",
      "status": "COMPLETED",
      "total_candles": 200,
      "processed_candles": 200,
      "success_rate": 100.0,
      "timestamp": "2025-12-26T09:52:14.577257"
    },
    {
      "symbol": "UMAUSDT",
      "status": "COMPLETED",
      "total_candles": 200,
      "processed_candles": 200,
      "success_rate": 100.0,
      "timestamp": "2025-12-26T09:52:17.269959"
    },
    {
      "symbol": "ACAUSDT",
      "status": "COMPLETED",
      "total_candles": 200,
      "processed_candles": 200,
      "success_rate": 100.0,
      "timestamp": "2025-12-26T09:52:20.442634"
    },
    {
      "symbol": "ZROUSDT",
      "status": "COMPLETED",
      "total_candles": 200,
      "processed_candles": 200,
      "success_rate": 100.0,
      "timestamp": "2025-12-26T09:52:23.738299"
    },
    {
      "symbol": "AERGOUSDT",
      "status": "COMPLETED",
      "total_candles": 200,
      "processed_candles": 200,
      "success_rate": 100.0,
      "timestamp": "2025-12-26T09:52:27.413010"
    },
    {
      "symbol": "ATAUSDT",
      "status": "COMPLETED",
      "total_candles": 200,
      "processed_candles": 200,
      "success_rate": 100.0,
      "timestamp": "2025-12-26T09:52:31.671330"
    },
    {
      "symbol": "RONINUSDT",
      "status": "COMPLETED",
      "total_candles": 200,
      "processed_candles": 200,
      "success_rate": 100.0,
      "timestamp": "2025-12-26T09:52:35.492273"
    },
    {
      "symbol": "AXLUSDT",
      "status": "COMPLETED",
      "total_candles": 200,
      "processed_candles": 200,
      "success_rate": 100.0,
      "timestamp": "2025-12-26T09:52:38.223614"
    },
    {
      "symbol": "SYSUSDT",
      "status": "COMPLETED",
      "total_candles": 200,
      "processed_candles": 200,
      "success_rate": 100.0,
      "timestamp": "2025-12-26T09:52:41.399018"
    },
    {
      "symbol": "LQTYUSDT",
      "status": "COMPLETED",
      "total_candles": 200,
      "processed_candles": 200,
      "success_rate": 100.0,
      "timestamp": "2025-12-26T09:52:44.151091"
    },
    {
      "symbol": "LINKUSDT",
      "status": "COMPLETED",
      "total_candles": 200,
      "processed_candles": 200,
      "success_rate": 100.0,
      "timestamp": "2025-12-26T09:52:46.631858"
    },
    {
      "symbol": "BEAMUSDT",
      "status": "COMPLETED",
      "total_candles": 200,
      "processed_candles": 200,
      "success_rate": 100.0,
      "timestamp": "2025-12-26T09:52:49.136581"
    },
    {
      "symbol": "LINEAUSDT",
      "status": "COMPLETED",
      "total_candles": 200,
      "processed_candles": 200,
      "success_rate": 100.0,
      "timestamp": "2025-12-26T09:52:51.504895"
    },
    {
      "symbol": "SAPIENUSDT",
      "status": "COMPLETED",
      "total_candles": 200,
      "processed_candles": 200,
      "success_rate": 100.0,
      "timestamp": "2025-12-26T09:52:53.796330"
    },
    {
      "symbol": "VELODROMEUSDT",
      "status": "COMPLETED",
      "total_candles": 200,
      "processed_candles": 200,
      "success_rate": 100.0,
      "timestamp": "2025-12-26T09:52:55.949426"
    },
    {
      "symbol": "ANIMEUSDT",
      "status": "COMPLETED",
      "total_candles": 200,
      "processed_candles": 200,
      "success_rate": 100.0,
      "timestamp": "2025-12-26T09:52:58.107861"
    },
    {
      "symbol": "ABUSDT",
      "status": "NO_DATA",
      "processed": 0
    },
    {
      "symbol": "DEGENUSDT",
      "status": "NO_DATA",
      "processed": 0
    },
    {
      "symbol": "GPSUSDT",
      "status": "COMPLETED",
      "total_candles": 200,
      "processed_candles": 200,
      "success_rate": 100.0,
      "timestamp": "2025-12-26T09:53:00.456824"
    },
    {
      "symbol": "AGIUSDT",
      "status": "NO_DATA",
      "processed": 0
    }
  ],
  "status": "COMPLETED"
}