{
  "block_id": 7,
  "start_time": "2025-12-24T15:05:46.772867",
  "end_time": "2025-12-24T15:06:44.510766",
  "duration_seconds": 57.737899,
  "summary": {
    "total_coins": 29,
    "coins_completed": 27,
    "coins_failed": 0,
    "coins_no_data": 2,
    "total_candles": 5400,
    "processed_candles": 5400,
    "success_rate": 100.0
  },
  "coin_results": [
    {
      "symbol": "DODOUSDT",
      "status": "COMPLETED",
      "total_candles": 200,
      "processed_candles": 200,
      "success_rate": 100.0,
      "timestamp": "2025-12-24T15:05:48.654288"
    },
    {
      "symbol": "ILVUSDT",
      "status": "COMPLETED",
      "total_candles": 200,
      "processed_candles": 200,
      "success_rate": 100.0,
      "timestamp": "2025-12-24T15:05:50.598132"
    },
    {
      "symbol": "HEMIUSDT",
      "status": "COMPLETED",
      "total_candles": 200,
      "processed_candles": 200,
      "success_rate": 100.0,
      "timestamp": "2025-12-24T15:05:52.512194"
    },
    {
      "symbol": "FTTUSDT",
      "status": "COMPLETED",
      "total_candles": 200,
      "processed_candles": 200,
      "success_rate": 100.0,
      "timestamp": "2025-12-24T15:05:54.483456"
    },
    {
      "symbol": "CUSDT",
      "status": "COMPLETED",
      "total_candles": 200,
      "processed_candles": 200,
      "success_rate": 100.0,
      "timestamp": "2025-12-24T15:05:56.480011"
    },
    {
      "symbol": "ORDIUSDT",
      "status": "COMPLETED",
      "total_candles": 200,
      "processed_candles": 200,
      "success_rate": 100.0,
      "timestamp": "2025-12-24T15:05:58.458435"
    },
    {
      "symbol": "SKLUSDT",
      "status": "COMPLETED",
      "total_candles": 200,
      "processed_candles": 200,
      "success_rate": 100.0,
      "timestamp": "2025-12-24T15:06:00.546416"
    },
    {
      "symbol": "JSTUSDT",
      "status": "COMPLETED",
      "total_candles": 200,
      "processed_candles": 200,
      "success_rate": 100.0,
      "timestamp": "2025-12-24T15:06:02.682078"
    },
    {
      "symbol": "AIUSDT",
      "status": "COMPLETED",
      "total_candles": 200,
      "processed_candles": 200,
      "success_rate": 100.0,
      "timestamp": "2025-12-24T15:06:04.989114"
    },
    {
      "symbol": "TURBOUSDT",
      "status": "COMPLETED",
      "total_candles": 200,
      "processed_candles": 200,
      "success_rate": 100.0,
      "timestamp": "2025-12-24T15:06:07.070528"
    },
    {
      "symbol": "GPSUSDT",
      "status": "COMPLETED",
      "total_candles": 200,
      "processed_candles": 200,
      "success_rate": 100.0,
      "timestamp": "2025-12-24T15:06:09.168584"
    },
    {
      "symbol": "DYDXUSDT",
      "status": "COMPLETED",
      "total_candles": 200,
      "processed_candles": 200,
      "success_rate": 100.0,
      "timestamp": "2025-12-24T15:06:11.228469"
    },
    {
      "symbol": "CHZUSDT",
      "status": "COMPLETED",
      "total_candles": 200,
      "processed_candles": 200,
      "success_rate": 100.0,
      "timestamp": "2025-12-24T15:06:13.349047"
    },
    {
      "symbol": "WIFUSDT",
      "status": "COMPLETED",
      "total_candles": 200,
      "processed_candles": 200,
      "success_rate": 100.0,
      "timestamp": "2025-12-24T15:06:15.535332"
    },
    {
      "symbol": "RIFUSDT",
      "status": "COMPLETED",
      "total_candles": 200,
      "processed_candles": 200,
      "success_rate": 100.0,
      "timestamp": "2025-12-24T15:06:17.610323"
    },
    {
      "symbol": "BANANAUSDT",
      "status": "COMPLETED",
      "total_candles": 200,
      "processed_candles": 200,
      "success_rate": 100.0,
      "timestamp": "2025-12-24T15:06:19.531393"
    },
    {
      "symbol": "ATAUSDT",
      "status": "COMPLETED",
      "total_candles": 200,
      "processed_candles": 200,
      "success_rate": 100.0,
      "timestamp": "2025-12-24T15:06:21.629432"
    },
    {
      "symbol": "MAGICUSDT",
      "status": "COMPLETED",
      "total_candles": 200,
      "processed_candles": 200,
      "success_rate": 100.0,
      "timestamp": "2025-12-24T15:06:23.739632"
    },
    {
      "symbol": "SPKUSDT",
      "status": "COMPLETED",
      "total_candles": 200,
      "processed_candles": 200,
      "success_rate": 100.0,
      "timestamp": "2025-12-24T15:06:26.052588"
    },
    {
      "symbol": "SNTUSDT",
      "status": "COMPLETED",
      "total_candles": 200,
      "processed_candles": 200,
      "success_rate": 100.0,
      "timestamp": "2025-12-24T15:06:28.272613"
    },
    {
      "symbol": "TRUUSDT",
      "status": "COMPLETED",
      "total_candles": 200,
      "processed_candles": 200,
      "success_rate": 100.0,
      "timestamp": "2025-12-24T15:06:30.224539"
    },
    {
      "symbol": "UDSUSDT",
      "status": "NO_DATA",
      "processed": 0
    },
    {
      "symbol": "DGBUSDT",
      "status": "COMPLETED",
      "total_candles": 200,
      "processed_candles": 200,
      "success_rate": 100.0,
      "timestamp": "2025-12-24T15:06:32.306235"
    },
    {
      "symbol": "MNGOUSDT",
      "status": "NO_DATA",
      "processed": 0
    },
    {
      "symbol": "YGGUSDT",
      "status": "COMPLETED",
      "total_candles": 200,
      "processed_candles": 200,
      "success_rate": 100.0,
      "timestamp": "2025-12-24T15:06:34.375184"
    },
    {
      "symbol": "PENDLEUSDT",
      "status": "COMPLETED",
      "total_candles": 200,
      "processed_candles": 200,
      "success_rate": 100.0,
      "timestamp": "2025-12-24T15:06:36.305567"
    },
    {
      "symbol": "EIGENUSDT",
      "status": "COMPLETED",
      "total_candles": 200,
      "processed_candles": 200,
      "success_rate": 100.0,
      "timestamp": "2025-12-24T15:06:38.491374"
    },
    {
      "symbol": "BARDUSDT",
      "status": "COMPLETED",
      "total_candles": 200,
      "processed_candles": 200,
      "success_rate": 100.0,
      "timestamp": "2025-12-24T15:06:42.082373"
    },
    {
      "symbol": "PIVXUSDT",
      "status": "COMPLETED",
      "total_candles": 200,
      "processed_candles": 200,
      "success_rate": 100.0,
      "timestamp": "2025-12-24T15:06:44.510766"
    }
  ],
  "status": "COMPLETED"
}