{
  "block_id": 15,
  "start_time": "2025-12-24T15:17:40.400283",
  "end_time": "2025-12-24T15:17:42.546288",
  "duration_seconds": 2.146005,
  "summary": {
    "total_coins": 1,
    "coins_completed": 1,
    "coins_failed": 0,
    "coins_no_data": 0,
    "total_candles": 200,
    "processed_candles": 200,
    "success_rate": 100.0
  },
  "coin_results": [
    {
      "symbol": "PYTHUSDT",
      "status": "COMPLETED",
      "total_candles": 200,
      "processed_candles": 200,
      "success_rate": 100.0,
      "timestamp": "2025-12-24T15:17:42.545285"
    }
  ],
  "status": "COMPLETED"
}