{
  "block_id": 10,
  "start_time": "2025-12-24T15:09:54.767607",
  "end_time": "2025-12-24T15:11:30.146325",
  "duration_seconds": 95.378718,
  "summary": {
    "total_coins": 40,
    "coins_completed": 37,
    "coins_failed": 0,
    "coins_no_data": 3,
    "total_candles": 7400,
    "processed_candles": 7400,
    "success_rate": 100.0
  },
  "coin_results": [
    {
      "symbol": "BEAMXUSDT",
      "status": "COMPLETED",
      "total_candles": 200,
      "processed_candles": 200,
      "success_rate": 100.0,
      "timestamp": "2025-12-24T15:09:57.083423"
    },
    {
      "symbol": "TRXUSDT",
      "status": "COMPLETED",
      "total_candles": 200,
      "processed_candles": 200,
      "success_rate": 100.0,
      "timestamp": "2025-12-24T15:09:59.424271"
    },
    {
      "symbol": "SYSUSDT",
      "status": "COMPLETED",
      "total_candles": 200,
      "processed_candles": 200,
      "success_rate": 100.0,
      "timestamp": "2025-12-24T15:10:02.005727"
    },
    {
      "symbol": "COWUSDT",
      "status": "COMPLETED",
      "total_candles": 200,
      "processed_candles": 200,
      "success_rate": 100.0,
      "timestamp": "2025-12-24T15:10:04.841430"
    },
    {
      "symbol": "SGBUSDT",
      "status": "NO_DATA",
      "processed": 0
    },
    {
      "symbol": "MBXUSDT",
      "status": "NO_DATA",
      "processed": 0
    },
    {
      "symbol": "KAIAUSDT",
      "status": "COMPLETED",
      "total_candles": 200,
      "processed_candles": 200,
      "success_rate": 100.0,
      "timestamp": "2025-12-24T15:10:07.633368"
    },
    {
      "symbol": "IDUSDT",
      "status": "COMPLETED",
      "total_candles": 200,
      "processed_candles": 200,
      "success_rate": 100.0,
      "timestamp": "2025-12-24T15:10:10.271473"
    },
    {
      "symbol": "SOLVUSDT",
      "status": "COMPLETED",
      "total_candles": 200,
      "processed_candles": 200,
      "success_rate": 100.0,
      "timestamp": "2025-12-24T15:10:12.656113"
    },
    {
      "symbol": "CKBUSDT",
      "status": "COMPLETED",
      "total_candles": 200,
      "processed_candles": 200,
      "success_rate": 100.0,
      "timestamp": "2025-12-24T15:10:14.969700"
    },
    {
      "symbol": "HFTUSDT",
      "status": "COMPLETED",
      "total_candles": 200,
      "processed_candles": 200,
      "success_rate": 100.0,
      "timestamp": "2025-12-24T15:10:17.279158"
    },
    {
      "symbol": "PHAUSDT",
      "status": "COMPLETED",
      "total_candles": 200,
      "processed_candles": 200,
      "success_rate": 100.0,
      "timestamp": "2025-12-24T15:10:19.797344"
    },
    {
      "symbol": "ACAUSDT",
      "status": "COMPLETED",
      "total_candles": 200,
      "processed_candles": 200,
      "success_rate": 100.0,
      "timestamp": "2025-12-24T15:10:22.416603"
    },
    {
      "symbol": "QNTUSDT",
      "status": "COMPLETED",
      "total_candles": 200,
      "processed_candles": 200,
      "success_rate": 100.0,
      "timestamp": "2025-12-24T15:10:24.981506"
    },
    {
      "symbol": "SCRTUSDT",
      "status": "COMPLETED",
      "total_candles": 200,
      "processed_candles": 200,
      "success_rate": 100.0,
      "timestamp": "2025-12-24T15:10:27.933402"
    },
    {
      "symbol": "GUSDT",
      "status": "COMPLETED",
      "total_candles": 200,
      "processed_candles": 200,
      "success_rate": 100.0,
      "timestamp": "2025-12-24T15:10:31.075198"
    },
    {
      "symbol": "AUDIOUSDT",
      "status": "COMPLETED",
      "total_candles": 200,
      "processed_candles": 200,
      "success_rate": 100.0,
      "timestamp": "2025-12-24T15:10:35.517120"
    },
    {
      "symbol": "NEARUSDT",
      "status": "COMPLETED",
      "total_candles": 200,
      "processed_candles": 200,
      "success_rate": 100.0,
      "timestamp": "2025-12-24T15:10:40.160320"
    },
    {
      "symbol": "CETUSUSDT",
      "status": "COMPLETED",
      "total_candles": 200,
      "processed_candles": 200,
      "success_rate": 100.0,
      "timestamp": "2025-12-24T15:10:42.220404"
    },
    {
      "symbol": "FLUXUSDT",
      "status": "COMPLETED",
      "total_candles": 200,
      "processed_candles": 200,
      "success_rate": 100.0,
      "timestamp": "2025-12-24T15:10:44.163089"
    },
    {
      "symbol": "VIRTUALUSDT",
      "status": "COMPLETED",
      "total_candles": 200,
      "processed_candles": 200,
      "success_rate": 100.0,
      "timestamp": "2025-12-24T15:10:46.283955"
    },
    {
      "symbol": "SUSHIUSDT",
      "status": "COMPLETED",
      "total_candles": 200,
      "processed_candles": 200,
      "success_rate": 100.0,
      "timestamp": "2025-12-24T15:10:48.642262"
    },
    {
      "symbol": "XVSUSDT",
      "status": "COMPLETED",
      "total_candles": 200,
      "processed_candles": 200,
      "success_rate": 100.0,
      "timestamp": "2025-12-24T15:10:51.027267"
    },
    {
      "symbol": "MIRAUSDT",
      "status": "COMPLETED",
      "total_candles": 200,
      "processed_candles": 200,
      "success_rate": 100.0,
      "timestamp": "2025-12-24T15:10:53.317089"
    },
    {
      "symbol": "SAGAUSDT",
      "status": "COMPLETED",
      "total_candles": 200,
      "processed_candles": 200,
      "success_rate": 100.0,
      "timestamp": "2025-12-24T15:10:55.408975"
    },
    {
      "symbol": "COMPUSDT",
      "status": "COMPLETED",
      "total_candles": 200,
      "processed_candles": 200,
      "success_rate": 100.0,
      "timestamp": "2025-12-24T15:10:58.164056"
    },
    {
      "symbol": "HOOKUSDT",
      "status": "COMPLETED",
      "total_candles": 200,
      "processed_candles": 200,
      "success_rate": 100.0,
      "timestamp": "2025-12-24T15:11:00.870337"
    },
    {
      "symbol": "SADUSDT",
      "status": "NO_DATA",
      "processed": 0
    },
    {
      "symbol": "ACTUSDT",
      "status": "COMPLETED",
      "total_candles": 200,
      "processed_candles": 200,
      "success_rate": 100.0,
      "timestamp": "2025-12-24T15:11:03.704251"
    },
    {
      "symbol": "BATUSDT",
      "status": "COMPLETED",
      "total_candles": 200,
      "processed_candles": 200,
      "success_rate": 100.0,
      "timestamp": "2025-12-24T15:11:05.935568"
    },
    {
      "symbol": "REQUSDT",
      "status": "COMPLETED",
      "total_candles": 200,
      "processed_candles": 200,
      "success_rate": 100.0,
      "timestamp": "2025-12-24T15:11:08.367135"
    },
    {
      "symbol": "APTUSDT",
      "status": "COMPLETED",
      "total_candles": 200,
      "processed_candles": 200,
      "success_rate": 100.0,
      "timestamp": "2025-12-24T15:11:10.832787"
    },
    {
      "symbol": "ATUSDT",
      "status": "COMPLETED",
      "total_candles": 200,
      "processed_candles": 200,
      "success_rate": 100.0,
      "timestamp": "2025-12-24T15:11:13.427910"
    },
    {
      "symbol": "GMXUSDT",
      "status": "COMPLETED",
      "total_candles": 200,
      "processed_candles": 200,
      "success_rate": 100.0,
      "timestamp": "2025-12-24T15:11:16.070266"
    },
    {
      "symbol": "ALTUSDT",
      "status": "COMPLETED",
      "total_candles": 200,
      "processed_candles": 200,
      "success_rate": 100.0,
      "timestamp": "2025-12-24T15:11:18.474915"
    },
    {
      "symbol": "XPLUSDT",
      "status": "COMPLETED",
      "total_candles": 200,
      "processed_candles": 200,
      "success_rate": 100.0,
      "timestamp": "2025-12-24T15:11:20.963820"
    },
    {
      "symbol": "MBLUSDT",
      "status": "COMPLETED",
      "total_candles": 200,
      "processed_candles": 200,
      "success_rate": 100.0,
      "timestamp": "2025-12-24T15:11:23.287841"
    },
    {
      "symbol": "RLCUSDT",
      "status": "COMPLETED",
      "total_candles": 200,
      "processed_candles": 200,
      "success_rate": 100.0,
      "timestamp": "2025-12-24T15:11:25.520335"
    },
    {
      "symbol": "ADXUSDT",
      "status": "COMPLETED",
      "total_candles": 200,
      "processed_candles": 200,
      "success_rate": 100.0,
      "timestamp": "2025-12-24T15:11:27.659984"
    },
    {
      "symbol": "YFIUSDT",
      "status": "COMPLETED",
      "total_candles": 200,
      "processed_candles": 200,
      "success_rate": 100.0,
      "timestamp": "2025-12-24T15:11:30.146325"
    }
  ],
  "status": "COMPLETED"
}