{
  "block_id": 8,
  "start_time": "2025-12-25T22:53:14.070540",
  "end_time": "2025-12-25T22:54:01.945595",
  "duration_seconds": 47.875055,
  "summary": {
    "total_coins": 23,
    "coins_completed": 22,
    "coins_failed": 0,
    "coins_no_data": 1,
    "total_candles": 4400,
    "processed_candles": 4400,
    "success_rate": 100.0
  },
  "coin_results": [
    {
      "symbol": "SAPIENUSDT",
      "status": "COMPLETED",
      "total_candles": 200,
      "processed_candles": 200,
      "success_rate": 100.0,
      "timestamp": "2025-12-25T22:53:15.836339"
    },
    {
      "symbol": "JUVUSDT",
      "status": "COMPLETED",
      "total_candles": 200,
      "processed_candles": 200,
      "success_rate": 100.0,
      "timestamp": "2025-12-25T22:53:17.768895"
    },
    {
      "symbol": "SNXUSDT",
      "status": "COMPLETED",
      "total_candles": 200,
      "processed_candles": 200,
      "success_rate": 100.0,
      "timestamp": "2025-12-25T22:53:19.570979"
    },
    {
      "symbol": "ELFUSDT",
      "status": "COMPLETED",
      "total_candles": 200,
      "processed_candles": 200,
      "success_rate": 100.0,
      "timestamp": "2025-12-25T22:53:21.829374"
    },
    {
      "symbol": "SGBUSDT",
      "status": "NO_DATA",
      "processed": 0
    },
    {
      "symbol": "SYNUSDT",
      "status": "COMPLETED",
      "total_candles": 200,
      "processed_candles": 200,
      "success_rate": 100.0,
      "timestamp": "2025-12-25T22:53:24.806558"
    },
    {
      "symbol": "GLMUSDT",
      "status": "COMPLETED",
      "total_candles": 200,
      "processed_candles": 200,
      "success_rate": 100.0,
      "timestamp": "2025-12-25T22:53:28.503398"
    },
    {
      "symbol": "AMPUSDT",
      "status": "COMPLETED",
      "total_candles": 200,
      "processed_candles": 200,
      "success_rate": 100.0,
      "timestamp": "2025-12-25T22:53:32.480051"
    },
    {
      "symbol": "TONUSDT",
      "status": "COMPLETED",
      "total_candles": 200,
      "processed_candles": 200,
      "success_rate": 100.0,
      "timestamp": "2025-12-25T22:53:34.528413"
    },
    {
      "symbol": "IOSTUSDT",
      "status": "COMPLETED",
      "total_candles": 200,
      "processed_candles": 200,
      "success_rate": 100.0,
      "timestamp": "2025-12-25T22:53:36.456114"
    },
    {
      "symbol": "EULUSDT",
      "status": "COMPLETED",
      "total_candles": 200,
      "processed_candles": 200,
      "success_rate": 100.0,
      "timestamp": "2025-12-25T22:53:38.365557"
    },
    {
      "symbol": "KAIAUSDT",
      "status": "COMPLETED",
      "total_candles": 200,
      "processed_candles": 200,
      "success_rate": 100.0,
      "timestamp": "2025-12-25T22:53:40.262988"
    },
    {
      "symbol": "ALLOUSDT",
      "status": "COMPLETED",
      "total_candles": 200,
      "processed_candles": 200,
      "success_rate": 100.0,
      "timestamp": "2025-12-25T22:53:42.322395"
    },
    {
      "symbol": "PENGUUSDT",
      "status": "COMPLETED",
      "total_candles": 200,
      "processed_candles": 200,
      "success_rate": 100.0,
      "timestamp": "2025-12-25T22:53:44.234214"
    },
    {
      "symbol": "DEGOUSDT",
      "status": "COMPLETED",
      "total_candles": 200,
      "processed_candles": 200,
      "success_rate": 100.0,
      "timestamp": "2025-12-25T22:53:46.141538"
    },
    {
      "symbol": "GNOUSDT",
      "status": "COMPLETED",
      "total_candles": 200,
      "processed_candles": 200,
      "success_rate": 100.0,
      "timestamp": "2025-12-25T22:53:48.115474"
    },
    {
      "symbol": "QNTUSDT",
      "status": "COMPLETED",
      "total_candles": 200,
      "processed_candles": 200,
      "success_rate": 100.0,
      "timestamp": "2025-12-25T22:53:50.083660"
    },
    {
      "symbol": "PAXGUSDT",
      "status": "COMPLETED",
      "total_candles": 200,
      "processed_candles": 200,
      "success_rate": 100.0,
      "timestamp": "2025-12-25T22:53:52.017292"
    },
    {
      "symbol": "ADXUSDT",
      "status": "COMPLETED",
      "total_candles": 200,
      "processed_candles": 200,
      "success_rate": 100.0,
      "timestamp": "2025-12-25T22:53:53.927584"
    },
    {
      "symbol": "SOLUSDT",
      "status": "COMPLETED",
      "total_candles": 200,
      "processed_candles": 200,
      "success_rate": 100.0,
      "timestamp": "2025-12-25T22:53:55.932165"
    },
    {
      "symbol": "LPTUSDT",
      "status": "COMPLETED",
      "total_candles": 200,
      "processed_candles": 200,
      "success_rate": 100.0,
      "timestamp": "2025-12-25T22:53:57.898725"
    },
    {
      "symbol": "OSMOUSDT",
      "status": "COMPLETED",
      "total_candles": 200,
      "processed_candles": 200,
      "success_rate": 100.0,
      "timestamp": "2025-12-25T22:53:59.926283"
    },
    {
      "symbol": "AIXBTUSDT",
      "status": "COMPLETED",
      "total_candles": 200,
      "processed_candles": 200,
      "success_rate": 100.0,
      "timestamp": "2025-12-25T22:54:01.944594"
    }
  ],
  "status": "COMPLETED"
}