{
  "block_id": 1,
  "start_time": "2025-12-24T13:36:19.733620",
  "end_time": "2025-12-24T13:37:13.879071",
  "duration_seconds": 54.145451,
  "summary": {
    "total_coins": 23,
    "coins_completed": 23,
    "coins_failed": 0,
    "coins_no_data": 0,
    "total_candles": 4600,
    "processed_candles": 4600,
    "success_rate": 100.0
  },
  "coin_results": [
    {
      "symbol": "NTRNUSDT",
      "status": "COMPLETED",
      "total_candles": 200,
      "processed_candles": 200,
      "success_rate": 100.0,
      "timestamp": "2025-12-24T13:36:22.239188"
    },
    {
      "symbol": "GALAUSDT",
      "status": "COMPLETED",
      "total_candles": 200,
      "processed_candles": 200,
      "success_rate": 100.0,
      "timestamp": "2025-12-24T13:36:24.424033"
    },
    {
      "symbol": "OGUSDT",
      "status": "COMPLETED",
      "total_candles": 200,
      "processed_candles": 200,
      "success_rate": 100.0,
      "timestamp": "2025-12-24T13:36:26.794233"
    },
    {
      "symbol": "NEOUSDT",
      "status": "COMPLETED",
      "total_candles": 200,
      "processed_candles": 200,
      "success_rate": 100.0,
      "timestamp": "2025-12-24T13:36:28.830906"
    },
    {
      "symbol": "REDUSDT",
      "status": "COMPLETED",
      "total_candles": 200,
      "processed_candles": 200,
      "success_rate": 100.0,
      "timestamp": "2025-12-24T13:36:30.869999"
    },
    {
      "symbol": "JASMYUSDT",
      "status": "COMPLETED",
      "total_candles": 200,
      "processed_candles": 200,
      "success_rate": 100.0,
      "timestamp": "2025-12-24T13:36:33.072080"
    },
    {
      "symbol": "TIAUSDT",
      "status": "COMPLETED",
      "total_candles": 200,
      "processed_candles": 200,
      "success_rate": 100.0,
      "timestamp": "2025-12-24T13:36:35.691189"
    },
    {
      "symbol": "WLFIUSDT",
      "status": "COMPLETED",
      "total_candles": 200,
      "processed_candles": 200,
      "success_rate": 100.0,
      "timestamp": "2025-12-24T13:36:38.393038"
    },
    {
      "symbol": "ACHUSDT",
      "status": "COMPLETED",
      "total_candles": 200,
      "processed_candles": 200,
      "success_rate": 100.0,
      "timestamp": "2025-12-24T13:36:41.964910"
    },
    {
      "symbol": "DCRUSDT",
      "status": "COMPLETED",
      "total_candles": 200,
      "processed_candles": 200,
      "success_rate": 100.0,
      "timestamp": "2025-12-24T13:36:45.433373"
    },
    {
      "symbol": "AIXBTUSDT",
      "status": "COMPLETED",
      "total_candles": 200,
      "processed_candles": 200,
      "success_rate": 100.0,
      "timestamp": "2025-12-24T13:36:47.669931"
    },
    {
      "symbol": "BARUSDT",
      "status": "COMPLETED",
      "total_candles": 200,
      "processed_candles": 200,
      "success_rate": 100.0,
      "timestamp": "2025-12-24T13:36:49.944606"
    },
    {
      "symbol": "LISTAUSDT",
      "status": "COMPLETED",
      "total_candles": 200,
      "processed_candles": 200,
      "success_rate": 100.0,
      "timestamp": "2025-12-24T13:36:52.092490"
    },
    {
      "symbol": "MINAUSDT",
      "status": "COMPLETED",
      "total_candles": 200,
      "processed_candles": 200,
      "success_rate": 100.0,
      "timestamp": "2025-12-24T13:36:54.334754"
    },
    {
      "symbol": "CATIUSDT",
      "status": "COMPLETED",
      "total_candles": 200,
      "processed_candles": 200,
      "success_rate": 100.0,
      "timestamp": "2025-12-24T13:36:56.508265"
    },
    {
      "symbol": "GLMUSDT",
      "status": "COMPLETED",
      "total_candles": 200,
      "processed_candles": 200,
      "success_rate": 100.0,
      "timestamp": "2025-12-24T13:36:58.779925"
    },
    {
      "symbol": "BNTUSDT",
      "status": "COMPLETED",
      "total_candles": 200,
      "processed_candles": 200,
      "success_rate": 100.0,
      "timestamp": "2025-12-24T13:37:00.839635"
    },
    {
      "symbol": "SAPIENUSDT",
      "status": "COMPLETED",
      "total_candles": 200,
      "processed_candles": 200,
      "success_rate": 100.0,
      "timestamp": "2025-12-24T13:37:03.010767"
    },
    {
      "symbol": "TRBUSDT",
      "status": "COMPLETED",
      "total_candles": 200,
      "processed_candles": 200,
      "success_rate": 100.0,
      "timestamp": "2025-12-24T13:37:05.019860"
    },
    {
      "symbol": "QKCUSDT",
      "status": "COMPLETED",
      "total_candles": 200,
      "processed_candles": 200,
      "success_rate": 100.0,
      "timestamp": "2025-12-24T13:37:06.971217"
    },
    {
      "symbol": "ICXUSDT",
      "status": "COMPLETED",
      "total_candles": 200,
      "processed_candles": 200,
      "success_rate": 100.0,
      "timestamp": "2025-12-24T13:37:08.968359"
    },
    {
      "symbol": "BTCUSDT",
      "status": "COMPLETED",
      "total_candles": 200,
      "processed_candles": 200,
      "success_rate": 100.0,
      "timestamp": "2025-12-24T13:37:10.995024"
    },
    {
      "symbol": "GRTUSDT",
      "status": "COMPLETED",
      "total_candles": 200,
      "processed_candles": 200,
      "success_rate": 100.0,
      "timestamp": "2025-12-24T13:37:13.878072"
    }
  ],
  "status": "COMPLETED"
}