{
  "block_id": 2,
  "start_time": "2025-12-27T22:32:43.775030",
  "end_time": "2025-12-27T22:33:26.139368",
  "duration_seconds": 42.364338,
  "summary": {
    "total_coins": 28,
    "coins_completed": 27,
    "coins_failed": 0,
    "coins_no_data": 1,
    "total_candles": 5400,
    "processed_candles": 2727,
    "success_rate": 50.5
  },
  "coin_results": [
    {
      "symbol": "MEUSDT",
      "status": "COMPLETED",
      "total_candles": 200,
      "processed_candles": 101,
      "success_rate": 50.5,
      "timestamp": "2025-12-27T22:32:45.177507"
    },
    {
      "symbol": "XAIUSDT",
      "status": "COMPLETED",
      "total_candles": 200,
      "processed_candles": 101,
      "success_rate": 50.5,
      "timestamp": "2025-12-27T22:32:46.801618"
    },
    {
      "symbol": "KMNOUSDT",
      "status": "COMPLETED",
      "total_candles": 200,
      "processed_candles": 101,
      "success_rate": 50.5,
      "timestamp": "2025-12-27T22:32:48.465349"
    },
    {
      "symbol": "WAVESUSDT",
      "status": "COMPLETED",
      "total_candles": 200,
      "processed_candles": 101,
      "success_rate": 50.5,
      "timestamp": "2025-12-27T22:32:50.048048"
    },
    {
      "symbol": "DUSDT",
      "status": "COMPLETED",
      "total_candles": 200,
      "processed_candles": 101,
      "success_rate": 50.5,
      "timestamp": "2025-12-27T22:32:51.649721"
    },
    {
      "symbol": "REDUSDT",
      "status": "COMPLETED",
      "total_candles": 200,
      "processed_candles": 101,
      "success_rate": 50.5,
      "timestamp": "2025-12-27T22:32:53.766929"
    },
    {
      "symbol": "ICPUSDT",
      "status": "COMPLETED",
      "total_candles": 200,
      "processed_candles": 101,
      "success_rate": 50.5,
      "timestamp": "2025-12-27T22:32:55.283056"
    },
    {
      "symbol": "BBUSDT",
      "status": "COMPLETED",
      "total_candles": 200,
      "processed_candles": 101,
      "success_rate": 50.5,
      "timestamp": "2025-12-27T22:32:56.760738"
    },
    {
      "symbol": "QUICKUSDT",
      "status": "COMPLETED",
      "total_candles": 200,
      "processed_candles": 101,
      "success_rate": 50.5,
      "timestamp": "2025-12-27T22:32:58.346519"
    },
    {
      "symbol": "RAREUSDT",
      "status": "COMPLETED",
      "total_candles": 200,
      "processed_candles": 101,
      "success_rate": 50.5,
      "timestamp": "2025-12-27T22:32:59.990827"
    },
    {
      "symbol": "TRUUSDT",
      "status": "COMPLETED",
      "total_candles": 200,
      "processed_candles": 101,
      "success_rate": 50.5,
      "timestamp": "2025-12-27T22:33:01.538416"
    },
    {
      "symbol": "CVXUSDT",
      "status": "COMPLETED",
      "total_candles": 200,
      "processed_candles": 101,
      "success_rate": 50.5,
      "timestamp": "2025-12-27T22:33:03.160854"
    },
    {
      "symbol": "POLYXUSDT",
      "status": "COMPLETED",
      "total_candles": 200,
      "processed_candles": 101,
      "success_rate": 50.5,
      "timestamp": "2025-12-27T22:33:04.639017"
    },
    {
      "symbol": "IQUSDT",
      "status": "COMPLETED",
      "total_candles": 200,
      "processed_candles": 101,
      "success_rate": 50.5,
      "timestamp": "2025-12-27T22:33:06.151660"
    },
    {
      "symbol": "MNGOUSDT",
      "status": "NO_DATA",
      "processed": 0
    },
    {
      "symbol": "EPICUSDT",
      "status": "COMPLETED",
      "total_candles": 200,
      "processed_candles": 101,
      "success_rate": 50.5,
      "timestamp": "2025-12-27T22:33:07.744863"
    },
    {
      "symbol": "ATUSDT",
      "status": "COMPLETED",
      "total_candles": 200,
      "processed_candles": 101,
      "success_rate": 50.5,
      "timestamp": "2025-12-27T22:33:09.389789"
    },
    {
      "symbol": "STEEMUSDT",
      "status": "COMPLETED",
      "total_candles": 200,
      "processed_candles": 101,
      "success_rate": 50.5,
      "timestamp": "2025-12-27T22:33:10.829321"
    },
    {
      "symbol": "SOMIUSDT",
      "status": "COMPLETED",
      "total_candles": 200,
      "processed_candles": 101,
      "success_rate": 50.5,
      "timestamp": "2025-12-27T22:33:12.327692"
    },
    {
      "symbol": "TFUELUSDT",
      "status": "COMPLETED",
      "total_candles": 200,
      "processed_candles": 101,
      "success_rate": 50.5,
      "timestamp": "2025-12-27T22:33:13.904840"
    },
    {
      "symbol": "PORTALUSDT",
      "status": "COMPLETED",
      "total_candles": 200,
      "processed_candles": 101,
      "success_rate": 50.5,
      "timestamp": "2025-12-27T22:33:15.472638"
    },
    {
      "symbol": "PSGUSDT",
      "status": "COMPLETED",
      "total_candles": 200,
      "processed_candles": 101,
      "success_rate": 50.5,
      "timestamp": "2025-12-27T22:33:17.017633"
    },
    {
      "symbol": "DCRUSDT",
      "status": "COMPLETED",
      "total_candles": 200,
      "processed_candles": 101,
      "success_rate": 50.5,
      "timestamp": "2025-12-27T22:33:18.519137"
    },
    {
      "symbol": "ACHUSDT",
      "status": "COMPLETED",
      "total_candles": 200,
      "processed_candles": 101,
      "success_rate": 50.5,
      "timestamp": "2025-12-27T22:33:20.002437"
    },
    {
      "symbol": "TWTUSDT",
      "status": "COMPLETED",
      "total_candles": 200,
      "processed_candles": 101,
      "success_rate": 50.5,
      "timestamp": "2025-12-27T22:33:21.607988"
    },
    {
      "symbol": "NMRUSDT",
      "status": "COMPLETED",
      "total_candles": 200,
      "processed_candles": 101,
      "success_rate": 50.5,
      "timestamp": "2025-12-27T22:33:23.109541"
    },
    {
      "symbol": "SHELLUSDT",
      "status": "COMPLETED",
      "total_candles": 200,
      "processed_candles": 101,
      "success_rate": 50.5,
      "timestamp": "2025-12-27T22:33:24.578332"
    },
    {
      "symbol": "FXSUSDT",
      "status": "COMPLETED",
      "total_candles": 200,
      "processed_candles": 101,
      "success_rate": 50.5,
      "timestamp": "2025-12-27T22:33:26.139368"
    }
  ],
  "status": "COMPLETED"
}