{
  "block_id": 2,
  "start_time": "2025-12-25T22:37:06.982669",
  "end_time": "2025-12-25T22:37:46.139489",
  "duration_seconds": 39.15682,
  "summary": {
    "total_coins": 19,
    "coins_completed": 18,
    "coins_failed": 0,
    "coins_no_data": 1,
    "total_candles": 3600,
    "processed_candles": 3600,
    "success_rate": 100.0
  },
  "coin_results": [
    {
      "symbol": "ROSEUSDT",
      "status": "COMPLETED",
      "total_candles": 200,
      "processed_candles": 200,
      "success_rate": 100.0,
      "timestamp": "2025-12-25T22:37:08.672999"
    },
    {
      "symbol": "ORDIUSDT",
      "status": "COMPLETED",
      "total_candles": 200,
      "processed_candles": 200,
      "success_rate": 100.0,
      "timestamp": "2025-12-25T22:37:10.626198"
    },
    {
      "symbol": "UMAUSDT",
      "status": "COMPLETED",
      "total_candles": 200,
      "processed_candles": 200,
      "success_rate": 100.0,
      "timestamp": "2025-12-25T22:37:12.391345"
    },
    {
      "symbol": "DODOUSDT",
      "status": "COMPLETED",
      "total_candles": 200,
      "processed_candles": 200,
      "success_rate": 100.0,
      "timestamp": "2025-12-25T22:37:14.772591"
    },
    {
      "symbol": "CATIUSDT",
      "status": "COMPLETED",
      "total_candles": 200,
      "processed_candles": 200,
      "success_rate": 100.0,
      "timestamp": "2025-12-25T22:37:16.682386"
    },
    {
      "symbol": "BANDUSDT",
      "status": "COMPLETED",
      "total_candles": 200,
      "processed_candles": 200,
      "success_rate": 100.0,
      "timestamp": "2025-12-25T22:37:18.586376"
    },
    {
      "symbol": "IOUSDT",
      "status": "COMPLETED",
      "total_candles": 200,
      "processed_candles": 200,
      "success_rate": 100.0,
      "timestamp": "2025-12-25T22:37:20.454571"
    },
    {
      "symbol": "LQTYUSDT",
      "status": "COMPLETED",
      "total_candles": 200,
      "processed_candles": 200,
      "success_rate": 100.0,
      "timestamp": "2025-12-25T22:37:22.294726"
    },
    {
      "symbol": "NIZAUSDT",
      "status": "NO_DATA",
      "processed": 0
    },
    {
      "symbol": "BARUSDT",
      "status": "COMPLETED",
      "total_candles": 200,
      "processed_candles": 200,
      "success_rate": 100.0,
      "timestamp": "2025-12-25T22:37:25.346705"
    },
    {
      "symbol": "THETAUSDT",
      "status": "COMPLETED",
      "total_candles": 200,
      "processed_candles": 200,
      "success_rate": 100.0,
      "timestamp": "2025-12-25T22:37:29.025232"
    },
    {
      "symbol": "LSKUSDT",
      "status": "COMPLETED",
      "total_candles": 200,
      "processed_candles": 200,
      "success_rate": 100.0,
      "timestamp": "2025-12-25T22:37:32.846667"
    },
    {
      "symbol": "USD1USDT",
      "status": "COMPLETED",
      "total_candles": 200,
      "processed_candles": 200,
      "success_rate": 100.0,
      "timestamp": "2025-12-25T22:37:34.779490"
    },
    {
      "symbol": "DFUSDT",
      "status": "COMPLETED",
      "total_candles": 200,
      "processed_candles": 200,
      "success_rate": 100.0,
      "timestamp": "2025-12-25T22:37:36.584488"
    },
    {
      "symbol": "LAUSDT",
      "status": "COMPLETED",
      "total_candles": 200,
      "processed_candles": 200,
      "success_rate": 100.0,
      "timestamp": "2025-12-25T22:37:38.515750"
    },
    {
      "symbol": "OGNUSDT",
      "status": "COMPLETED",
      "total_candles": 200,
      "processed_candles": 200,
      "success_rate": 100.0,
      "timestamp": "2025-12-25T22:37:40.467549"
    },
    {
      "symbol": "ZKCUSDT",
      "status": "COMPLETED",
      "total_candles": 200,
      "processed_candles": 200,
      "success_rate": 100.0,
      "timestamp": "2025-12-25T22:37:42.333152"
    },
    {
      "symbol": "STRKUSDT",
      "status": "COMPLETED",
      "total_candles": 200,
      "processed_candles": 200,
      "success_rate": 100.0,
      "timestamp": "2025-12-25T22:37:44.283577"
    },
    {
      "symbol": "FLOWUSDT",
      "status": "COMPLETED",
      "total_candles": 200,
      "processed_candles": 200,
      "success_rate": 100.0,
      "timestamp": "2025-12-25T22:37:46.139489"
    }
  ],
  "status": "COMPLETED"
}