{
  "block_id": 1,
  "start_time": "2025-12-25T22:35:28.921893",
  "end_time": "2025-12-25T22:36:05.212045",
  "duration_seconds": 36.290152,
  "summary": {
    "total_coins": 15,
    "coins_completed": 15,
    "coins_failed": 0,
    "coins_no_data": 0,
    "total_candles": 3000,
    "processed_candles": 3000,
    "success_rate": 100.0
  },
  "coin_results": [
    {
      "symbol": "ANIMEUSDT",
      "status": "COMPLETED",
      "total_candles": 200,
      "processed_candles": 200,
      "success_rate": 100.0,
      "timestamp": "2025-12-25T22:35:30.773215"
    },
    {
      "symbol": "AUCTIONUSDT",
      "status": "COMPLETED",
      "total_candles": 200,
      "processed_candles": 200,
      "success_rate": 100.0,
      "timestamp": "2025-12-25T22:35:32.618248"
    },
    {
      "symbol": "KITEUSDT",
      "status": "COMPLETED",
      "total_candles": 200,
      "processed_candles": 200,
      "success_rate": 100.0,
      "timestamp": "2025-12-25T22:35:36.039080"
    },
    {
      "symbol": "GASUSDT",
      "status": "COMPLETED",
      "total_candles": 200,
      "processed_candles": 200,
      "success_rate": 100.0,
      "timestamp": "2025-12-25T22:35:39.414792"
    },
    {
      "symbol": "GTCUSDT",
      "status": "COMPLETED",
      "total_candles": 200,
      "processed_candles": 200,
      "success_rate": 100.0,
      "timestamp": "2025-12-25T22:35:41.437425"
    },
    {
      "symbol": "PSGUSDT",
      "status": "COMPLETED",
      "total_candles": 200,
      "processed_candles": 200,
      "success_rate": 100.0,
      "timestamp": "2025-12-25T22:35:43.507203"
    },
    {
      "symbol": "DCRUSDT",
      "status": "COMPLETED",
      "total_candles": 200,
      "processed_candles": 200,
      "success_rate": 100.0,
      "timestamp": "2025-12-25T22:35:45.656537"
    },
    {
      "symbol": "WAXPUSDT",
      "status": "COMPLETED",
      "total_candles": 200,
      "processed_candles": 200,
      "success_rate": 100.0,
      "timestamp": "2025-12-25T22:35:47.836557"
    },
    {
      "symbol": "BARDUSDT",
      "status": "COMPLETED",
      "total_candles": 200,
      "processed_candles": 200,
      "success_rate": 100.0,
      "timestamp": "2025-12-25T22:35:49.765319"
    },
    {
      "symbol": "REDUSDT",
      "status": "COMPLETED",
      "total_candles": 200,
      "processed_candles": 200,
      "success_rate": 100.0,
      "timestamp": "2025-12-25T22:35:51.801779"
    },
    {
      "symbol": "JTOUSDT",
      "status": "COMPLETED",
      "total_candles": 200,
      "processed_candles": 200,
      "success_rate": 100.0,
      "timestamp": "2025-12-25T22:35:53.823706"
    },
    {
      "symbol": "SCRTUSDT",
      "status": "COMPLETED",
      "total_candles": 200,
      "processed_candles": 200,
      "success_rate": 100.0,
      "timestamp": "2025-12-25T22:35:55.746775"
    },
    {
      "symbol": "RAYUSDT",
      "status": "COMPLETED",
      "total_candles": 200,
      "processed_candles": 200,
      "success_rate": 100.0,
      "timestamp": "2025-12-25T22:35:58.454210"
    },
    {
      "symbol": "NEXOUSDT",
      "status": "COMPLETED",
      "total_candles": 200,
      "processed_candles": 200,
      "success_rate": 100.0,
      "timestamp": "2025-12-25T22:36:02.084994"
    },
    {
      "symbol": "ACXUSDT",
      "status": "COMPLETED",
      "total_candles": 200,
      "processed_candles": 200,
      "success_rate": 100.0,
      "timestamp": "2025-12-25T22:36:05.211045"
    }
  ],
  "status": "COMPLETED"
}