{
  "block_id": 1,
  "start_time": "2025-12-23T19:43:27.171038",
  "end_time": "2025-12-23T19:43:55.217971",
  "duration_seconds": 28.046933,
  "summary": {
    "total_coins": 23,
    "coins_completed": 23,
    "coins_failed": 0,
    "coins_no_data": 0,
    "total_candles": 2300,
    "processed_candles": 2300,
    "success_rate": 100.0
  },
  "coin_results": [
    {
      "symbol": "NTRNUSDT",
      "status": "COMPLETED",
      "total_candles": 100,
      "processed_candles": 100,
      "success_rate": 100.0,
      "timestamp": "2025-12-23T19:43:28.250450"
    },
    {
      "symbol": "GALAUSDT",
      "status": "COMPLETED",
      "total_candles": 100,
      "processed_candles": 100,
      "success_rate": 100.0,
      "timestamp": "2025-12-23T19:43:29.336164"
    },
    {
      "symbol": "OGUSDT",
      "status": "COMPLETED",
      "total_candles": 100,
      "processed_candles": 100,
      "success_rate": 100.0,
      "timestamp": "2025-12-23T19:43:30.675720"
    },
    {
      "symbol": "NEOUSDT",
      "status": "COMPLETED",
      "total_candles": 100,
      "processed_candles": 100,
      "success_rate": 100.0,
      "timestamp": "2025-12-23T19:43:31.726534"
    },
    {
      "symbol": "REDUSDT",
      "status": "COMPLETED",
      "total_candles": 100,
      "processed_candles": 100,
      "success_rate": 100.0,
      "timestamp": "2025-12-23T19:43:33.133296"
    },
    {
      "symbol": "JASMYUSDT",
      "status": "COMPLETED",
      "total_candles": 100,
      "processed_candles": 100,
      "success_rate": 100.0,
      "timestamp": "2025-12-23T19:43:35.104511"
    },
    {
      "symbol": "TIAUSDT",
      "status": "COMPLETED",
      "total_candles": 100,
      "processed_candles": 100,
      "success_rate": 100.0,
      "timestamp": "2025-12-23T19:43:36.578077"
    },
    {
      "symbol": "WLFIUSDT",
      "status": "COMPLETED",
      "total_candles": 100,
      "processed_candles": 100,
      "success_rate": 100.0,
      "timestamp": "2025-12-23T19:43:37.675494"
    },
    {
      "symbol": "ACHUSDT",
      "status": "COMPLETED",
      "total_candles": 100,
      "processed_candles": 100,
      "success_rate": 100.0,
      "timestamp": "2025-12-23T19:43:38.859133"
    },
    {
      "symbol": "DCRUSDT",
      "status": "COMPLETED",
      "total_candles": 100,
      "processed_candles": 100,
      "success_rate": 100.0,
      "timestamp": "2025-12-23T19:43:40.110114"
    },
    {
      "symbol": "AIXBTUSDT",
      "status": "COMPLETED",
      "total_candles": 100,
      "processed_candles": 100,
      "success_rate": 100.0,
      "timestamp": "2025-12-23T19:43:41.344831"
    },
    {
      "symbol": "BARUSDT",
      "status": "COMPLETED",
      "total_candles": 100,
      "processed_candles": 100,
      "success_rate": 100.0,
      "timestamp": "2025-12-23T19:43:42.438963"
    },
    {
      "symbol": "LISTAUSDT",
      "status": "COMPLETED",
      "total_candles": 100,
      "processed_candles": 100,
      "success_rate": 100.0,
      "timestamp": "2025-12-23T19:43:43.666724"
    },
    {
      "symbol": "MINAUSDT",
      "status": "COMPLETED",
      "total_candles": 100,
      "processed_candles": 100,
      "success_rate": 100.0,
      "timestamp": "2025-12-23T19:43:44.764668"
    },
    {
      "symbol": "CATIUSDT",
      "status": "COMPLETED",
      "total_candles": 100,
      "processed_candles": 100,
      "success_rate": 100.0,
      "timestamp": "2025-12-23T19:43:45.859337"
    },
    {
      "symbol": "GLMUSDT",
      "status": "COMPLETED",
      "total_candles": 100,
      "processed_candles": 100,
      "success_rate": 100.0,
      "timestamp": "2025-12-23T19:43:47.029897"
    },
    {
      "symbol": "BNTUSDT",
      "status": "COMPLETED",
      "total_candles": 100,
      "processed_candles": 100,
      "success_rate": 100.0,
      "timestamp": "2025-12-23T19:43:48.101951"
    },
    {
      "symbol": "SAPIENUSDT",
      "status": "COMPLETED",
      "total_candles": 100,
      "processed_candles": 100,
      "success_rate": 100.0,
      "timestamp": "2025-12-23T19:43:49.326755"
    },
    {
      "symbol": "TRBUSDT",
      "status": "COMPLETED",
      "total_candles": 100,
      "processed_candles": 100,
      "success_rate": 100.0,
      "timestamp": "2025-12-23T19:43:50.449325"
    },
    {
      "symbol": "QKCUSDT",
      "status": "COMPLETED",
      "total_candles": 100,
      "processed_candles": 100,
      "success_rate": 100.0,
      "timestamp": "2025-12-23T19:43:51.748729"
    },
    {
      "symbol": "ICXUSDT",
      "status": "COMPLETED",
      "total_candles": 100,
      "processed_candles": 100,
      "success_rate": 100.0,
      "timestamp": "2025-12-23T19:43:52.892577"
    },
    {
      "symbol": "BTCUSDT",
      "status": "COMPLETED",
      "total_candles": 100,
      "processed_candles": 100,
      "success_rate": 100.0,
      "timestamp": "2025-12-23T19:43:53.948319"
    },
    {
      "symbol": "GRTUSDT",
      "status": "COMPLETED",
      "total_candles": 100,
      "processed_candles": 100,
      "success_rate": 100.0,
      "timestamp": "2025-12-23T19:43:55.217971"
    }
  ],
  "status": "COMPLETED"
}