{
  "block_id": 11,
  "start_time": "2025-12-25T23:03:53.737083",
  "end_time": "2025-12-25T23:04:44.619745",
  "duration_seconds": 50.882662,
  "summary": {
    "total_coins": 28,
    "coins_completed": 26,
    "coins_failed": 0,
    "coins_no_data": 2,
    "total_candles": 5200,
    "processed_candles": 5200,
    "success_rate": 100.0
  },
  "coin_results": [
    {
      "symbol": "BEAMUSDT",
      "status": "COMPLETED",
      "total_candles": 200,
      "processed_candles": 200,
      "success_rate": 100.0,
      "timestamp": "2025-12-25T23:03:55.534151"
    },
    {
      "symbol": "AXLUSDT",
      "status": "COMPLETED",
      "total_candles": 200,
      "processed_candles": 200,
      "success_rate": 100.0,
      "timestamp": "2025-12-25T23:03:57.312237"
    },
    {
      "symbol": "INUSDT",
      "status": "NO_DATA",
      "processed": 0
    },
    {
      "symbol": "UTKUSDT",
      "status": "COMPLETED",
      "total_candles": 200,
      "processed_candles": 200,
      "success_rate": 100.0,
      "timestamp": "2025-12-25T23:03:59.312541"
    },
    {
      "symbol": "ALTUSDT",
      "status": "COMPLETED",
      "total_candles": 200,
      "processed_candles": 200,
      "success_rate": 100.0,
      "timestamp": "2025-12-25T23:04:01.254695"
    },
    {
      "symbol": "JUPUSDT",
      "status": "COMPLETED",
      "total_candles": 200,
      "processed_candles": 200,
      "success_rate": 100.0,
      "timestamp": "2025-12-25T23:04:03.124182"
    },
    {
      "symbol": "DOGEUSDT",
      "status": "COMPLETED",
      "total_candles": 200,
      "processed_candles": 200,
      "success_rate": 100.0,
      "timestamp": "2025-12-25T23:04:05.005077"
    },
    {
      "symbol": "A2ZUSDT",
      "status": "COMPLETED",
      "total_candles": 200,
      "processed_candles": 200,
      "success_rate": 100.0,
      "timestamp": "2025-12-25T23:04:06.827850"
    },
    {
      "symbol": "ONTUSDT",
      "status": "COMPLETED",
      "total_candles": 200,
      "processed_candles": 200,
      "success_rate": 100.0,
      "timestamp": "2025-12-25T23:04:08.697954"
    },
    {
      "symbol": "AEVOUSDT",
      "status": "COMPLETED",
      "total_candles": 200,
      "processed_candles": 200,
      "success_rate": 100.0,
      "timestamp": "2025-12-25T23:04:10.542093"
    },
    {
      "symbol": "ERAUSDT",
      "status": "COMPLETED",
      "total_candles": 200,
      "processed_candles": 200,
      "success_rate": 100.0,
      "timestamp": "2025-12-25T23:04:12.314685"
    },
    {
      "symbol": "GIGGLEUSDT",
      "status": "COMPLETED",
      "total_candles": 200,
      "processed_candles": 200,
      "success_rate": 100.0,
      "timestamp": "2025-12-25T23:04:14.208141"
    },
    {
      "symbol": "AUDIOUSDT",
      "status": "COMPLETED",
      "total_candles": 200,
      "processed_candles": 200,
      "success_rate": 100.0,
      "timestamp": "2025-12-25T23:04:16.132849"
    },
    {
      "symbol": "CHRUSDT",
      "status": "COMPLETED",
      "total_candles": 200,
      "processed_candles": 200,
      "success_rate": 100.0,
      "timestamp": "2025-12-25T23:04:17.925796"
    },
    {
      "symbol": "UNIUSDT",
      "status": "COMPLETED",
      "total_candles": 200,
      "processed_candles": 200,
      "success_rate": 100.0,
      "timestamp": "2025-12-25T23:04:19.748419"
    },
    {
      "symbol": "MBOXUSDT",
      "status": "COMPLETED",
      "total_candles": 200,
      "processed_candles": 200,
      "success_rate": 100.0,
      "timestamp": "2025-12-25T23:04:21.652018"
    },
    {
      "symbol": "OGUSDT",
      "status": "COMPLETED",
      "total_candles": 200,
      "processed_candles": 200,
      "success_rate": 100.0,
      "timestamp": "2025-12-25T23:04:23.534467"
    },
    {
      "symbol": "EDUUSDT",
      "status": "COMPLETED",
      "total_candles": 200,
      "processed_candles": 200,
      "success_rate": 100.0,
      "timestamp": "2025-12-25T23:04:25.391776"
    },
    {
      "symbol": "DYDXUSDT",
      "status": "COMPLETED",
      "total_candles": 200,
      "processed_candles": 200,
      "success_rate": 100.0,
      "timestamp": "2025-12-25T23:04:27.240778"
    },
    {
      "symbol": "HOLOUSDT",
      "status": "COMPLETED",
      "total_candles": 200,
      "processed_candles": 200,
      "success_rate": 100.0,
      "timestamp": "2025-12-25T23:04:29.154578"
    },
    {
      "symbol": "CHZUSDT",
      "status": "COMPLETED",
      "total_candles": 200,
      "processed_candles": 200,
      "success_rate": 100.0,
      "timestamp": "2025-12-25T23:04:31.123213"
    },
    {
      "symbol": "TURTLEUSDT",
      "status": "COMPLETED",
      "total_candles": 200,
      "processed_candles": 200,
      "success_rate": 100.0,
      "timestamp": "2025-12-25T23:04:32.990044"
    },
    {
      "symbol": "NILUSDT",
      "status": "COMPLETED",
      "total_candles": 200,
      "processed_candles": 200,
      "success_rate": 100.0,
      "timestamp": "2025-12-25T23:04:34.900692"
    },
    {
      "symbol": "FOLKSUSDT",
      "status": "NO_DATA",
      "processed": 0
    },
    {
      "symbol": "SSVUSDT",
      "status": "COMPLETED",
      "total_candles": 200,
      "processed_candles": 200,
      "success_rate": 100.0,
      "timestamp": "2025-12-25T23:04:36.989172"
    },
    {
      "symbol": "CRVUSDT",
      "status": "COMPLETED",
      "total_candles": 200,
      "processed_candles": 200,
      "success_rate": 100.0,
      "timestamp": "2025-12-25T23:04:38.950247"
    },
    {
      "symbol": "JASMYUSDT",
      "status": "COMPLETED",
      "total_candles": 200,
      "processed_candles": 200,
      "success_rate": 100.0,
      "timestamp": "2025-12-25T23:04:40.978753"
    },
    {
      "symbol": "HOOKUSDT",
      "status": "COMPLETED",
      "total_candles": 200,
      "processed_candles": 200,
      "success_rate": 100.0,
      "timestamp": "2025-12-25T23:04:44.619745"
    }
  ],
  "status": "COMPLETED"
}