{
  "block_id": 6,
  "start_time": "2025-12-25T22:48:34.396773",
  "end_time": "2025-12-25T22:49:20.962039",
  "duration_seconds": 46.565266,
  "summary": {
    "total_coins": 21,
    "coins_completed": 19,
    "coins_failed": 0,
    "coins_no_data": 2,
    "total_candles": 3800,
    "processed_candles": 3800,
    "success_rate": 100.0
  },
  "coin_results": [
    {
      "symbol": "SCRUSDT",
      "status": "COMPLETED",
      "total_candles": 200,
      "processed_candles": 200,
      "success_rate": 100.0,
      "timestamp": "2025-12-25T22:48:36.266697"
    },
    {
      "symbol": "COOKIEUSDT",
      "status": "COMPLETED",
      "total_candles": 200,
      "processed_candles": 200,
      "success_rate": 100.0,
      "timestamp": "2025-12-25T22:48:38.247623"
    },
    {
      "symbol": "MINAUSDT",
      "status": "COMPLETED",
      "total_candles": 200,
      "processed_candles": 200,
      "success_rate": 100.0,
      "timestamp": "2025-12-25T22:48:40.317033"
    },
    {
      "symbol": "HFTUSDT",
      "status": "COMPLETED",
      "total_candles": 200,
      "processed_candles": 200,
      "success_rate": 100.0,
      "timestamp": "2025-12-25T22:48:42.366451"
    },
    {
      "symbol": "CYBERUSDT",
      "status": "COMPLETED",
      "total_candles": 200,
      "processed_candles": 200,
      "success_rate": 100.0,
      "timestamp": "2025-12-25T22:48:44.406901"
    },
    {
      "symbol": "MELANIAUSDT",
      "status": "NO_DATA",
      "processed": 0
    },
    {
      "symbol": "RSRUSDT",
      "status": "COMPLETED",
      "total_candles": 200,
      "processed_candles": 200,
      "success_rate": 100.0,
      "timestamp": "2025-12-25T22:48:46.440513"
    },
    {
      "symbol": "DIAUSDT",
      "status": "COMPLETED",
      "total_candles": 200,
      "processed_candles": 200,
      "success_rate": 100.0,
      "timestamp": "2025-12-25T22:48:48.493062"
    },
    {
      "symbol": "PORTOUSDT",
      "status": "COMPLETED",
      "total_candles": 200,
      "processed_candles": 200,
      "success_rate": 100.0,
      "timestamp": "2025-12-25T22:48:50.605421"
    },
    {
      "symbol": "ONDOUSDT",
      "status": "COMPLETED",
      "total_candles": 200,
      "processed_candles": 200,
      "success_rate": 100.0,
      "timestamp": "2025-12-25T22:48:53.095431"
    },
    {
      "symbol": "RADUSDT",
      "status": "COMPLETED",
      "total_candles": 200,
      "processed_candles": 200,
      "success_rate": 100.0,
      "timestamp": "2025-12-25T22:48:56.660847"
    },
    {
      "symbol": "EPICUSDT",
      "status": "COMPLETED",
      "total_candles": 200,
      "processed_candles": 200,
      "success_rate": 100.0,
      "timestamp": "2025-12-25T22:49:00.169707"
    },
    {
      "symbol": "BICOUSDT",
      "status": "COMPLETED",
      "total_candles": 200,
      "processed_candles": 200,
      "success_rate": 100.0,
      "timestamp": "2025-12-25T22:49:02.219881"
    },
    {
      "symbol": "ABUSDT",
      "status": "NO_DATA",
      "processed": 0
    },
    {
      "symbol": "ALPINEUSDT",
      "status": "COMPLETED",
      "total_candles": 200,
      "processed_candles": 200,
      "success_rate": 100.0,
      "timestamp": "2025-12-25T22:49:04.324024"
    },
    {
      "symbol": "KAITOUSDT",
      "status": "COMPLETED",
      "total_candles": 200,
      "processed_candles": 200,
      "success_rate": 100.0,
      "timestamp": "2025-12-25T22:49:06.601369"
    },
    {
      "symbol": "PENDLEUSDT",
      "status": "COMPLETED",
      "total_candles": 200,
      "processed_candles": 200,
      "success_rate": 100.0,
      "timestamp": "2025-12-25T22:49:09.876260"
    },
    {
      "symbol": "GUSDT",
      "status": "COMPLETED",
      "total_candles": 200,
      "processed_candles": 200,
      "success_rate": 100.0,
      "timestamp": "2025-12-25T22:49:13.539362"
    },
    {
      "symbol": "XUSDUSDT",
      "status": "COMPLETED",
      "total_candles": 200,
      "processed_candles": 200,
      "success_rate": 100.0,
      "timestamp": "2025-12-25T22:49:16.825368"
    },
    {
      "symbol": "CAKEUSDT",
      "status": "COMPLETED",
      "total_candles": 200,
      "processed_candles": 200,
      "success_rate": 100.0,
      "timestamp": "2025-12-25T22:49:18.887299"
    },
    {
      "symbol": "FUNUSDT",
      "status": "COMPLETED",
      "total_candles": 200,
      "processed_candles": 200,
      "success_rate": 100.0,
      "timestamp": "2025-12-25T22:49:20.962039"
    }
  ],
  "status": "COMPLETED"
}