{
  "block_id": 14,
  "start_time": "2025-12-25T23:11:32.980222",
  "end_time": "2025-12-25T23:12:08.494882",
  "duration_seconds": 35.51466,
  "summary": {
    "total_coins": 17,
    "coins_completed": 16,
    "coins_failed": 0,
    "coins_no_data": 1,
    "total_candles": 3200,
    "processed_candles": 3200,
    "success_rate": 100.0
  },
  "coin_results": [
    {
      "symbol": "DUSKUSDT",
      "status": "COMPLETED",
      "total_candles": 200,
      "processed_candles": 200,
      "success_rate": 100.0,
      "timestamp": "2025-12-25T23:11:34.754742"
    },
    {
      "symbol": "RDNTUSDT",
      "status": "COMPLETED",
      "total_candles": 200,
      "processed_candles": 200,
      "success_rate": 100.0,
      "timestamp": "2025-12-25T23:11:36.529007"
    },
    {
      "symbol": "NOMUSDT",
      "status": "COMPLETED",
      "total_candles": 200,
      "processed_candles": 200,
      "success_rate": 100.0,
      "timestamp": "2025-12-25T23:11:38.399871"
    },
    {
      "symbol": "BBUSDT",
      "status": "COMPLETED",
      "total_candles": 200,
      "processed_candles": 200,
      "success_rate": 100.0,
      "timestamp": "2025-12-25T23:11:40.358424"
    },
    {
      "symbol": "WAVESUSDT",
      "status": "COMPLETED",
      "total_candles": 200,
      "processed_candles": 200,
      "success_rate": 100.0,
      "timestamp": "2025-12-25T23:11:42.221331"
    },
    {
      "symbol": "ILVUSDT",
      "status": "COMPLETED",
      "total_candles": 200,
      "processed_candles": 200,
      "success_rate": 100.0,
      "timestamp": "2025-12-25T23:11:44.119219"
    },
    {
      "symbol": "ATMUSDT",
      "status": "COMPLETED",
      "total_candles": 200,
      "processed_candles": 200,
      "success_rate": 100.0,
      "timestamp": "2025-12-25T23:11:47.169574"
    },
    {
      "symbol": "AAVEUSDT",
      "status": "COMPLETED",
      "total_candles": 200,
      "processed_candles": 200,
      "success_rate": 100.0,
      "timestamp": "2025-12-25T23:11:50.090288"
    },
    {
      "symbol": "TRBUSDT",
      "status": "COMPLETED",
      "total_candles": 200,
      "processed_candles": 200,
      "success_rate": 100.0,
      "timestamp": "2025-12-25T23:11:53.600535"
    },
    {
      "symbol": "ACHUSDT",
      "status": "COMPLETED",
      "total_candles": 200,
      "processed_candles": 200,
      "success_rate": 100.0,
      "timestamp": "2025-12-25T23:11:57.119718"
    },
    {
      "symbol": "GMXUSDT",
      "status": "COMPLETED",
      "total_candles": 200,
      "processed_candles": 200,
      "success_rate": 100.0,
      "timestamp": "2025-12-25T23:11:59.049546"
    },
    {
      "symbol": "MBXUSDT",
      "status": "NO_DATA",
      "processed": 0
    },
    {
      "symbol": "NKNUSDT",
      "status": "COMPLETED",
      "total_candles": 200,
      "processed_candles": 200,
      "success_rate": 100.0,
      "timestamp": "2025-12-25T23:12:01.039074"
    },
    {
      "symbol": "AGLDUSDT",
      "status": "COMPLETED",
      "total_candles": 200,
      "processed_candles": 200,
      "success_rate": 100.0,
      "timestamp": "2025-12-25T23:12:02.887185"
    },
    {
      "symbol": "SNTUSDT",
      "status": "COMPLETED",
      "total_candles": 200,
      "processed_candles": 200,
      "success_rate": 100.0,
      "timestamp": "2025-12-25T23:12:04.831288"
    },
    {
      "symbol": "YFIUSDT",
      "status": "COMPLETED",
      "total_candles": 200,
      "processed_candles": 200,
      "success_rate": 100.0,
      "timestamp": "2025-12-25T23:12:06.676554"
    },
    {
      "symbol": "YBUSDT",
      "status": "COMPLETED",
      "total_candles": 200,
      "processed_candles": 200,
      "success_rate": 100.0,
      "timestamp": "2025-12-25T23:12:08.494882"
    }
  ],
  "status": "COMPLETED"
}