{
  "block_id": 8,
  "start_time": "2025-12-24T15:07:04.397877",
  "end_time": "2025-12-24T15:08:12.168462",
  "duration_seconds": 67.770585,
  "summary": {
    "total_coins": 29,
    "coins_completed": 26,
    "coins_failed": 0,
    "coins_no_data": 3,
    "total_candles": 5200,
    "processed_candles": 5200,
    "success_rate": 100.0
  },
  "coin_results": [
    {
      "symbol": "IOUSDT",
      "status": "COMPLETED",
      "total_candles": 200,
      "processed_candles": 200,
      "success_rate": 100.0,
      "timestamp": "2025-12-24T15:07:06.343800"
    },
    {
      "symbol": "WUSDT",
      "status": "COMPLETED",
      "total_candles": 200,
      "processed_candles": 200,
      "success_rate": 100.0,
      "timestamp": "2025-12-24T15:07:08.323344"
    },
    {
      "symbol": "NOSUSDT",
      "status": "NO_DATA",
      "processed": 0
    },
    {
      "symbol": "LPTUSDT",
      "status": "COMPLETED",
      "total_candles": 200,
      "processed_candles": 200,
      "success_rate": 100.0,
      "timestamp": "2025-12-24T15:07:10.376159"
    },
    {
      "symbol": "RESOLVUSDT",
      "status": "COMPLETED",
      "total_candles": 200,
      "processed_candles": 200,
      "success_rate": 100.0,
      "timestamp": "2025-12-24T15:07:12.346888"
    },
    {
      "symbol": "HAEDALUSDT",
      "status": "COMPLETED",
      "total_candles": 200,
      "processed_candles": 200,
      "success_rate": 100.0,
      "timestamp": "2025-12-24T15:07:14.561696"
    },
    {
      "symbol": "INUSDT",
      "status": "NO_DATA",
      "processed": 0
    },
    {
      "symbol": "AXLUSDT",
      "status": "COMPLETED",
      "total_candles": 200,
      "processed_candles": 200,
      "success_rate": 100.0,
      "timestamp": "2025-12-24T15:07:17.079758"
    },
    {
      "symbol": "ZENUSDT",
      "status": "COMPLETED",
      "total_candles": 200,
      "processed_candles": 200,
      "success_rate": 100.0,
      "timestamp": "2025-12-24T15:07:20.957175"
    },
    {
      "symbol": "ETH+USDT",
      "status": "NO_DATA",
      "processed": 0
    },
    {
      "symbol": "XMRUSDT",
      "status": "COMPLETED",
      "total_candles": 200,
      "processed_candles": 200,
      "success_rate": 100.0,
      "timestamp": "2025-12-24T15:07:24.375284"
    },
    {
      "symbol": "PORTOUSDT",
      "status": "COMPLETED",
      "total_candles": 200,
      "processed_candles": 200,
      "success_rate": 100.0,
      "timestamp": "2025-12-24T15:07:26.612602"
    },
    {
      "symbol": "SFPUSDT",
      "status": "COMPLETED",
      "total_candles": 200,
      "processed_candles": 200,
      "success_rate": 100.0,
      "timestamp": "2025-12-24T15:07:29.006686"
    },
    {
      "symbol": "ALLOUSDT",
      "status": "COMPLETED",
      "total_candles": 200,
      "processed_candles": 200,
      "success_rate": 100.0,
      "timestamp": "2025-12-24T15:07:31.261405"
    },
    {
      "symbol": "BMTUSDT",
      "status": "COMPLETED",
      "total_candles": 200,
      "processed_candles": 200,
      "success_rate": 100.0,
      "timestamp": "2025-12-24T15:07:33.371342"
    },
    {
      "symbol": "SOLUSDT",
      "status": "COMPLETED",
      "total_candles": 200,
      "processed_candles": 200,
      "success_rate": 100.0,
      "timestamp": "2025-12-24T15:07:35.588974"
    },
    {
      "symbol": "OPUSDT",
      "status": "COMPLETED",
      "total_candles": 200,
      "processed_candles": 200,
      "success_rate": 100.0,
      "timestamp": "2025-12-24T15:07:38.083479"
    },
    {
      "symbol": "STEEMUSDT",
      "status": "COMPLETED",
      "total_candles": 200,
      "processed_candles": 200,
      "success_rate": 100.0,
      "timestamp": "2025-12-24T15:07:41.262586"
    },
    {
      "symbol": "CTSIUSDT",
      "status": "COMPLETED",
      "total_candles": 200,
      "processed_candles": 200,
      "success_rate": 100.0,
      "timestamp": "2025-12-24T15:07:45.485264"
    },
    {
      "symbol": "SYRUPUSDT",
      "status": "COMPLETED",
      "total_candles": 200,
      "processed_candles": 200,
      "success_rate": 100.0,
      "timestamp": "2025-12-24T15:07:47.975586"
    },
    {
      "symbol": "FFUSDT",
      "status": "COMPLETED",
      "total_candles": 200,
      "processed_candles": 200,
      "success_rate": 100.0,
      "timestamp": "2025-12-24T15:07:50.426338"
    },
    {
      "symbol": "TWTUSDT",
      "status": "COMPLETED",
      "total_candles": 200,
      "processed_candles": 200,
      "success_rate": 100.0,
      "timestamp": "2025-12-24T15:07:52.711048"
    },
    {
      "symbol": "XRPUSDT",
      "status": "COMPLETED",
      "total_candles": 200,
      "processed_candles": 200,
      "success_rate": 100.0,
      "timestamp": "2025-12-24T15:07:54.792007"
    },
    {
      "symbol": "LUNAUSDT",
      "status": "COMPLETED",
      "total_candles": 200,
      "processed_candles": 200,
      "success_rate": 100.0,
      "timestamp": "2025-12-24T15:07:57.122601"
    },
    {
      "symbol": "MEUSDT",
      "status": "COMPLETED",
      "total_candles": 200,
      "processed_candles": 200,
      "success_rate": 100.0,
      "timestamp": "2025-12-24T15:07:59.483114"
    },
    {
      "symbol": "VELODROMEUSDT",
      "status": "COMPLETED",
      "total_candles": 200,
      "processed_candles": 200,
      "success_rate": 100.0,
      "timestamp": "2025-12-24T15:08:02.422277"
    },
    {
      "symbol": "AERGOUSDT",
      "status": "COMPLETED",
      "total_candles": 200,
      "processed_candles": 200,
      "success_rate": 100.0,
      "timestamp": "2025-12-24T15:08:05.674314"
    },
    {
      "symbol": "KERNELUSDT",
      "status": "COMPLETED",
      "total_candles": 200,
      "processed_candles": 200,
      "success_rate": 100.0,
      "timestamp": "2025-12-24T15:08:09.153676"
    },
    {
      "symbol": "AVAXUSDT",
      "status": "COMPLETED",
      "total_candles": 200,
      "processed_candles": 200,
      "success_rate": 100.0,
      "timestamp": "2025-12-24T15:08:12.168462"
    }
  ],
  "status": "COMPLETED"
}