{
  "block_id": 14,
  "start_time": "2025-12-26T09:56:51.725423",
  "end_time": "2025-12-26T09:57:13.368549",
  "duration_seconds": 21.643126,
  "summary": {
    "total_coins": 7,
    "coins_completed": 7,
    "coins_failed": 0,
    "coins_no_data": 0,
    "total_candles": 1400,
    "processed_candles": 1400,
    "success_rate": 100.0
  },
  "coin_results": [
    {
      "symbol": "PEOPLEUSDT",
      "status": "COMPLETED",
      "total_candles": 200,
      "processed_candles": 200,
      "success_rate": 100.0,
      "timestamp": "2025-12-26T09:56:54.652257"
    },
    {
      "symbol": "RVNUSDT",
      "status": "COMPLETED",
      "total_candles": 200,
      "processed_candles": 200,
      "success_rate": 100.0,
      "timestamp": "2025-12-26T09:56:57.330796"
    },
    {
      "symbol": "AUSDT",
      "status": "COMPLETED",
      "total_candles": 200,
      "processed_candles": 200,
      "success_rate": 100.0,
      "timestamp": "2025-12-26T09:57:01.489197"
    },
    {
      "symbol": "MMTUSDT",
      "status": "COMPLETED",
      "total_candles": 200,
      "processed_candles": 200,
      "success_rate": 100.0,
      "timestamp": "2025-12-26T09:57:05.044980"
    },
    {
      "symbol": "VETUSDT",
      "status": "COMPLETED",
      "total_candles": 200,
      "processed_candles": 200,
      "success_rate": 100.0,
      "timestamp": "2025-12-26T09:57:08.127624"
    },
    {
      "symbol": "ENSUSDT",
      "status": "COMPLETED",
      "total_candles": 200,
      "processed_candles": 200,
      "success_rate": 100.0,
      "timestamp": "2025-12-26T09:57:10.780671"
    },
    {
      "symbol": "TSTUSDT",
      "status": "COMPLETED",
      "total_candles": 200,
      "processed_candles": 200,
      "success_rate": 100.0,
      "timestamp": "2025-12-26T09:57:13.368549"
    }
  ],
  "status": "COMPLETED"
}