{
  "block_id": 14,
  "start_time": "2025-12-24T15:16:05.725835",
  "end_time": "2025-12-24T15:16:56.234285",
  "duration_seconds": 50.50845,
  "summary": {
    "total_coins": 23,
    "coins_completed": 23,
    "coins_failed": 0,
    "coins_no_data": 0,
    "total_candles": 4600,
    "processed_candles": 4600,
    "success_rate": 100.0
  },
  "coin_results": [
    {
      "symbol": "PAXGUSDT",
      "status": "COMPLETED",
      "total_candles": 200,
      "processed_candles": 200,
      "success_rate": 100.0,
      "timestamp": "2025-12-24T15:16:07.645208"
    },
    {
      "symbol": "METISUSDT",
      "status": "COMPLETED",
      "total_candles": 200,
      "processed_candles": 200,
      "success_rate": 100.0,
      "timestamp": "2025-12-24T15:16:09.466583"
    },
    {
      "symbol": "ENSUSDT",
      "status": "COMPLETED",
      "total_candles": 200,
      "processed_candles": 200,
      "success_rate": 100.0,
      "timestamp": "2025-12-24T15:16:11.353731"
    },
    {
      "symbol": "COOKIEUSDT",
      "status": "COMPLETED",
      "total_candles": 200,
      "processed_candles": 200,
      "success_rate": 100.0,
      "timestamp": "2025-12-24T15:16:13.298978"
    },
    {
      "symbol": "ARPAUSDT",
      "status": "COMPLETED",
      "total_candles": 200,
      "processed_candles": 200,
      "success_rate": 100.0,
      "timestamp": "2025-12-24T15:16:15.188351"
    },
    {
      "symbol": "ONGUSDT",
      "status": "COMPLETED",
      "total_candles": 200,
      "processed_candles": 200,
      "success_rate": 100.0,
      "timestamp": "2025-12-24T15:16:18.313442"
    },
    {
      "symbol": "TSTUSDT",
      "status": "COMPLETED",
      "total_candles": 200,
      "processed_candles": 200,
      "success_rate": 100.0,
      "timestamp": "2025-12-24T15:16:21.105919"
    },
    {
      "symbol": "ACMUSDT",
      "status": "COMPLETED",
      "total_candles": 200,
      "processed_candles": 200,
      "success_rate": 100.0,
      "timestamp": "2025-12-24T15:16:24.055126"
    },
    {
      "symbol": "PENGUUSDT",
      "status": "COMPLETED",
      "total_candles": 200,
      "processed_candles": 200,
      "success_rate": 100.0,
      "timestamp": "2025-12-24T15:16:27.924423"
    },
    {
      "symbol": "ALPINEUSDT",
      "status": "COMPLETED",
      "total_candles": 200,
      "processed_candles": 200,
      "success_rate": 100.0,
      "timestamp": "2025-12-24T15:16:30.122709"
    },
    {
      "symbol": "RAREUSDT",
      "status": "COMPLETED",
      "total_candles": 200,
      "processed_candles": 200,
      "success_rate": 100.0,
      "timestamp": "2025-12-24T15:16:32.119778"
    },
    {
      "symbol": "SCRUSDT",
      "status": "COMPLETED",
      "total_candles": 200,
      "processed_candles": 200,
      "success_rate": 100.0,
      "timestamp": "2025-12-24T15:16:34.107093"
    },
    {
      "symbol": "OPENUSDT",
      "status": "COMPLETED",
      "total_candles": 200,
      "processed_candles": 200,
      "success_rate": 100.0,
      "timestamp": "2025-12-24T15:16:36.228917"
    },
    {
      "symbol": "IDEXUSDT",
      "status": "COMPLETED",
      "total_candles": 200,
      "processed_candles": 200,
      "success_rate": 100.0,
      "timestamp": "2025-12-24T15:16:38.216671"
    },
    {
      "symbol": "BABYUSDT",
      "status": "COMPLETED",
      "total_candles": 200,
      "processed_candles": 200,
      "success_rate": 100.0,
      "timestamp": "2025-12-24T15:16:40.184970"
    },
    {
      "symbol": "AXSUSDT",
      "status": "COMPLETED",
      "total_candles": 200,
      "processed_candles": 200,
      "success_rate": 100.0,
      "timestamp": "2025-12-24T15:16:42.140395"
    },
    {
      "symbol": "STORJUSDT",
      "status": "COMPLETED",
      "total_candles": 200,
      "processed_candles": 200,
      "success_rate": 100.0,
      "timestamp": "2025-12-24T15:16:44.213655"
    },
    {
      "symbol": "AWEUSDT",
      "status": "COMPLETED",
      "total_candles": 200,
      "processed_candles": 200,
      "success_rate": 100.0,
      "timestamp": "2025-12-24T15:16:46.132068"
    },
    {
      "symbol": "VANRYUSDT",
      "status": "COMPLETED",
      "total_candles": 200,
      "processed_candles": 200,
      "success_rate": 100.0,
      "timestamp": "2025-12-24T15:16:48.089605"
    },
    {
      "symbol": "DOGEUSDT",
      "status": "COMPLETED",
      "total_candles": 200,
      "processed_candles": 200,
      "success_rate": 100.0,
      "timestamp": "2025-12-24T15:16:50.073448"
    },
    {
      "symbol": "SXTUSDT",
      "status": "COMPLETED",
      "total_candles": 200,
      "processed_candles": 200,
      "success_rate": 100.0,
      "timestamp": "2025-12-24T15:16:52.127933"
    },
    {
      "symbol": "SHELLUSDT",
      "status": "COMPLETED",
      "total_candles": 200,
      "processed_candles": 200,
      "success_rate": 100.0,
      "timestamp": "2025-12-24T15:16:54.250166"
    },
    {
      "symbol": "FORMUSDT",
      "status": "COMPLETED",
      "total_candles": 200,
      "processed_candles": 200,
      "success_rate": 100.0,
      "timestamp": "2025-12-24T15:16:56.234285"
    }
  ],
  "status": "COMPLETED"
}