{
  "block_id": 1,
  "start_time": "2025-12-27T16:59:51.421679",
  "end_time": "2025-12-27T17:01:07.111237",
  "duration_seconds": 75.689558,
  "summary": {
    "total_coins": 50,
    "coins_completed": 48,
    "coins_failed": 0,
    "coins_no_data": 2,
    "total_candles": 9600,
    "processed_candles": 4817,
    "success_rate": 50.177083333333336
  },
  "coin_results": [
    {
      "symbol": "REQUSDT",
      "status": "COMPLETED",
      "total_candles": 200,
      "processed_candles": 101,
      "success_rate": 50.5,
      "timestamp": "2025-12-27T16:59:52.728478"
    },
    {
      "symbol": "APTUSDT",
      "status": "COMPLETED",
      "total_candles": 200,
      "processed_candles": 101,
      "success_rate": 50.5,
      "timestamp": "2025-12-27T16:59:54.333985"
    },
    {
      "symbol": "XVGUSDT",
      "status": "COMPLETED",
      "total_candles": 200,
      "processed_candles": 101,
      "success_rate": 50.5,
      "timestamp": "2025-12-27T16:59:55.950137"
    },
    {
      "symbol": "STRAXUSDT",
      "status": "COMPLETED",
      "total_candles": 200,
      "processed_candles": 101,
      "success_rate": 50.5,
      "timestamp": "2025-12-27T16:59:58.355190"
    },
    {
      "symbol": "YFIUSDT",
      "status": "COMPLETED",
      "total_candles": 200,
      "processed_candles": 70,
      "success_rate": 35.0,
      "timestamp": "2025-12-27T16:59:59.827277"
    },
    {
      "symbol": "AAVEUSDT",
      "status": "COMPLETED",
      "total_candles": 200,
      "processed_candles": 101,
      "success_rate": 50.5,
      "timestamp": "2025-12-27T17:00:01.425740"
    },
    {
      "symbol": "PIVXUSDT",
      "status": "COMPLETED",
      "total_candles": 200,
      "processed_candles": 101,
      "success_rate": 50.5,
      "timestamp": "2025-12-27T17:00:02.986912"
    },
    {
      "symbol": "STGUSDT",
      "status": "COMPLETED",
      "total_candles": 200,
      "processed_candles": 101,
      "success_rate": 50.5,
      "timestamp": "2025-12-27T17:00:04.456953"
    },
    {
      "symbol": "ZENUSDT",
      "status": "COMPLETED",
      "total_candles": 200,
      "processed_candles": 101,
      "success_rate": 50.5,
      "timestamp": "2025-12-27T17:00:06.085760"
    },
    {
      "symbol": "LISTAUSDT",
      "status": "COMPLETED",
      "total_candles": 200,
      "processed_candles": 101,
      "success_rate": 50.5,
      "timestamp": "2025-12-27T17:00:07.571513"
    },
    {
      "symbol": "DYDXUSDT",
      "status": "COMPLETED",
      "total_candles": 200,
      "processed_candles": 101,
      "success_rate": 50.5,
      "timestamp": "2025-12-27T17:00:09.071317"
    },
    {
      "symbol": "AGLDUSDT",
      "status": "COMPLETED",
      "total_candles": 200,
      "processed_candles": 101,
      "success_rate": 50.5,
      "timestamp": "2025-12-27T17:00:10.601736"
    },
    {
      "symbol": "ARUSDT",
      "status": "COMPLETED",
      "total_candles": 200,
      "processed_candles": 101,
      "success_rate": 50.5,
      "timestamp": "2025-12-27T17:00:12.125185"
    },
    {
      "symbol": "NILUSDT",
      "status": "COMPLETED",
      "total_candles": 200,
      "processed_candles": 101,
      "success_rate": 50.5,
      "timestamp": "2025-12-27T17:00:13.680778"
    },
    {
      "symbol": "GMXUSDT",
      "status": "COMPLETED",
      "total_candles": 200,
      "processed_candles": 101,
      "success_rate": 50.5,
      "timestamp": "2025-12-27T17:00:15.396898"
    },
    {
      "symbol": "HAEDALUSDT",
      "status": "COMPLETED",
      "total_candles": 200,
      "processed_candles": 101,
      "success_rate": 50.5,
      "timestamp": "2025-12-27T17:00:16.994236"
    },
    {
      "symbol": "PRIMEUSDT",
      "status": "NO_DATA",
      "processed": 0
    },
    {
      "symbol": "COWUSDT",
      "status": "COMPLETED",
      "total_candles": 200,
      "processed_candles": 101,
      "success_rate": 50.5,
      "timestamp": "2025-12-27T17:00:18.641893"
    },
    {
      "symbol": "AIUSDT",
      "status": "COMPLETED",
      "total_candles": 200,
      "processed_candles": 101,
      "success_rate": 50.5,
      "timestamp": "2025-12-27T17:00:20.279356"
    },
    {
      "symbol": "ACEUSDT",
      "status": "COMPLETED",
      "total_candles": 200,
      "processed_candles": 101,
      "success_rate": 50.5,
      "timestamp": "2025-12-27T17:00:21.827271"
    },
    {
      "symbol": "EURUSDT",
      "status": "COMPLETED",
      "total_candles": 200,
      "processed_candles": 101,
      "success_rate": 50.5,
      "timestamp": "2025-12-27T17:00:23.291484"
    },
    {
      "symbol": "RAYUSDT",
      "status": "COMPLETED",
      "total_candles": 200,
      "processed_candles": 101,
      "success_rate": 50.5,
      "timestamp": "2025-12-27T17:00:24.834889"
    },
    {
      "symbol": "ELFUSDT",
      "status": "COMPLETED",
      "total_candles": 200,
      "processed_candles": 101,
      "success_rate": 50.5,
      "timestamp": "2025-12-27T17:00:26.448894"
    },
    {
      "symbol": "WANUSDT",
      "status": "COMPLETED",
      "total_candles": 200,
      "processed_candles": 101,
      "success_rate": 50.5,
      "timestamp": "2025-12-27T17:00:27.925504"
    },
    {
      "symbol": "METUSDT",
      "status": "COMPLETED",
      "total_candles": 200,
      "processed_candles": 101,
      "success_rate": 50.5,
      "timestamp": "2025-12-27T17:00:29.491130"
    },
    {
      "symbol": "JTOUSDT",
      "status": "COMPLETED",
      "total_candles": 200,
      "processed_candles": 101,
      "success_rate": 50.5,
      "timestamp": "2025-12-27T17:00:31.049467"
    },
    {
      "symbol": "TUTUSDT",
      "status": "COMPLETED",
      "total_candles": 200,
      "processed_candles": 101,
      "success_rate": 50.5,
      "timestamp": "2025-12-27T17:00:32.745403"
    },
    {
      "symbol": "GRTUSDT",
      "status": "COMPLETED",
      "total_candles": 200,
      "processed_candles": 101,
      "success_rate": 50.5,
      "timestamp": "2025-12-27T17:00:34.211196"
    },
    {
      "symbol": "WCTUSDT",
      "status": "COMPLETED",
      "total_candles": 200,
      "processed_candles": 101,
      "success_rate": 50.5,
      "timestamp": "2025-12-27T17:00:35.720031"
    },
    {
      "symbol": "EIGENUSDT",
      "status": "COMPLETED",
      "total_candles": 200,
      "processed_candles": 101,
      "success_rate": 50.5,
      "timestamp": "2025-12-27T17:00:37.201899"
    },
    {
      "symbol": "NEWTUSDT",
      "status": "COMPLETED",
      "total_candles": 200,
      "processed_candles": 101,
      "success_rate": 50.5,
      "timestamp": "2025-12-27T17:00:38.678828"
    },
    {
      "symbol": "LGCTUSDT",
      "status": "NO_DATA",
      "processed": 0
    },
    {
      "symbol": "SXPUSDT",
      "status": "COMPLETED",
      "total_candles": 200,
      "processed_candles": 101,
      "success_rate": 50.5,
      "timestamp": "2025-12-27T17:00:40.400406"
    },
    {
      "symbol": "VANAUSDT",
      "status": "COMPLETED",
      "total_candles": 200,
      "processed_candles": 101,
      "success_rate": 50.5,
      "timestamp": "2025-12-27T17:00:41.977036"
    },
    {
      "symbol": "COTIUSDT",
      "status": "COMPLETED",
      "total_candles": 200,
      "processed_candles": 101,
      "success_rate": 50.5,
      "timestamp": "2025-12-27T17:00:43.509769"
    },
    {
      "symbol": "KERNELUSDT",
      "status": "COMPLETED",
      "total_candles": 200,
      "processed_candles": 101,
      "success_rate": 50.5,
      "timestamp": "2025-12-27T17:00:45.117172"
    },
    {
      "symbol": "DYMUSDT",
      "status": "COMPLETED",
      "total_candles": 200,
      "processed_candles": 101,
      "success_rate": 50.5,
      "timestamp": "2025-12-27T17:00:46.836402"
    },
    {
      "symbol": "BEAMXUSDT",
      "status": "COMPLETED",
      "total_candles": 200,
      "processed_candles": 101,
      "success_rate": 50.5,
      "timestamp": "2025-12-27T17:00:48.344244"
    },
    {
      "symbol": "NTRNUSDT",
      "status": "COMPLETED",
      "total_candles": 200,
      "processed_candles": 101,
      "success_rate": 50.5,
      "timestamp": "2025-12-27T17:00:49.911051"
    },
    {
      "symbol": "TIAUSDT",
      "status": "COMPLETED",
      "total_candles": 200,
      "processed_candles": 101,
      "success_rate": 50.5,
      "timestamp": "2025-12-27T17:00:51.526308"
    },
    {
      "symbol": "TUSDT",
      "status": "COMPLETED",
      "total_candles": 200,
      "processed_candles": 101,
      "success_rate": 50.5,
      "timestamp": "2025-12-27T17:00:52.952617"
    },
    {
      "symbol": "RDNTUSDT",
      "status": "COMPLETED",
      "total_candles": 200,
      "processed_candles": 101,
      "success_rate": 50.5,
      "timestamp": "2025-12-27T17:00:54.444184"
    },
    {
      "symbol": "ARPAUSDT",
      "status": "COMPLETED",
      "total_candles": 200,
      "processed_candles": 101,
      "success_rate": 50.5,
      "timestamp": "2025-12-27T17:00:56.008571"
    },
    {
      "symbol": "ARKUSDT",
      "status": "COMPLETED",
      "total_candles": 200,
      "processed_candles": 101,
      "success_rate": 50.5,
      "timestamp": "2025-12-27T17:00:57.577572"
    },
    {
      "symbol": "ATOMUSDT",
      "status": "COMPLETED",
      "total_candles": 200,
      "processed_candles": 101,
      "success_rate": 50.5,
      "timestamp": "2025-12-27T17:00:59.161713"
    },
    {
      "symbol": "RADUSDT",
      "status": "COMPLETED",
      "total_candles": 200,
      "processed_candles": 101,
      "success_rate": 50.5,
      "timestamp": "2025-12-27T17:01:00.802712"
    },
    {
      "symbol": "ENAUSDT",
      "status": "COMPLETED",
      "total_candles": 200,
      "processed_candles": 101,
      "success_rate": 50.5,
      "timestamp": "2025-12-27T17:01:02.320862"
    },
    {
      "symbol": "AWEUSDT",
      "status": "COMPLETED",
      "total_candles": 200,
      "processed_candles": 101,
      "success_rate": 50.5,
      "timestamp": "2025-12-27T17:01:03.875486"
    },
    {
      "symbol": "SCUSDT",
      "status": "COMPLETED",
      "total_candles": 200,
      "processed_candles": 101,
      "success_rate": 50.5,
      "timestamp": "2025-12-27T17:01:05.408571"
    },
    {
      "symbol": "CTSIUSDT",
      "status": "COMPLETED",
      "total_candles": 200,
      "processed_candles": 101,
      "success_rate": 50.5,
      "timestamp": "2025-12-27T17:01:07.111237"
    }
  ],
  "status": "COMPLETED"
}