{
  "block_id": 4,
  "start_time": "2025-12-24T15:00:44.676941",
  "end_time": "2025-12-24T15:02:40.921266",
  "duration_seconds": 116.244325,
  "summary": {
    "total_coins": 49,
    "coins_completed": 46,
    "coins_failed": 0,
    "coins_no_data": 3,
    "total_candles": 9200,
    "processed_candles": 9200,
    "success_rate": 100.0
  },
  "coin_results": [
    {
      "symbol": "ENJUSDT",
      "status": "COMPLETED",
      "total_candles": 200,
      "processed_candles": 200,
      "success_rate": 100.0,
      "timestamp": "2025-12-24T15:00:47.129594"
    },
    {
      "symbol": "NKNUSDT",
      "status": "COMPLETED",
      "total_candles": 200,
      "processed_candles": 200,
      "success_rate": 100.0,
      "timestamp": "2025-12-24T15:00:49.493820"
    },
    {
      "symbol": "ASTERUSDT",
      "status": "COMPLETED",
      "total_candles": 200,
      "processed_candles": 200,
      "success_rate": 100.0,
      "timestamp": "2025-12-24T15:00:51.748868"
    },
    {
      "symbol": "LSKUSDT",
      "status": "COMPLETED",
      "total_candles": 200,
      "processed_candles": 200,
      "success_rate": 100.0,
      "timestamp": "2025-12-24T15:00:54.005083"
    },
    {
      "symbol": "LAZIOUSDT",
      "status": "COMPLETED",
      "total_candles": 200,
      "processed_candles": 200,
      "success_rate": 100.0,
      "timestamp": "2025-12-24T15:00:56.220490"
    },
    {
      "symbol": "TKOUSDT",
      "status": "COMPLETED",
      "total_candles": 200,
      "processed_candles": 200,
      "success_rate": 100.0,
      "timestamp": "2025-12-24T15:01:00.370391"
    },
    {
      "symbol": "STGUSDT",
      "status": "COMPLETED",
      "total_candles": 200,
      "processed_candles": 200,
      "success_rate": 100.0,
      "timestamp": "2025-12-24T15:01:03.416081"
    },
    {
      "symbol": "JUVUSDT",
      "status": "COMPLETED",
      "total_candles": 200,
      "processed_candles": 200,
      "success_rate": 100.0,
      "timestamp": "2025-12-24T15:01:05.521779"
    },
    {
      "symbol": "SYNUSDT",
      "status": "COMPLETED",
      "total_candles": 200,
      "processed_candles": 200,
      "success_rate": 100.0,
      "timestamp": "2025-12-24T15:01:07.719883"
    },
    {
      "symbol": "CHRUSDT",
      "status": "COMPLETED",
      "total_candles": 200,
      "processed_candles": 200,
      "success_rate": 100.0,
      "timestamp": "2025-12-24T15:01:09.881016"
    },
    {
      "symbol": "POWRUSDT",
      "status": "COMPLETED",
      "total_candles": 200,
      "processed_candles": 200,
      "success_rate": 100.0,
      "timestamp": "2025-12-24T15:01:12.244157"
    },
    {
      "symbol": "UXPLUSDT",
      "status": "NO_DATA",
      "processed": 0
    },
    {
      "symbol": "OKBUSDT",
      "status": "NO_DATA",
      "processed": 0
    },
    {
      "symbol": "AVICIUSDT",
      "status": "NO_DATA",
      "processed": 0
    },
    {
      "symbol": "LQTYUSDT",
      "status": "COMPLETED",
      "total_candles": 200,
      "processed_candles": 200,
      "success_rate": 100.0,
      "timestamp": "2025-12-24T15:01:14.865638"
    },
    {
      "symbol": "KITEUSDT",
      "status": "COMPLETED",
      "total_candles": 200,
      "processed_candles": 200,
      "success_rate": 100.0,
      "timestamp": "2025-12-24T15:01:17.151672"
    },
    {
      "symbol": "ETHUSDT",
      "status": "COMPLETED",
      "total_candles": 200,
      "processed_candles": 200,
      "success_rate": 100.0,
      "timestamp": "2025-12-24T15:01:19.782958"
    },
    {
      "symbol": "AUCTIONUSDT",
      "status": "COMPLETED",
      "total_candles": 200,
      "processed_candles": 200,
      "success_rate": 100.0,
      "timestamp": "2025-12-24T15:01:24.202697"
    },
    {
      "symbol": "ANKRUSDT",
      "status": "COMPLETED",
      "total_candles": 200,
      "processed_candles": 200,
      "success_rate": 100.0,
      "timestamp": "2025-12-24T15:01:28.123597"
    },
    {
      "symbol": "FETUSDT",
      "status": "COMPLETED",
      "total_candles": 200,
      "processed_candles": 200,
      "success_rate": 100.0,
      "timestamp": "2025-12-24T15:01:30.609912"
    },
    {
      "symbol": "NMRUSDT",
      "status": "COMPLETED",
      "total_candles": 200,
      "processed_candles": 200,
      "success_rate": 100.0,
      "timestamp": "2025-12-24T15:01:32.801227"
    },
    {
      "symbol": "ARBUSDT",
      "status": "COMPLETED",
      "total_candles": 200,
      "processed_candles": 200,
      "success_rate": 100.0,
      "timestamp": "2025-12-24T15:01:35.150306"
    },
    {
      "symbol": "SAHARAUSDT",
      "status": "COMPLETED",
      "total_candles": 200,
      "processed_candles": 200,
      "success_rate": 100.0,
      "timestamp": "2025-12-24T15:01:37.349290"
    },
    {
      "symbol": "MTLUSDT",
      "status": "COMPLETED",
      "total_candles": 200,
      "processed_candles": 200,
      "success_rate": 100.0,
      "timestamp": "2025-12-24T15:01:40.342827"
    },
    {
      "symbol": "DATAUSDT",
      "status": "COMPLETED",
      "total_candles": 200,
      "processed_candles": 200,
      "success_rate": 100.0,
      "timestamp": "2025-12-24T15:01:44.001178"
    },
    {
      "symbol": "RDNTUSDT",
      "status": "COMPLETED",
      "total_candles": 200,
      "processed_candles": 200,
      "success_rate": 100.0,
      "timestamp": "2025-12-24T15:01:46.582411"
    },
    {
      "symbol": "ADAUSDT",
      "status": "COMPLETED",
      "total_candles": 200,
      "processed_candles": 200,
      "success_rate": 100.0,
      "timestamp": "2025-12-24T15:01:49.671392"
    },
    {
      "symbol": "AGLDUSDT",
      "status": "COMPLETED",
      "total_candles": 200,
      "processed_candles": 200,
      "success_rate": 100.0,
      "timestamp": "2025-12-24T15:01:52.977591"
    },
    {
      "symbol": "LINKUSDT",
      "status": "COMPLETED",
      "total_candles": 200,
      "processed_candles": 200,
      "success_rate": 100.0,
      "timestamp": "2025-12-24T15:01:56.213695"
    },
    {
      "symbol": "SUIUSDT",
      "status": "COMPLETED",
      "total_candles": 200,
      "processed_candles": 200,
      "success_rate": 100.0,
      "timestamp": "2025-12-24T15:01:58.548593"
    },
    {
      "symbol": "UMAUSDT",
      "status": "COMPLETED",
      "total_candles": 200,
      "processed_candles": 200,
      "success_rate": 100.0,
      "timestamp": "2025-12-24T15:02:00.947545"
    },
    {
      "symbol": "BICOUSDT",
      "status": "COMPLETED",
      "total_candles": 200,
      "processed_candles": 200,
      "success_rate": 100.0,
      "timestamp": "2025-12-24T15:02:03.084688"
    },
    {
      "symbol": "ZKUSDT",
      "status": "COMPLETED",
      "total_candles": 200,
      "processed_candles": 200,
      "success_rate": 100.0,
      "timestamp": "2025-12-24T15:02:05.231655"
    },
    {
      "symbol": "ROSEUSDT",
      "status": "COMPLETED",
      "total_candles": 200,
      "processed_candles": 200,
      "success_rate": 100.0,
      "timestamp": "2025-12-24T15:02:07.370154"
    },
    {
      "symbol": "TUTUSDT",
      "status": "COMPLETED",
      "total_candles": 200,
      "processed_candles": 200,
      "success_rate": 100.0,
      "timestamp": "2025-12-24T15:02:09.383820"
    },
    {
      "symbol": "DFUSDT",
      "status": "COMPLETED",
      "total_candles": 200,
      "processed_candles": 200,
      "success_rate": 100.0,
      "timestamp": "2025-12-24T15:02:11.575104"
    },
    {
      "symbol": "RUNEUSDT",
      "status": "COMPLETED",
      "total_candles": 200,
      "processed_candles": 200,
      "success_rate": 100.0,
      "timestamp": "2025-12-24T15:02:13.896020"
    },
    {
      "symbol": "GNOUSDT",
      "status": "COMPLETED",
      "total_candles": 200,
      "processed_candles": 200,
      "success_rate": 100.0,
      "timestamp": "2025-12-24T15:02:15.996381"
    },
    {
      "symbol": "NEXOUSDT",
      "status": "COMPLETED",
      "total_candles": 200,
      "processed_candles": 200,
      "success_rate": 100.0,
      "timestamp": "2025-12-24T15:02:18.148074"
    },
    {
      "symbol": "IOSTUSDT",
      "status": "COMPLETED",
      "total_candles": 200,
      "processed_candles": 200,
      "success_rate": 100.0,
      "timestamp": "2025-12-24T15:02:20.210774"
    },
    {
      "symbol": "SANDUSDT",
      "status": "COMPLETED",
      "total_candles": 200,
      "processed_candles": 200,
      "success_rate": 100.0,
      "timestamp": "2025-12-24T15:02:22.525165"
    },
    {
      "symbol": "ZKCUSDT",
      "status": "COMPLETED",
      "total_candles": 200,
      "processed_candles": 200,
      "success_rate": 100.0,
      "timestamp": "2025-12-24T15:02:24.879163"
    },
    {
      "symbol": "DUSDT",
      "status": "COMPLETED",
      "total_candles": 200,
      "processed_candles": 200,
      "success_rate": 100.0,
      "timestamp": "2025-12-24T15:02:27.383939"
    },
    {
      "symbol": "BANKUSDT",
      "status": "COMPLETED",
      "total_candles": 200,
      "processed_candles": 200,
      "success_rate": 100.0,
      "timestamp": "2025-12-24T15:02:29.719806"
    },
    {
      "symbol": "USTCUSDT",
      "status": "COMPLETED",
      "total_candles": 200,
      "processed_candles": 200,
      "success_rate": 100.0,
      "timestamp": "2025-12-24T15:02:32.112705"
    },
    {
      "symbol": "ARKMUSDT",
      "status": "COMPLETED",
      "total_candles": 200,
      "processed_candles": 200,
      "success_rate": 100.0,
      "timestamp": "2025-12-24T15:02:34.442864"
    },
    {
      "symbol": "COTIUSDT",
      "status": "COMPLETED",
      "total_candles": 200,
      "processed_candles": 200,
      "success_rate": 100.0,
      "timestamp": "2025-12-24T15:02:36.424737"
    },
    {
      "symbol": "POLUSDT",
      "status": "COMPLETED",
      "total_candles": 200,
      "processed_candles": 200,
      "success_rate": 100.0,
      "timestamp": "2025-12-24T15:02:38.658953"
    },
    {
      "symbol": "HIGHUSDT",
      "status": "COMPLETED",
      "total_candles": 200,
      "processed_candles": 200,
      "success_rate": 100.0,
      "timestamp": "2025-12-24T15:02:40.920266"
    }
  ],
  "status": "COMPLETED"
}