{
  "block_id": 1,
  "start_time": "2025-12-24T14:49:44.132784",
  "end_time": "2025-12-24T14:50:38.152369",
  "duration_seconds": 54.019585,
  "summary": {
    "total_coins": 23,
    "coins_completed": 23,
    "coins_failed": 0,
    "coins_no_data": 0,
    "total_candles": 4600,
    "processed_candles": 4600,
    "success_rate": 100.0
  },
  "coin_results": [
    {
      "symbol": "NTRNUSDT",
      "status": "COMPLETED",
      "total_candles": 200,
      "processed_candles": 200,
      "success_rate": 100.0,
      "timestamp": "2025-12-24T14:49:45.907463"
    },
    {
      "symbol": "GALAUSDT",
      "status": "COMPLETED",
      "total_candles": 200,
      "processed_candles": 200,
      "success_rate": 100.0,
      "timestamp": "2025-12-24T14:49:47.729604"
    },
    {
      "symbol": "OGUSDT",
      "status": "COMPLETED",
      "total_candles": 200,
      "processed_candles": 200,
      "success_rate": 100.0,
      "timestamp": "2025-12-24T14:49:49.599874"
    },
    {
      "symbol": "NEOUSDT",
      "status": "COMPLETED",
      "total_candles": 200,
      "processed_candles": 200,
      "success_rate": 100.0,
      "timestamp": "2025-12-24T14:49:51.545070"
    },
    {
      "symbol": "REDUSDT",
      "status": "COMPLETED",
      "total_candles": 200,
      "processed_candles": 200,
      "success_rate": 100.0,
      "timestamp": "2025-12-24T14:49:53.469610"
    },
    {
      "symbol": "JASMYUSDT",
      "status": "COMPLETED",
      "total_candles": 200,
      "processed_candles": 200,
      "success_rate": 100.0,
      "timestamp": "2025-12-24T14:49:56.762423"
    },
    {
      "symbol": "TIAUSDT",
      "status": "COMPLETED",
      "total_candles": 200,
      "processed_candles": 200,
      "success_rate": 100.0,
      "timestamp": "2025-12-24T14:50:00.445360"
    },
    {
      "symbol": "WLFIUSDT",
      "status": "COMPLETED",
      "total_candles": 200,
      "processed_candles": 200,
      "success_rate": 100.0,
      "timestamp": "2025-12-24T14:50:03.501268"
    },
    {
      "symbol": "ACHUSDT",
      "status": "COMPLETED",
      "total_candles": 200,
      "processed_candles": 200,
      "success_rate": 100.0,
      "timestamp": "2025-12-24T14:50:05.480228"
    },
    {
      "symbol": "DCRUSDT",
      "status": "COMPLETED",
      "total_candles": 200,
      "processed_candles": 200,
      "success_rate": 100.0,
      "timestamp": "2025-12-24T14:50:07.472989"
    },
    {
      "symbol": "AIXBTUSDT",
      "status": "COMPLETED",
      "total_candles": 200,
      "processed_candles": 200,
      "success_rate": 100.0,
      "timestamp": "2025-12-24T14:50:09.547101"
    },
    {
      "symbol": "BARUSDT",
      "status": "COMPLETED",
      "total_candles": 200,
      "processed_candles": 200,
      "success_rate": 100.0,
      "timestamp": "2025-12-24T14:50:11.466644"
    },
    {
      "symbol": "LISTAUSDT",
      "status": "COMPLETED",
      "total_candles": 200,
      "processed_candles": 200,
      "success_rate": 100.0,
      "timestamp": "2025-12-24T14:50:13.653704"
    },
    {
      "symbol": "MINAUSDT",
      "status": "COMPLETED",
      "total_candles": 200,
      "processed_candles": 200,
      "success_rate": 100.0,
      "timestamp": "2025-12-24T14:50:15.770503"
    },
    {
      "symbol": "CATIUSDT",
      "status": "COMPLETED",
      "total_candles": 200,
      "processed_candles": 200,
      "success_rate": 100.0,
      "timestamp": "2025-12-24T14:50:17.753505"
    },
    {
      "symbol": "GLMUSDT",
      "status": "COMPLETED",
      "total_candles": 200,
      "processed_candles": 200,
      "success_rate": 100.0,
      "timestamp": "2025-12-24T14:50:20.429631"
    },
    {
      "symbol": "BNTUSDT",
      "status": "COMPLETED",
      "total_candles": 200,
      "processed_candles": 200,
      "success_rate": 100.0,
      "timestamp": "2025-12-24T14:50:24.010285"
    },
    {
      "symbol": "SAPIENUSDT",
      "status": "COMPLETED",
      "total_candles": 200,
      "processed_candles": 200,
      "success_rate": 100.0,
      "timestamp": "2025-12-24T14:50:27.523984"
    },
    {
      "symbol": "TRBUSDT",
      "status": "COMPLETED",
      "total_candles": 200,
      "processed_candles": 200,
      "success_rate": 100.0,
      "timestamp": "2025-12-24T14:50:29.594083"
    },
    {
      "symbol": "QKCUSDT",
      "status": "COMPLETED",
      "total_candles": 200,
      "processed_candles": 200,
      "success_rate": 100.0,
      "timestamp": "2025-12-24T14:50:31.646129"
    },
    {
      "symbol": "ICXUSDT",
      "status": "COMPLETED",
      "total_candles": 200,
      "processed_candles": 200,
      "success_rate": 100.0,
      "timestamp": "2025-12-24T14:50:33.736791"
    },
    {
      "symbol": "BTCUSDT",
      "status": "COMPLETED",
      "total_candles": 200,
      "processed_candles": 200,
      "success_rate": 100.0,
      "timestamp": "2025-12-24T14:50:36.041765"
    },
    {
      "symbol": "GRTUSDT",
      "status": "COMPLETED",
      "total_candles": 200,
      "processed_candles": 200,
      "success_rate": 100.0,
      "timestamp": "2025-12-24T14:50:38.152369"
    }
  ],
  "status": "COMPLETED"
}