{
  "block_id": 12,
  "start_time": "2025-12-24T15:13:27.413522",
  "end_time": "2025-12-24T15:14:09.699160",
  "duration_seconds": 42.285638,
  "summary": {
    "total_coins": 21,
    "coins_completed": 20,
    "coins_failed": 0,
    "coins_no_data": 1,
    "total_candles": 4000,
    "processed_candles": 4000,
    "success_rate": 100.0
  },
  "coin_results": [
    {
      "symbol": "STRKUSDT",
      "status": "COMPLETED",
      "total_candles": 200,
      "processed_candles": 200,
      "success_rate": 100.0,
      "timestamp": "2025-12-24T15:13:29.176997"
    },
    {
      "symbol": "TREEUSDT",
      "status": "COMPLETED",
      "total_candles": 200,
      "processed_candles": 200,
      "success_rate": 100.0,
      "timestamp": "2025-12-24T15:13:31.150372"
    },
    {
      "symbol": "PLUMEUSDT",
      "status": "COMPLETED",
      "total_candles": 200,
      "processed_candles": 200,
      "success_rate": 100.0,
      "timestamp": "2025-12-24T15:13:33.016176"
    },
    {
      "symbol": "DEXEUSDT",
      "status": "COMPLETED",
      "total_candles": 200,
      "processed_candles": 200,
      "success_rate": 100.0,
      "timestamp": "2025-12-24T15:13:34.887011"
    },
    {
      "symbol": "A2ZUSDT",
      "status": "COMPLETED",
      "total_candles": 200,
      "processed_candles": 200,
      "success_rate": 100.0,
      "timestamp": "2025-12-24T15:13:36.785240"
    },
    {
      "symbol": "MLNUSDT",
      "status": "COMPLETED",
      "total_candles": 200,
      "processed_candles": 200,
      "success_rate": 100.0,
      "timestamp": "2025-12-24T15:13:38.619842"
    },
    {
      "symbol": "QTUMUSDT",
      "status": "COMPLETED",
      "total_candles": 200,
      "processed_candles": 200,
      "success_rate": 100.0,
      "timestamp": "2025-12-24T15:13:40.490296"
    },
    {
      "symbol": "CTKUSDT",
      "status": "COMPLETED",
      "total_candles": 200,
      "processed_candles": 200,
      "success_rate": 100.0,
      "timestamp": "2025-12-24T15:13:42.473627"
    },
    {
      "symbol": "ASTRUSDT",
      "status": "COMPLETED",
      "total_candles": 200,
      "processed_candles": 200,
      "success_rate": 100.0,
      "timestamp": "2025-12-24T15:13:44.443027"
    },
    {
      "symbol": "OCEANUSDT",
      "status": "COMPLETED",
      "total_candles": 200,
      "processed_candles": 200,
      "success_rate": 100.0,
      "timestamp": "2025-12-24T15:13:46.324478"
    },
    {
      "symbol": "ATOMUSDT",
      "status": "COMPLETED",
      "total_candles": 200,
      "processed_candles": 200,
      "success_rate": 100.0,
      "timestamp": "2025-12-24T15:13:48.215816"
    },
    {
      "symbol": "FLOWUSDT",
      "status": "COMPLETED",
      "total_candles": 200,
      "processed_candles": 200,
      "success_rate": 100.0,
      "timestamp": "2025-12-24T15:13:50.161908"
    },
    {
      "symbol": "PUNDIXUSDT",
      "status": "COMPLETED",
      "total_candles": 200,
      "processed_candles": 200,
      "success_rate": 100.0,
      "timestamp": "2025-12-24T15:13:52.105234"
    },
    {
      "symbol": "ZRXUSDT",
      "status": "COMPLETED",
      "total_candles": 200,
      "processed_candles": 200,
      "success_rate": 100.0,
      "timestamp": "2025-12-24T15:13:54.693806"
    },
    {
      "symbol": "MAVUSDT",
      "status": "COMPLETED",
      "total_candles": 200,
      "processed_candles": 200,
      "success_rate": 100.0,
      "timestamp": "2025-12-24T15:13:57.734810"
    },
    {
      "symbol": "NIZAUSDT",
      "status": "NO_DATA",
      "processed": 0
    },
    {
      "symbol": "THETAUSDT",
      "status": "COMPLETED",
      "total_candles": 200,
      "processed_candles": 200,
      "success_rate": 100.0,
      "timestamp": "2025-12-24T15:14:01.656647"
    },
    {
      "symbol": "MASKUSDT",
      "status": "COMPLETED",
      "total_candles": 200,
      "processed_candles": 200,
      "success_rate": 100.0,
      "timestamp": "2025-12-24T15:14:03.653186"
    },
    {
      "symbol": "DOLOUSDT",
      "status": "COMPLETED",
      "total_candles": 200,
      "processed_candles": 200,
      "success_rate": 100.0,
      "timestamp": "2025-12-24T15:14:05.611892"
    },
    {
      "symbol": "PIXELUSDT",
      "status": "COMPLETED",
      "total_candles": 200,
      "processed_candles": 200,
      "success_rate": 100.0,
      "timestamp": "2025-12-24T15:14:07.642793"
    },
    {
      "symbol": "SUNUSDT",
      "status": "COMPLETED",
      "total_candles": 200,
      "processed_candles": 200,
      "success_rate": 100.0,
      "timestamp": "2025-12-24T15:14:09.699160"
    }
  ],
  "status": "COMPLETED"
}