{
  "metadata": {
    "report_id": "BLOCK_001_20251225_180251",
    "block_id": 1,
    "generated_at": "2025-12-25T18:02:51.347256",
    "cycle": 5,
    "version": "1.0.0"
  },
  "statistics": {
    "total_signals": 5,
    "signals_by_type": {
      "BUY": 0,
      "SELL": 3,
      "NEUTRAL": 2
    },
    "total_decisions": 5,
    "executed_decisions": 5,
    "rejected_decisions": 0,
    "approval_rate": 100.0,
    "avg_confidence": 56.0,
    "telegram_notifications": 0
  },
  "portfolio_metrics": {
    "total_capital_usd": 1000,
    "allocated_capital_usd": 130.0,
    "capital_utilization_percent": 13.0,
    "positions_count": 5
  },
  "risk_metrics": {
    "high_risk_positions": 0,
    "medium_risk_positions": 3,
    "low_risk_positions": 2
  },
  "telegram_status": {
    "enabled": false,
    "notifications_sent": 0
  },
  "top_decisions": [
    {
      "rank": 1,
      "symbol": "XUSDUSDT",
      "signal_type": "SELL",
      "decision_type": "EXECUTE_SELL",
      "confidence_score": 60,
      "position_size_usd": 30.0,
      "risk_level": "MEDIUM",
      "telegram_sent": false
    },
    {
      "rank": 2,
      "symbol": "NMRUSDT",
      "signal_type": "SELL",
      "decision_type": "EXECUTE_SELL",
      "confidence_score": 60,
      "position_size_usd": 30.0,
      "risk_level": "MEDIUM",
      "telegram_sent": false
    },
    {
      "rank": 3,
      "symbol": "HAEDALUSDT",
      "signal_type": "SELL",
      "decision_type": "EXECUTE_SELL",
      "confidence_score": 60,
      "position_size_usd": 30.0,
      "risk_level": "MEDIUM",
      "telegram_sent": false
    },
    {
      "rank": 4,
      "symbol": "ACAUSDT",
      "signal_type": "NEUTRAL",
      "decision_type": "EXECUTE_NEUTRAL",
      "confidence_score": 50,
      "position_size_usd": 20.0,
      "risk_level": "LOW",
      "telegram_sent": false
    },
    {
      "rank": 5,
      "symbol": "ACAUSDT",
      "signal_type": "NEUTRAL",
      "decision_type": "EXECUTE_NEUTRAL",
      "confidence_score": 50,
      "position_size_usd": 20.0,
      "risk_level": "LOW",
      "telegram_sent": false
    }
  ]
}