{
  "report_id": "BLOCK_001_20251225_165357",
  "block_id": 1,
  "timestamp": "2025-12-25T16:53:57.651209",
  "total_decisions": 3,
  "approved_decisions": 3,
  "rejected_decisions": 0,
  "approval_rate": 100.0,
  "total_capital_usd": 10000.0,
  "allocated_capital_usd": 750.0,
  "capital_utilization": 7.5,
  "total_risk_usd": 15.0,
  "total_expected_profit_usd": 30.0,
  "avg_risk_reward": 2.0,
  "execution_time_sec": 0.007999,
  "top_coins": [
    {
      "symbol": "ETHUSDT",
      "score": 72.14031240285622,
      "decision": "EXECUTE_BUY",
      "capital": 250.0,
      "leverage": 2.442806248057124,
      "risk_reward": 2.0
    },
    {
      "symbol": "BNBUSDT",
      "score": 71.66015162767263,
      "decision": "EXECUTE_SELL",
      "capital": 250.0,
      "leverage": 2.4332030325534526,
      "risk_reward": 2.0
    },
    {
      "symbol": "BTCUSDT",
      "score": 42.34787907072293,
      "decision": "EXECUTE_BUY",
      "capital": 250.0,
      "leverage": 1.8469575814144585,
      "risk_reward": 2.0
    }
  ],
  "errors": []
}