{
  "report_id": "BLOCK_001_20251225_010342",
  "block_id": 1,
  "timestamp": "2025-12-25T01:03:42.652945",
  "total_decisions": 3,
  "approved_decisions": 3,
  "rejected_decisions": 0,
  "approval_rate": 100.0,
  "total_capital_usd": 10000.0,
  "allocated_capital_usd": 750.0,
  "capital_utilization": 7.5,
  "total_risk_usd": 15.0,
  "total_expected_profit_usd": 30.0,
  "avg_risk_reward": 2.0,
  "execution_time_sec": 0.005985,
  "top_coins": [
    {
      "symbol": "ETHUSDT",
      "score": 76.2329252785489,
      "decision": "EXECUTE_BUY",
      "capital": 250.0,
      "leverage": 2.524658505570978,
      "risk_reward": 2.0
    },
    {
      "symbol": "BTCUSDT",
      "score": 73.64004747594855,
      "decision": "EXECUTE_BUY",
      "capital": 250.0,
      "leverage": 2.472800949518971,
      "risk_reward": 2.0
    },
    {
      "symbol": "BNBUSDT",
      "score": 46.24153070837368,
      "decision": "EXECUTE_SELL",
      "capital": 250.0,
      "leverage": 1.9248306141674736,
      "risk_reward": 2.0
    }
  ],
  "errors": []
}