{
  "report_id": "BLOCK_001_20251224_220721",
  "block_id": 1,
  "timestamp": "2025-12-24T22:07:21.294154",
  "total_decisions": 3,
  "approved_decisions": 3,
  "rejected_decisions": 0,
  "approval_rate": 100.0,
  "total_capital_usd": 10000.0,
  "allocated_capital_usd": 750.0,
  "capital_utilization": 7.5,
  "total_risk_usd": 15.0,
  "total_expected_profit_usd": 30.0,
  "avg_risk_reward": 2.0,
  "execution_time_sec": 0.005989,
  "top_coins": [
    {
      "symbol": "BNBUSDT",
      "score": 75.97022681108191,
      "decision": "EXECUTE_SELL",
      "capital": 250.0,
      "leverage": 2.5194045362216384,
      "risk_reward": 2.0
    },
    {
      "symbol": "ETHUSDT",
      "score": 67.53623147631502,
      "decision": "EXECUTE_BUY",
      "capital": 250.0,
      "leverage": 2.3507246295263005,
      "risk_reward": 2.0
    },
    {
      "symbol": "BTCUSDT",
      "score": 44.850287617234855,
      "decision": "EXECUTE_BUY",
      "capital": 250.0,
      "leverage": 1.8970057523446973,
      "risk_reward": 2.0
    }
  ],
  "errors": []
}