{
  "analysis_timestamp": "2025-12-24T15:46:56.701000",
  "project_root": "C:\\Users\\Kamal\\Desktop\\py-prg\\git\\c-data",
  "analysis": {
    "summary": {
      "total_blocks": 15,
      "total_coins": 437,
      "processed_blocks": 15,
      "successful_blocks": 15,
      "failed_blocks": 0,
      "progress_percentage": 100.0,
      "overall_status": "success",
      "start_time": "2025-12-24T14:56:05.841659",
      "end_time": "2025-12-24T15:17:45.058745",
      "total_execution_time_seconds": 1158.959699
    },
    "block_stats": [
      {
        "block_id": 1,
        "coin_count": 23,
        "status": "success",
        "execution_time": 67.722015,
        "stages_times": {
          "cycle_02": 6.514167,
          "cycle_03": 56.814599,
          "cycle_04": 0.36597
        },
        "sample_coins": [
          "NTRNUSDT",
          "GALAUSDT",
          "OGUSDT",
          "NEOUSDT",
          "REDUSDT"
        ]
      },
      {
        "block_id": 2,
        "coin_count": 11,
        "status": "success",
        "execution_time": 38.220487,
        "stages_times": {
          "cycle_02": 2.114144,
          "cycle_03": 31.702636,
          "cycle_04": 0.368808
        },
        "sample_coins": [
          "PONDUSDT",
          "BANANAS31USDT",
          "OGNUSDT",
          "RENDERUSDT",
          "JOEUSDT"
        ]
      },
      {
        "block_id": 3,
        "coin_count": 45,
        "status": "success",
        "execution_time": 137.606029,
        "stages_times": {
          "cycle_02": 19.965071,
          "cycle_03": 113.007322,
          "cycle_04": 0.604705
        },
        "sample_coins": [
          "C98USDT",
          "ENSOUSDT",
          "IOTXUSDT",
          "MORPHOUSDT",
          "HNTUSDT"
        ]
      },
      {
        "block_id": 4,
        "coin_count": 49,
        "status": "success",
        "execution_time": 124.294075,
        "stages_times": {
          "cycle_02": 3.002751,
          "cycle_03": 116.479235,
          "cycle_04": 0.76441
        },
        "sample_coins": [
          "ENJUSDT",
          "NKNUSDT",
          "ASTERUSDT",
          "LSKUSDT",
          "LAZIOUSDT"
        ]
      },
      {
        "block_id": 5,
        "coin_count": 27,
        "status": "success",
        "execution_time": 66.947046,
        "stages_times": {
          "cycle_02": 3.097233,
          "cycle_03": 59.377987,
          "cycle_04": 0.443306
        },
        "sample_coins": [
          "GMTUSDT",
          "VETUSDT",
          "MITOUSDT",
          "IQUSDT",
          "HBARUSDT"
        ]
      },
      {
        "block_id": 6,
        "coin_count": 29,
        "status": "success",
        "execution_time": 82.016341,
        "stages_times": {
          "cycle_02": 11.389571,
          "cycle_03": 66.121487,
          "cycle_04": 0.461836
        },
        "sample_coins": [
          "USDSUSDT",
          "HOLOUSDT",
          "ZILUSDT",
          "TUSDT",
          "PSGUSDT"
        ]
      },
      {
        "block_id": 7,
        "coin_count": 29,
        "status": "success",
        "execution_time": 64.287967,
        "stages_times": {
          "cycle_02": 1.844991,
          "cycle_03": 57.931645,
          "cycle_04": 0.471887
        },
        "sample_coins": [
          "DODOUSDT",
          "ILVUSDT",
          "HEMIUSDT",
          "FTTUSDT",
          "CUSDT"
        ]
      },
      {
        "block_id": 8,
        "coin_count": 29,
        "status": "success",
        "execution_time": 77.684141,
        "stages_times": {
          "cycle_02": 5.109668,
          "cycle_03": 67.987187,
          "cycle_04": 0.531846
        },
        "sample_coins": [
          "IOUSDT",
          "WUSDT",
          "NOSUSDT",
          "LPTUSDT",
          "RESOLVUSDT"
        ]
      },
      {
        "block_id": 9,
        "coin_count": 25,
        "status": "success",
        "execution_time": 75.106744,
        "stages_times": {
          "cycle_02": 1.956463,
          "cycle_03": 68.274077,
          "cycle_04": 0.828008
        },
        "sample_coins": [
          "WALUSDT",
          "NILUSDT",
          "EGLDUSDT",
          "SANTOSUSDT",
          "WANUSDT"
        ]
      },
      {
        "block_id": 10,
        "coin_count": 40,
        "status": "success",
        "execution_time": 102.993101,
        "stages_times": {
          "cycle_02": 2.519362,
          "cycle_03": 95.685101,
          "cycle_04": 0.657319
        },
        "sample_coins": [
          "BEAMXUSDT",
          "TRXUSDT",
          "SYSUSDT",
          "COWUSDT",
          "SGBUSDT"
        ]
      },
      {
        "block_id": 11,
        "coin_count": 41,
        "status": "success",
        "execution_time": 89.307546,
        "stages_times": {
          "cycle_02": 2.022999,
          "cycle_03": 82.454306,
          "cycle_04": 0.756159
        },
        "sample_coins": [
          "HOMEUSDT",
          "MOVEUSDT",
          "CFXUSDT",
          "XVGUSDT",
          "INITUSDT"
        ]
      },
      {
        "block_id": 12,
        "coin_count": 21,
        "status": "success",
        "execution_time": 49.915787,
        "stages_times": {
          "cycle_02": 2.959771,
          "cycle_03": 42.502107,
          "cycle_04": 0.404483
        },
        "sample_coins": [
          "STRKUSDT",
          "TREEUSDT",
          "PLUMEUSDT",
          "DEXEUSDT",
          "A2ZUSDT"
        ]
      },
      {
        "block_id": 13,
        "coin_count": 44,
        "status": "success",
        "execution_time": 89.270624,
        "stages_times": {
          "cycle_02": 2.508616,
          "cycle_03": 82.106653,
          "cycle_04": 0.601094
        },
        "sample_coins": [
          "XTZUSDT",
          "ICPUSDT",
          "MMTUSDT",
          "KAVAUSDT",
          "MELANIAUSDT"
        ]
      },
      {
        "block_id": 14,
        "coin_count": 23,
        "status": "success",
        "execution_time": 57.235113,
        "stages_times": {
          "cycle_02": 2.045853,
          "cycle_03": 50.72884,
          "cycle_04": 0.416367
        },
        "sample_coins": [
          "PAXGUSDT",
          "METISUSDT",
          "ENSUSDT",
          "COOKIEUSDT",
          "ARPAUSDT"
        ]
      },
      {
        "block_id": 15,
        "coin_count": 1,
        "status": "success",
        "execution_time": 36.352683,
        "stages_times": {
          "cycle_02": 29.492412,
          "cycle_03": 2.350661,
          "cycle_04": 0.46455
        },
        "sample_coins": [
          "PYTHUSDT"
        ]
      }
    ],
    "coin_stats": [],
    "candle_analysis": {},
    "indicator_analysis": {
      "indicator_data": {},
      "indicator_coverage_summary": {},
      "total_indicators_found": 0,
      "total_symbols_with_indicators": 0
    },
    "performance_metrics": {
      "processing_efficiency": {
        "seconds_per_coin": 2.652,
        "coins_per_minute": 22.62,
        "total_processing_hours": 0.322
      },
      "data_quality": {},
      "resource_utilization": {}
    }
  }
}