{
  "cycle_id": "cycle_20251223_013703",
  "block_id": 2,
  "timestamp": "2025-12-23T12:17:31.423230",
  "analysis_summary": {
    "total_coins": 16,
    "coins_analyzed": 0,
    "coins_with_errors": 16,
    "total_issues": 16,
    "quality_distribution": {},
    "average_quality_score": 0,
    "trend_distribution": {
      "up": 0,
      "down": 0,
      "neutral": 0
    }
  },
  "coin_analysis": {
    "ARUSDT": {
      "symbol": "ARUSDT",
      "error": "no_data",
      "total_candles": 0,
      "data_quality_score": 0,
      "data_quality_level": "very_poor"
    },
    "QNTUSDT": {
      "symbol": "QNTUSDT",
      "error": "no_data",
      "total_candles": 0,
      "data_quality_score": 0,
      "data_quality_level": "very_poor"
    },
    "SXTUSDT": {
      "symbol": "SXTUSDT",
      "error": "no_data",
      "total_candles": 0,
      "data_quality_score": 0,
      "data_quality_level": "very_poor"
    },
    "LISTAUSDT": {
      "symbol": "LISTAUSDT",
      "error": "no_data",
      "total_candles": 0,
      "data_quality_score": 0,
      "data_quality_level": "very_poor"
    },
    "SGBUSDT": {
      "symbol": "SGBUSDT",
      "error": "no_data",
      "total_candles": 0,
      "data_quality_score": 0,
      "data_quality_level": "very_poor"
    },
    "ALTUSDT": {
      "symbol": "ALTUSDT",
      "error": "no_data",
      "total_candles": 0,
      "data_quality_score": 0,
      "data_quality_level": "very_poor"
    },
    "DODOUSDT": {
      "symbol": "DODOUSDT",
      "error": "no_data",
      "total_candles": 0,
      "data_quality_score": 0,
      "data_quality_level": "very_poor"
    },
    "MAGICUSDT": {
      "symbol": "MAGICUSDT",
      "error": "no_data",
      "total_candles": 0,
      "data_quality_score": 0,
      "data_quality_level": "very_poor"
    },
    "BCHUSDT": {
      "symbol": "BCHUSDT",
      "error": "no_data",
      "total_candles": 0,
      "data_quality_score": 0,
      "data_quality_level": "very_poor"
    },
    "TOWNSUSDT": {
      "symbol": "TOWNSUSDT",
      "error": "no_data",
      "total_candles": 0,
      "data_quality_score": 0,
      "data_quality_level": "very_poor"
    },
    "APEUSDT": {
      "symbol": "APEUSDT",
      "error": "no_data",
      "total_candles": 0,
      "data_quality_score": 0,
      "data_quality_level": "very_poor"
    },
    "LSKUSDT": {
      "symbol": "LSKUSDT",
      "error": "no_data",
      "total_candles": 0,
      "data_quality_score": 0,
      "data_quality_level": "very_poor"
    },
    "TRBUSDT": {
      "symbol": "TRBUSDT",
      "error": "no_data",
      "total_candles": 0,
      "data_quality_score": 0,
      "data_quality_level": "very_poor"
    },
    "XRPUSDT": {
      "symbol": "XRPUSDT",
      "error": "no_data",
      "total_candles": 0,
      "data_quality_score": 0,
      "data_quality_level": "very_poor"
    },
    "NTRNUSDT": {
      "symbol": "NTRNUSDT",
      "error": "no_data",
      "total_candles": 0,
      "data_quality_score": 0,
      "data_quality_level": "very_poor"
    },
    "METISUSDT": {
      "symbol": "METISUSDT",
      "error": "no_data",
      "total_candles": 0,
      "data_quality_score": 0,
      "data_quality_level": "very_poor"
    }
  },
  "data_issues": [
    {
      "symbol": "ARUSDT",
      "issue": "no_data",
      "severity": "high",
      "details": "No klines data found in database"
    },
    {
      "symbol": "QNTUSDT",
      "issue": "no_data",
      "severity": "high",
      "details": "No klines data found in database"
    },
    {
      "symbol": "SXTUSDT",
      "issue": "no_data",
      "severity": "high",
      "details": "No klines data found in database"
    },
    {
      "symbol": "LISTAUSDT",
      "issue": "no_data",
      "severity": "high",
      "details": "No klines data found in database"
    },
    {
      "symbol": "SGBUSDT",
      "issue": "no_data",
      "severity": "high",
      "details": "No klines data found in database"
    },
    {
      "symbol": "ALTUSDT",
      "issue": "no_data",
      "severity": "high",
      "details": "No klines data found in database"
    },
    {
      "symbol": "DODOUSDT",
      "issue": "no_data",
      "severity": "high",
      "details": "No klines data found in database"
    },
    {
      "symbol": "MAGICUSDT",
      "issue": "no_data",
      "severity": "high",
      "details": "No klines data found in database"
    },
    {
      "symbol": "BCHUSDT",
      "issue": "no_data",
      "severity": "high",
      "details": "No klines data found in database"
    },
    {
      "symbol": "TOWNSUSDT",
      "issue": "no_data",
      "severity": "high",
      "details": "No klines data found in database"
    },
    {
      "symbol": "APEUSDT",
      "issue": "no_data",
      "severity": "high",
      "details": "No klines data found in database"
    },
    {
      "symbol": "LSKUSDT",
      "issue": "no_data",
      "severity": "high",
      "details": "No klines data found in database"
    },
    {
      "symbol": "TRBUSDT",
      "issue": "no_data",
      "severity": "high",
      "details": "No klines data found in database"
    },
    {
      "symbol": "XRPUSDT",
      "issue": "no_data",
      "severity": "high",
      "details": "No klines data found in database"
    },
    {
      "symbol": "NTRNUSDT",
      "issue": "no_data",
      "severity": "high",
      "details": "No klines data found in database"
    },
    {
      "symbol": "METISUSDT",
      "issue": "no_data",
      "severity": "high",
      "details": "No klines data found in database"
    }
  ],
  "quality_scores": {}
}